<?xml version='1.0' encoding='UTF-8'?>
<dataset>
    <concept_description  concept_description_id="18743"  concept_id="198953"  description="This is a characteristic rash identified during monkey pox screening"  locale="en"  creator="1"  date_created="2024-08-22 11:25:47"  uuid="c4774a8d-ecd0-4f44-a771-931d9fbb0b13"/>
    <concept_description  concept_description_id="18742"  concept_id="198952"  description="This is a characteristic rash identified during monkey pox screening"  locale="en"  creator="1"  date_created="2024-08-22 11:24:53"  uuid="d3dccc4c-3d0b-40de-ae4d-495fd714ff68"/>
    <concept_description  concept_description_id="18741"  concept_id="198951"  description="This is the concept for Exposure to a confirmed or probable case of Monkey Pox during screening."  locale="en"  creator="1"  date_created="2024-08-22 11:19:19"  uuid="240ec8c9-d5c5-4373-a2a9-91ead9ad4ffc"/>
    <concept_description  concept_description_id="18744"  concept_id="198960"  description="This is a concept that handles multiple sexual partners"  locale="en"  creator="1"  date_created="2024-08-28 09:39:14"   uuid="537648d8-309b-4a6c-9a58-b03760fe2ab2"/>
    <concept_description  concept_description_id="18745"  concept_id="199028"  description="The Unit Number for a Soldier"  locale="en"  creator="1"  date_created="2024-10-26 11:45:27" uuid="ddb8d834-7ffc-40b1-8820-73c4684b2da6"/>

    <concept_description  concept_description_id="18749"  concept_id="199032"  description="Lab Monitoring"  locale="en"  creator="1"  date_created="2025-01-19 21:37:34"  uuid="882c88c4-66d5-4f24-9652-07662e2b6c12"/>

    <concept_description  concept_description_id="18752"  concept_id="199048"  description="GMH-FSG"                                            locale="en"  creator="1"  date_created="2025-01-31 10:07:06"  uuid="b9b7c45f-3335-4ac9-b6dc-e4d5285a5b3a"/>
    <concept_description  concept_description_id="18755"  concept_id="199051"  description="GMH- Other Specify"                                 locale="en"  creator="1"  date_created="2025-01-31 10:08:37"  uuid="9955a8b5-9534-44de-927b-529294c3808d"/>
    <concept_description  concept_description_id="18756"  concept_id="199052"  description="GMH: Group models managed by HCW"                   locale="en"  creator="1"  date_created="2025-01-31 10:12:07"  uuid="7f0ee6f5-b427-44bc-9e56-271a161b6108"/>
    <concept_description  concept_description_id="18758"  concept_id="199054"  description="IMC-Drop in centers"                                locale="en"  creator="1"  date_created="2025-01-31 10:13:48"  uuid="21a52a58-d6d4-4fc3-a3fb-22c8b98feda2"/>
    <concept_description  concept_description_id="18759"  concept_id="199055"  description="IMC-Home ART delivery"                              locale="en"  creator="1"  date_created="2025-01-31 10:14:13"  uuid="1dcf33bc-9286-4071-9de4-cffaf4ffdec5"/>
    <concept_description  concept_description_id="18760"  concept_id="199056"  description="IMC- Other Specify"                                 locale="en"  creator="1"  date_created="2025-01-31 10:14:36"  uuid="efa18b88-6636-44e5-af60-6cecced8a2d5"/>
    <concept_description  concept_description_id="18761"  concept_id="199057"  description="IMC - Individual model based in community"          locale="en"  creator="1"  date_created="2025-01-31 10:16:08"  uuid="d4cf0e6d-e06f-44ba-bd3a-88070dfb175f"/>
    <concept_description  concept_description_id="18764"  concept_id="199060"  description="GMC- Other Specify"                                 locale="en"  creator="1"  date_created="2025-01-31 10:17:35"  uuid="b59e8ce5-17ec-4d42-8a21-cf080c7a47fd"/>
    <concept_description  concept_description_id="18765"  concept_id="199061"  description="GMC - Group models managed by client"               locale="en"  creator="1"  date_created="2025-01-31 10:19:55"  uuid="1c1db8a5-2f53-4fb9-a549-ed8c16c9b233"/>
    <concept_description  concept_description_id="18771"  concept_id="199067"  description="IMF-Other Specify"                                  locale="en"  creator="1"  date_created="2025-01-31 10:24:19"  uuid="bea66c4b-0282-4b04-9f97-dbe4757c7e35"/>
    <concept_description  concept_description_id="18772"  concept_id="199068"  description="IMF - Individual models based at facilities"        locale="en"  creator="1"  date_created="2025-01-31 10:26:55"  uuid="738b5e4f-03a9-4790-a80f-177b50dc76e9"/>
    <concept_description  concept_description_id="18773"  concept_id="199069"  description="DSDM Models"                                        locale="en"  creator="1"  date_created="2025-01-31 10:33:53"  uuid="3ad41bff-490e-40ea-ad5f-9a0148af8fdb"/>
    <concept_description  concept_description_id="18774"  concept_id="199070"  description="Ready to start and Initiate"                        locale="en"  creator="1"  date_created="2025-01-31 10:49:59"  uuid="822d269c-af89-4392-b6e2-47b956c818b1"/>
    <concept_description  concept_description_id="18775"  concept_id="199071"  description="Intensive Adherence counseling and support"         locale="en"  creator="1"  date_created="2025-01-31 10:55:13"  uuid="a5f2d9ae-bbd0-4a03-b3aa-8ece3ec3357a"/>
    <concept_description  concept_description_id="18776"  concept_id="199072"  description="Appointment tracking and followup of lost clients"  locale="en"  creator="1"  date_created="2025-01-31 10:56:04"  uuid="34d510a6-41ba-4afa-b85d-71ceab43a213"/>
    <concept_description  concept_description_id="18777"  concept_id="199073"  description="Pre-ART Counseling"                                 locale="en"  creator="1"  date_created="2025-01-31 10:57:37"  uuid="aa8afd4c-cbc3-486e-92c2-a9b0c2672d7b"/>
    <concept_description  concept_description_id="18778"  concept_id="199074"  description="Mobilize for Index testing"                         locale="en"  creator="1"  date_created="2025-01-31 11:00:40"  uuid="23b84f5a-2774-4543-a6bf-dffb5b39eaa2"/>
    <concept_description  concept_description_id="18779"  concept_id="199075"  description="Distribution of HIVST Kits"                         locale="en"  creator="1"  date_created="2025-01-31 11:01:48"  uuid="e4a09c31-d813-44b5-a986-0480ab8d5e37"/>
    <concept_description  concept_description_id="18780"  concept_id="199076"  description="P – Pharmacy"                                       locale="en"  creator="1"  date_created="2025-01-31 11:06:56"  uuid="b4325fc7-fedb-457e-894c-7adfe4e9af38"/>
    <concept_description  concept_description_id="18781"  concept_id="199077"  description="S – School (visit)"                                 locale="en"  creator="1"  date_created="2025-01-31 11:07:49"  uuid="a43be22c-5c51-4493-b219-0fb7f9179fce"/>
    <concept_description  concept_description_id="18782"  concept_id="199078"  description="V – Virtual Support"                                locale="en"  creator="1"  date_created="2025-01-31 11:08:26"  uuid="0b291238-1d7a-4e0c-baa2-76dbc2d1fcf6"/>
    <concept_description  concept_description_id="18783"  concept_id="199079"  description="Arrange"                                            locale="en"  creator="1"  date_created="2025-01-31 11:13:14"  uuid="064c9c80-b5b2-4548-8bfb-31db5012aae8"/>

    <concept_description  concept_description_id="18784"  concept_id="199089"  description="EPI"                                           locale="en"  creator="1"  date_created="2025-02-17 13:46:12"  uuid="22dd3c6d-91eb-45ed-abdc-7b8c51e24784"/>
    <concept_description  concept_description_id="18785"  concept_id="199090"  description="HIVST Positive"                                locale="en"  creator="1"  date_created="2025-02-17 13:58:17"  uuid="c7d331a1-6e3c-4038-895f-bdff63ae905b"/>
    <concept_description  concept_description_id="18786"  concept_id="199091"  description="EMTCT ANC2+"                                   locale="en"  creator="1"  date_created="2025-02-17 14:00:04"  uuid="4de24e75-fd64-44f2-a2aa-fcb452b09373"/>
    <concept_description  concept_description_id="18787"  concept_id="199092"  description="Social Economic services"                      locale="en"  creator="1"  date_created="2025-02-17 15:15:48"  uuid="fbc154b1-fadd-4578-9727-73ce651e1f6a"/>
    <concept_description  concept_description_id="18788"  concept_id="199093"  description="HIV Positive Client has been linked for care"  locale="en"  creator="1"  date_created="2025-02-17 15:25:29"  uuid="40538de9-83c4-4597-87ae-0c7b82fcfa48"/>
    <concept_description  concept_description_id="18789"  concept_id="199094"  description="HIV Final Test Results"                        locale="en"  creator="1"  date_created="2025-02-17 15:30:50"  uuid="40d06a01-dde9-4faf-9110-78398132a542"/>
    <concept_description  concept_description_id="18790"  concept_id="199095"  description="HIV Test Results"                              locale="en"  creator="1"  date_created="2025-02-17 15:33:26"  uuid="92da8778-ca8d-422c-bc52-f3d4e379831f"/>
    <concept_description  concept_description_id="18791"  concept_id="199096"  description="Test result the last time you tested"          locale="en"  creator="1"  date_created="2025-02-17 15:40:15"  uuid="a5e5b076-1bba-40db-8090-abe644d2fb5e"/>

    <concept_description  concept_description_id="18792"  concept_id="199097"  description="Client tested for HIV during this appointment"  locale="en"  creator="1"  date_created="2025-02-18 11:36:44"  uuid="22d80ec4-ca2e-4ba4-aa25-455f99032a4e"/>
    <concept_description  concept_description_id="18793"  concept_id="199098"  description="HTS Offered to the client"                      locale="en"  creator="1"  date_created="2025-02-18 11:37:41"  uuid="31641c64-0526-4f8b-872d-ec4d3416c63f"/>
    <concept_description  concept_description_id="18794"  concept_id="199099"  description="Reusable"                                       locale="en"  creator="1"  date_created="2025-02-18 12:18:37"  uuid="68c1deeb-6961-497a-8e7a-a202490b6300"/>
    <concept_description  concept_description_id="18795"  concept_id="199100"  description="Disposable"                                     locale="en"  creator="1"  date_created="2025-02-18 12:19:01"  uuid="4ffc66a0-7a62-4d34-8351-92aa605c7444"/>
    <concept_description  concept_description_id="18796"  concept_id="199101"  description="Instruments used"                               locale="en"  creator="1"  date_created="2025-02-18 12:22:09"  uuid="3ce1f3dc-b463-4d04-92cc-88eb921141fb"/>
    <concept_description  concept_description_id="18797"  concept_id="199102"  description="Excessive skin removal"                         locale="en"  creator="1"  date_created="2025-02-18 12:25:56"  uuid="da6cda46-86d2-4172-a80f-b86be893168b"/>
    <concept_description  concept_description_id="18798"  concept_id="199103"  description="Date of SMC followup visit"                     locale="en"  creator="1"  date_created="2025-02-18 12:37:08"  uuid="db06a931-5894-4800-b9c2-f93fdbdae9eb"/>
    <concept_description  concept_description_id="18799"  concept_id="199104"  description="3-7 days"                                       locale="en"  creator="1"  date_created="2025-02-18 12:44:04"  uuid="59f99101-d24f-4deb-80fd-719d557694d3"/>
    <concept_description  concept_description_id="18800"  concept_id="199105"  description="8-14 days"                                      locale="en"  creator="1"  date_created="2025-02-18 12:44:58"  uuid="8edde350-c5f8-4294-a841-81c2a2351f91"/>
    <concept_description  concept_description_id="18801"  concept_id="199106"  description="Greater than 14 days"                                       locale="en"  creator="1"  date_created="2025-02-18 13:16:20"  uuid="535d70ae-09fb-4fd8-95ea-c419987ed16f"/>
    <concept_description  concept_description_id="18802"  concept_id="199107"  description="Within 48 hours"                                locale="en"  creator="1"  date_created="2025-02-18 13:18:14"  uuid="9ca33d87-6ea9-4527-8320-9d4815eb41ba"/>
    <concept_description  concept_description_id="18803"  concept_id="199109"  description="Unbearable pain"                                locale="en"  creator="1"  date_created="2025-02-18 13:26:19"  uuid="c431c685-0a5e-48b0-9a96-b36084736bb3"/>
    <concept_description  concept_description_id="18804"  concept_id="199110"  description="Device displacement"                            locale="en"  creator="1"  date_created="2025-02-18 13:26:22"  uuid="fc26f8de-6f35-464e-be06-c927f91cb477"/>
    <concept_description  concept_description_id="18805"  concept_id="199111"  description="Other Adverse effect"                           locale="en"  creator="1"  date_created="2025-02-18 13:28:29"  uuid="fa69d23d-3662-4b99-8dab-1da291b2b5e1"/>
    <concept_description  concept_description_id="18806"  concept_id="199112"  description="Intervention given"                             locale="en"  creator="1"  date_created="2025-02-18 13:29:48"  uuid="5f8281d5-c036-4e52-8fc9-53d070381d1c"/>

    <concept_description  concept_description_id="18807"  concept_id="199336"  description="Computerized Tomography (CT) scan of the Paranasal Sinuses (PNS) is a diagnostic procedure where rotating beams of X-rays are used to create cross sectional images of the PNS, which are air filled hollow spaces in the facial bones surrounding the nasal cavities. These can then be used to create a three dimensional image of the Paranasal Sinuses which helps to assess and diagnose any suspected diseases of the sinuses."  locale="en"  creator="1"  date_created="2025-03-24 12:11:51"  uuid="cf611aec-2dfb-45d7-987f-f37982ff6b50"/>
    <concept_description  concept_description_id="18808"  concept_id="199338"  description="An imaging study of chest that uses x-rays to compute tomography and produce cross-sectional images"  locale="en"  creator="1"  date_created="2025-03-24 12:30:04"  uuid="dad30184-dadc-4c94-a189-57139d9a0a81"/>
    <concept_description  concept_description_id="18809"  concept_id="199339"  description="Radiographic imaging taken after swallowing barium sulphate. Used to diagnose structural or motility disorders of esophagus."  locale="en"  creator="1"  date_created="2025-03-24 12:31:33" uuid="d8e5ab76-cda9-4385-a6a5-29cee5158f51"/>
    <concept_description  concept_description_id="18810"  concept_id="199340"  description="Sonogram test to diagnose pregnancy and fetal abnormality."  locale="en"  creator="1"  date_created="2025-03-24 12:33:15"   uuid="8793f7e2-1c3b-4ec4-bfd9-7862f7b263b2"/>
    <concept_description  concept_description_id="18811"  concept_id="199349"  description="Galactogram"  locale="en"  creator="1"  date_created="2025-03-24 12:42:15"  uuid="fac263f2-a7f6-4422-96e1-91bc80b87632"/>
    <concept_description  concept_description_id="18812"  concept_id="199352"  description="orthopantomogram is a panoramic single image radiograph of the mandible, maxilla and teeth."  locale="en"  creator="1"  date_created="2025-03-24 12:43:43"  uuid="b569ce80-7db2-47ed-99ac-bbdc72a64f67"/>
    <concept_description  concept_description_id="18813"  concept_id="199354"  description="Convenient set for all imaging modalities"  locale="en"  creator="1"  date_created="2025-03-24 12:45:36"     uuid="ea850a0c-ac06-42ac-8c81-9abacc93c714"/>
    <concept_description  concept_description_id="18814"  concept_id="199357"  description="Endoscopic evaluation of urinary bladder"  locale="en"  creator="1"  date_created="2025-03-24 13:06:53"      uuid="c5d7821d-48ee-4933-bba8-63bc9e642d20"/>
    <concept_description  concept_description_id="18815"  concept_id="199358"  description="Endoscopic evaluation of uterine cavity"  locale="en"  creator="1"  date_created="2025-03-24 13:07:34"       uuid="7939f83e-b723-4870-a88b-0035b7accf01"/>
    <concept_description  concept_description_id="18816"  concept_id="199359"  description="The visual examination of the uterine cervix"  locale="en"  creator="1"  date_created="2025-03-24 13:09:23"  uuid="c1fbeb74-1dd2-4bee-811d-4d65aaa37c35"/>
    <concept_description  concept_description_id="18817"  concept_id="199360"  description="Brachytherapy is a form of radiotherapy where the radiation material is placed near to or inside the target cancer"  locale="en"  creator="1"  date_created="2025-03-24 13:11:13"    uuid="8c08ed9a-62fc-4134-9c4d-81324f827af3"/>
    <concept_description  concept_description_id="18818"  concept_id="199362"  description="Separation of pubic symphysis at the level of cartilage to widen the pelvis"  locale="en"  creator="1"  date_created="2025-03-24 13:12:38"  uuid="3fae795f-bfda-42c6-8ae1-82ddbb780b54"/>
    <concept_description  concept_description_id="18819"  concept_id="199364"  description="Body structure"  locale="en"  creator="1"  date_created="2025-03-24 13:16:27"   uuid="75b23f8e-9fa5-46ec-a3f0-806c7f8398a0"/>
    <concept_description  concept_description_id="18820"  concept_id="199365"  description="Body structure"  locale="en"  creator="1"  date_created="2025-03-24 13:18:09"    uuid="3d2c23d2-6857-47f2-95f4-53051e943de9"/>
    <concept_description  concept_description_id="18821"  concept_id="199366"  description="Body structure"  locale="en"  creator="1"  date_created="2025-03-24 13:21:23"  uuid="ac081af9-2540-4736-9fec-cc25c9e14b85"/>
    <concept_description  concept_description_id="18822"  concept_id="199368"  description="The physical part of the skin where an IV line was inserted. This is not a question which receives an answer of a particular location."  locale="en"  creator="1"  date_created="2025-03-24 13:24:47"  uuid="4b3ea32b-f465-49b6-b3a4-e4366590c6d0"/>
    <concept_description  concept_description_id="18823"  concept_id="199369"  description="Question identifying site of bleeding"  locale="en"  creator="1"  date_created="2025-03-24 13:25:00"  uuid="1d1e23f6-29a5-4612-8180-461cdc6f8388"/>
    <concept_description  concept_description_id="18824"  concept_id="199371"  description="Used to describe the side of a physical finding or organ."  locale="en"  creator="1"  date_created="2025-03-24 13:29:38" uuid="99e3af5d-b9fe-4f75-8e6c-b84f94dc2a95"/>

    <concept_description  concept_description_id="18825"  concept_id="199461"  description="RX-2"  locale="en"  creator="1"  date_created="2025-05-17 01:52:12"   uuid="48faeacd-4e15-47fa-8afe-2cb224433e38"/>
    <concept_description  concept_description_id="18826"  concept_id="199460"  description="RX-1"  locale="en"  creator="1"  date_created="2025-05-17 01:53:35"   uuid="5cc95c94-01ea-4e32-9243-e97291a57e6c"/>
    <concept_description  concept_description_id="18827"  concept_id="199462"  description="+Ve-K"  locale="en"  creator="1"  date_created="2025-05-17 01:55:08"  uuid="07f791ee-abe4-4102-bfe3-9bc6b78b054f"/>
</dataset>