<?xml version='1.0' encoding='UTF-8'?>
<dataset>
        <concept_reference_term  concept_reference_term_id="305491"  concept_source_id="21"  name="Indication for Viral Load testing"  code="169116" creator="1"  date_created="2025-04-28 16:54:34" retired="0" uuid="769ea44f-e407-4f11-a9b2-cc9505737d06"/>
        <concept_reference_term  concept_reference_term_id="305490"  concept_source_id="1"  name="Current regimen"  code="133877004" creator="1"  date_created="2025-04-28 16:52:50" retired="0" uuid="11db2983-1ee0-4e35-ac62-4de178ea0c17"/>
        <concept_reference_term  concept_reference_term_id="305489"  concept_source_id="6"  name="Poor"  code="LA8969-3" creator="1"  date_created="2025-04-28 15:00:10" retired="0" uuid="a059e502-324c-423c-8bf8-78684e818b79"/>
        <concept_reference_term  concept_reference_term_id="305488"  concept_source_id="6"  name="Fair"  code="LA8968-5" creator="1"  date_created="2025-04-28 14:59:51" retired="0" uuid="4174f256-e42b-401c-ab3e-21786c0a82d1"/>
        <concept_reference_term  concept_reference_term_id="305487"  concept_source_id="6"  name="Good"  code="LA8967-7" creator="1"  date_created="2025-04-28 14:59:03" retired="0" uuid="a54b28e0-3c51-40e0-b05e-7446eed47538"/>
        <concept_reference_term  concept_reference_term_id="305486"  concept_source_id="6"  name="Treatment adherence"  code="LL5723-3" creator="1"  date_created="2025-04-28 14:58:35" retired="0" uuid="71b709e3-e5d2-46ab-9c57-85da0d404b49"/>
        <concept_reference_term  concept_reference_term_id="305485"  concept_source_id="21"  name="Current WHO HIV stage"  code="5356" creator="1"  date_created="2025-04-28 12:27:39" retired="0" uuid="e4b7692f-7997-4df0-a572-41b5dea932d8"/>
        <concept_reference_term  concept_reference_term_id="305484"  concept_source_id="1"  name="HIV Clinical STage"  code="385354005" creator="1"  date_created="2025-04-28 12:26:41" retired="0" uuid="cfddf610-beba-49ff-94c2-4b15c4e252bd"/>
        <concept_reference_term  concept_reference_term_id="305483"  concept_source_id="1"  name="Date treatment started"  code="413946009" creator="1"  date_created="2025-04-28 11:38:23" retired="0" uuid="011cecd0-4ae2-4010-865f-452f734b1d01"/>
        <concept_reference_term  concept_reference_term_id="305482"  concept_source_id="40"  name="ACTIVE TB"  code="202501002" creator="1"  date_created="2025-04-28 11:30:08" retired="0" uuid="9b08fbb5-c445-4f8f-9774-876835aeb665"/>
        <concept_reference_term  concept_reference_term_id="305481"  concept_source_id="1"  name="WHO Stage 4 adult"  code="103418009" creator="1"  date_created="2025-04-27 22:23:23" retired="0" uuid="a77e6411-0d23-4483-8a65-1ee153e07194"/>
        <concept_reference_term  concept_reference_term_id="305480"  concept_source_id="1"  name="WHO Stage 3 adult"  code="103417004" creator="1"  date_created="2025-04-27 22:20:10" retired="0" uuid="319f522d-3f0c-4774-8e7a-06e605b0ff11"/>
        <concept_reference_term  concept_reference_term_id="305479"  concept_source_id="1"  name="WHO Stage 2 Adult"  code="103416008" creator="1"  date_created="2025-04-27 22:18:27" retired="0" uuid="99a886d5-fb7e-47eb-8262-9baddf300f38"/>
        <concept_reference_term  concept_reference_term_id="305478"  concept_source_id="1"  name="HIV WHO Class I"  code="103415007" creator="1"  date_created="2025-04-27 22:15:03" retired="0" uuid="49dbb588-72a6-4a8b-95d7-3e0545fb20fa"/>
        <concept_reference_term  concept_reference_term_id="305477"  concept_source_id="6"  name="Breastfeeding status"  code="63895-7" creator="1"  date_created="2025-04-27 22:10:46" retired="0" uuid="577cb7c8-bc11-4de1-b3e0-3a438de8db52"/>
        <concept_reference_term  concept_reference_term_id="305476"  concept_source_id="6"  name="Pregnancy status"  code="82810-3" creator="1"  date_created="2025-04-27 22:03:56" retired="0" uuid="66984c2c-c19e-433a-97de-5d6239e94260"/>
        <concept_reference_term  concept_reference_term_id="305510"  concept_source_id="40"  name="Dried Blood Spot aka DBS"  code="202501022" creator="1"  date_created="2025-05-03 11:37:19" retired="0" uuid="d3740cb2-7062-4a69-bc19-5d4905b98377"/>
        <concept_reference_term  concept_reference_term_id="305509"  concept_source_id="40"  name="PLASMA"  code="202501023" creator="1"  date_created="2025-05-03 11:36:57" retired="0" uuid="15fc0de9-32cd-4cfb-9bfe-39c63ed11790"/>
        <concept_reference_term  concept_reference_term_id="305508"  concept_source_id="40"  name="Sample Type"  code="202501021" creator="1"  date_created="2025-05-03 11:34:38" retired="0" uuid="38d41aad-8e7b-48fc-9df5-ab3bd206158a"/>
        <concept_reference_term  concept_reference_term_id="305507"  concept_source_id="6"  name="Date and Time of Sample Collection"  code="33882-2" creator="1"  date_created="2025-05-03 11:33:54" retired="0" uuid="ceb73ca4-f58a-409f-a321-10d23b385c47"/>
        <concept_reference_term  concept_reference_term_id="305506"  concept_source_id="40"  name="Current Regimen"  code="202501020" creator="1"  date_created="2025-05-03 11:21:30" retired="0" uuid="21cccc8e-1edf-4e02-91b6-e9c546d93538"/>
        <concept_reference_term  concept_reference_term_id="305505"  concept_source_id="40"  name="Third Line"  code="202501019" creator="1"  date_created="2025-05-03 11:19:33" retired="0" uuid="b1a22e61-9a13-49ac-9753-b3b576f5ec8c"/>
        <concept_reference_term  concept_reference_term_id="305504"  concept_source_id="40"  name="Second line"  code="202501018" creator="1"  date_created="2025-05-03 11:18:54" retired="0" uuid="784e5725-f6f1-4d9c-bdcf-375d101abcb3"/>
        <concept_reference_term  concept_reference_term_id="305503"  concept_source_id="40"  name="First line"  code="202501017" creator="1"  date_created="2025-05-03 11:06:11" retired="0" uuid="2a68ece5-7f31-40af-b17c-35bd24e1ab5d"/>
        <concept_reference_term  concept_reference_term_id="305502"  concept_source_id="40"  name="Current Regimen Line"  code="202501016" creator="1"  date_created="2025-05-03 11:05:13" retired="0" uuid="b15b6d43-b65b-472d-b6a2-1aed46ba7fa4"/>
        <concept_reference_term  concept_reference_term_id="305501"  concept_source_id="40"  name="Suspected Treatment Failure"  code="202501012" creator="1"  date_created="2025-05-02 19:51:51" retired="0" uuid="e3e2a357-fc48-4131-9d47-238d87d2fc90"/>
        <concept_reference_term  concept_reference_term_id="305500"  concept_source_id="40"  name="12 months after ART initiation"  code="202501025" creator="1"  date_created="2025-05-02 19:50:06" retired="0" uuid="1055306d-931a-4e6f-9405-13930b681ce1"/>
        <concept_reference_term  concept_reference_term_id="305499"  concept_source_id="40"  name="Repeat (after IAC)"  code="202501024" creator="1"  date_created="2025-05-02 19:49:17" retired="0" uuid="fd4d5967-bfa3-4ba5-b499-66868125393b"/>
        <concept_reference_term  concept_reference_term_id="305498"  concept_source_id="40"  name="Routine Monitoring"  code="202501010" creator="1"  date_created="2025-05-02 19:33:50" retired="0" uuid="b561fe69-7639-42af-941a-b24d1b54568a"/>
        <concept_reference_term  concept_reference_term_id="305497"  concept_source_id="40"  name="1st ANC Visit"  code="202501014" creator="1"  date_created="2025-05-02 19:32:39" retired="0" uuid="b6061a02-63e2-4f10-9943-8deb43c05642"/>
        <concept_reference_term  concept_reference_term_id="305496"  concept_source_id="40"  name="6 months after ART initiation"  code="202501013" creator="1"  date_created="2025-05-02 19:31:27" retired="0" uuid="65e9417c-a889-49c5-9db6-e81821ff7997"/>
        <concept_reference_term  concept_reference_term_id="305495"  concept_source_id="40"  name="Indication for Viral Load testing"  code="202501009" creator="1"  date_created="2025-05-02 19:27:28" retired="0" uuid="ad725bd8-aff6-4df1-a98c-8f602152002c"/>
        <concept_reference_term  concept_reference_term_id="305494"  concept_source_id="21"  name="initial phase, tuberculosis treatment"  code="159795" creator="1"  date_created="2025-05-02 19:18:27" retired="0" uuid="89c0719e-fa89-49f3-aade-f480d7af9411"/>
        <concept_reference_term  concept_reference_term_id="305493"  concept_source_id="21"  name="continuation phase, tuberculosis treatment"  code="159794" creator="1"  date_created="2025-05-02 19:17:43" retired="0" uuid="48f8c966-e10f-4b2a-b076-f861b616a6cf"/>
        <concept_reference_term  concept_reference_term_id="305492"  concept_source_id="21"  name="tuberculosis treatment phase"  code="159792" creator="1"  date_created="2025-05-02 19:16:10" retired="0" uuid="473817f8-1118-4dde-b021-3615be17f35b"/>

        <concept_reference_term  concept_reference_term_id="305511"  concept_source_id="23"  code="Disposition"                 creator="1"  date_created="2025-05-22 13:03:42"  retired="0"   uuid="6e40a630-76e6-4092-a372-1a1c58fcac3e"/>
        <concept_reference_term  concept_reference_term_id="305512"  concept_source_id="23"  code="Admission Decision"          creator="1"  date_created="2025-05-22 13:05:56"  retired="0"   uuid="57c46e03-9cfd-4660-91c1-b972a04dc1a1"/>
        <concept_reference_term  concept_reference_term_id="305513"  concept_source_id="23"  code="Deny Admission"              creator="1"  date_created="2025-05-22 13:10:32"  retired="0"   uuid="e322f3e3-d210-4f36-a604-347861838018"/>
        <concept_reference_term  concept_reference_term_id="305514"  concept_source_id="21"  code="199500"                      creator="1"  date_created="2025-05-22 13:25:06"  retired="0"   uuid="599fa4b6-f660-40fa-ad4b-d1a8cb1f6dff"/>
        <concept_reference_term  concept_reference_term_id="305515"  concept_source_id="21"  code="199504"                      creator="1"  date_created="2025-05-22 13:26:23"  retired="0"   uuid="4a302360-17c8-4f07-8b8f-b25ad56e29ce"/>
        <concept_reference_term  concept_reference_term_id="305516"  concept_source_id="21"  code="199505"                      creator="1"  date_created="2025-05-22 13:27:32"  retired="0"   uuid="7967ea21-ffa0-4f9f-b903-5d2fa8d880f8"/>
        <concept_reference_term  concept_reference_term_id="305517"  concept_source_id="23"  code="Disposition Concept Set"     creator="1"  date_created="2025-05-22 13:35:42"  retired="0"   uuid="c5fcee7b-6e8e-4e52-aad4-e9a6310f7fb8"/>
        <concept_reference_term  concept_reference_term_id="305518"  concept_source_id="21"  code="199509"                      creator="1"  date_created="2025-05-22 13:36:10"  retired="0"   uuid="dfb57eb2-94e0-4ec1-8e51-8f2e08160249"/>
        <concept_reference_term  concept_reference_term_id="305519"  concept_source_id="23"  code="Internal Transfer Location"  creator="1"  date_created="2025-05-22 13:39:19"  retired="0"   uuid="022dfabd-1194-4ca1-9dec-08392ce12e5c"/>
        <concept_reference_term  concept_reference_term_id="305520"  concept_source_id="21"  code="199507"                      creator="1"  date_created="2025-05-22 13:39:43"  retired="0"   uuid="a2e78dbd-f705-40aa-b934-3a00e275cd32"/>
        <concept_reference_term  concept_reference_term_id="305521"  concept_source_id="23"  code="Admission Location"          creator="1"  date_created="2025-05-22 13:42:02"  retired="0"   uuid="db0f2c88-604d-410f-8d82-c060bda42383"/>
        <concept_reference_term  concept_reference_term_id="305522"  concept_source_id="23"  code="199508"                      creator="1"  date_created="2025-05-22 13:42:26"  retired="0"   uuid="4ac812ad-f256-425a-8606-6a5773ba0cc5"/>
        <concept_reference_term  concept_reference_term_id="305523"  concept_source_id="21"  code="199508"                      creator="1"  date_created="2025-05-22 13:43:06"  retired="0"   uuid="c471b455-6ed9-4154-91db-e41cee086a9c"/>
        <concept_reference_term  concept_reference_term_id="305524"  concept_source_id="21"  code="199506"                      creator="1"  date_created="2025-05-22 15:08:44"  retired="0"   uuid="659fbce4-c9b3-477d-8a84-804b6dabf390"/>
        <concept_reference_term  concept_reference_term_id="305525"  concept_source_id="21"  code="1114"                        creator="1"  date_created="2025-05-22 23:07:10"  retired="0"   uuid="1e7b7df0-21b4-4ac2-8502-56d932a890d4"/>
        <concept_reference_term  concept_reference_term_id="305526"  concept_source_id="11"  code="1335"                        creator="1"  date_created="2025-05-22 23:07:22"  retired="0"   uuid="17790051-1c6d-472d-8076-bcf469fa3552"/>
        <concept_reference_term  concept_reference_term_id="305527"  concept_source_id="13"  code="1114"                        creator="1"  date_created="2025-05-22 23:07:37"  retired="0"   uuid="052edc70-6e5c-44d0-9835-1f27c1ff1996"/>
        <concept_reference_term  concept_reference_term_id="305528"  concept_source_id="21"  code="1599"                        creator="1"  date_created="2025-05-22 23:23:48"  retired="0"   uuid="2cd2c063-585e-4b17-b437-70a29634307e"/>
        <concept_reference_term  concept_reference_term_id="305529"  concept_source_id="13"  code="5002"                        creator="1"  date_created="2025-05-22 23:24:02"  retired="0"   uuid="6461b35b-bfa8-44f0-a143-2e94fd4a009a"/>
        <concept_reference_term  concept_reference_term_id="305530"  concept_source_id="1"   code="184305005"                   creator="1"  date_created="2025-05-22 23:24:27"  retired="0"   uuid="1bf9625d-2fe1-4c65-821b-af1a40565cd3"/>


        <concept_reference_map  concept_map_id="305476"  concept_reference_term_id="305490"  concept_map_type_id="1"  creator="1"  date_created="2025-04-28 16:53:01"  concept_id="90315" uuid="c9b390e4-b625-4d62-81c3-b169920afb59"/>
        <concept_reference_map  concept_map_id="305475"  concept_reference_term_id="305486"  concept_map_type_id="1"  creator="1"  date_created="2025-04-28 16:18:10"  concept_id="90220" uuid="e192c99e-0fa7-4c19-8af0-4baba6995055"/>
        <concept_reference_map  concept_map_id="305474"  concept_reference_term_id="305489"  concept_map_type_id="1"  creator="1"  date_created="2025-04-28 16:13:24"  concept_id="90158" uuid="7f092f96-e63c-4bb8-bcda-79ad2b37401f"/>
        <concept_reference_map  concept_map_id="305473"  concept_reference_term_id="305488"  concept_map_type_id="1"  creator="1"  date_created="2025-04-28 16:08:22"  concept_id="90157" uuid="9108a562-c675-4039-8998-f3e96b5abd7b"/>
        <concept_reference_map  concept_map_id="305472"  concept_reference_term_id="305487"  concept_map_type_id="1"  creator="1"  date_created="2025-04-28 15:02:07"  concept_id="90156" uuid="5dddba37-0b64-4ca8-94b6-76c877c5fe0f"/>
        <concept_reference_map  concept_map_id="305471"  concept_reference_term_id="305486"  concept_map_type_id="1"  creator="1"  date_created="2025-04-28 15:00:25"  concept_id="90221" uuid="761cfd58-c799-45dd-920b-70a9e69ece88"/>
        <concept_reference_map  concept_map_id="305469"  concept_reference_term_id="305485"  concept_map_type_id="1"  creator="1"  date_created="2025-04-28 12:28:07"  concept_id="90203" uuid="c5d9da80-4809-4a4b-a5c5-b9c5465f897e"/>
        <concept_reference_map  concept_map_id="305470"  concept_reference_term_id="305484"  concept_map_type_id="1"  creator="1"  date_created="2025-04-28 12:28:07"  concept_id="90203" uuid="b47d3583-3c6b-4159-988f-338784bad449"/>
        <concept_reference_map  concept_map_id="305468"  concept_reference_term_id="305483"  concept_map_type_id="1"  creator="1"  date_created="2025-04-28 11:38:33"  concept_id="99161" uuid="f53ab397-4ebd-4f23-9985-58a85792a7c9"/>
        <concept_reference_map  concept_map_id="305467"  concept_reference_term_id="305482"  concept_map_type_id="1"  creator="1"  date_created="2025-04-28 11:30:33"  concept_id="165982" uuid="8ac297b2-dd17-4614-aa98-42e594d0a348"/>
        <concept_reference_map  concept_map_id="305466"  concept_reference_term_id="305481"  concept_map_type_id="1"  creator="1"  date_created="2025-04-27 22:23:34"  concept_id="90036" uuid="db61621e-d39e-4d32-9ff9-2fb3325cbdf1"/>
        <concept_reference_map  concept_map_id="305465"  concept_reference_term_id="305480"  concept_map_type_id="1"  creator="1"  date_created="2025-04-27 22:20:23"  concept_id="90035" uuid="c589d41e-4d88-4415-9443-cc19f18104ea"/>
        <concept_reference_map  concept_map_id="305464"  concept_reference_term_id="305479"  concept_map_type_id="1"  creator="1"  date_created="2025-04-27 22:18:50"  concept_id="90034" uuid="fbb5cf8e-1863-4441-9f23-f50b1afea9cb"/>
        <concept_reference_map  concept_map_id="305463"  concept_reference_term_id="305478"  concept_map_type_id="1"  creator="1"  date_created="2025-04-27 22:15:25"  concept_id="90033" uuid="c923f04b-b6d1-436c-ba3b-4d0e2336ffd8"/>
        <concept_reference_map  concept_map_id="305462"  concept_reference_term_id="305477"  concept_map_type_id="1"  creator="1"  date_created="2025-04-27 22:10:58"  concept_id="99601" uuid="5443f78b-ac93-4918-8486-8252cfe3305b"/>
        <concept_reference_map  concept_map_id="305461"  concept_reference_term_id="305476"  concept_map_type_id="1"  creator="1"  date_created="2025-04-27 22:04:10"  concept_id="90041" uuid="87fbf47a-9a75-4937-8265-1606d79db9d2"/>
        <concept_reference_map  concept_map_id="305495"  concept_reference_term_id="305509"  concept_map_type_id="1"  creator="1"  date_created="2025-05-03 11:41:08"  concept_id="1002" uuid="c669fb14-9a91-412d-b32c-43719997357a"/>
        <concept_reference_map  concept_map_id="305494"  concept_reference_term_id="305508"  concept_map_type_id="1"  creator="1"  date_created="2025-05-03 11:34:50"  concept_id="162476" uuid="e27992e1-cbd8-4a20-931c-09a9fd43a549"/>
        <concept_reference_map  concept_map_id="305493"  concept_reference_term_id="305507"  concept_map_type_id="1"  creator="1"  date_created="2025-05-03 11:34:04"  concept_id="163023" uuid="c1e5f57d-106f-4678-a81a-5fdda567257c"/>
        <concept_reference_map  concept_map_id="305492"  concept_reference_term_id="305506"  concept_map_type_id="1"  creator="1"  date_created="2025-05-03 11:21:49"  concept_id="90315" uuid="558f887c-ac26-48d3-9cac-4d3fa5ead0a5"/>
        <concept_reference_map  concept_map_id="305491"  concept_reference_term_id="305502"  concept_map_type_id="1"  creator="1"  date_created="2025-05-03 11:20:19"  concept_id="164515" uuid="cf6bee89-2f87-4c7e-b73c-e42b556ead21"/>
        <concept_reference_map  concept_map_id="305490"  concept_reference_term_id="305505"  concept_map_type_id="1"  creator="1"  date_created="2025-05-03 11:19:44"  concept_id="162916" uuid="648151e6-4472-4adb-a6cc-1a90fe48b427"/>
        <concept_reference_map  concept_map_id="305489"  concept_reference_term_id="305504"  concept_map_type_id="1"  creator="1"  date_created="2025-05-03 11:19:08"  concept_id="90305" uuid="10bc68e0-a5f5-43bd-a4e5-08ba9f5cbb3c"/>
        <concept_reference_map  concept_map_id="305488"  concept_reference_term_id="305503"  concept_map_type_id="1"  creator="1"  date_created="2025-05-03 11:06:21"  concept_id="90271" uuid="653a64cd-cef9-43d9-a6ce-e43dfea35517"/>
        <concept_reference_map  concept_map_id="305487"  concept_reference_term_id="305502"  concept_map_type_id="1"  creator="1"  date_created="2025-05-03 11:05:38"  concept_id="164350" uuid="5194db88-ee0f-48fb-9597-20ee6139a986"/>
        <concept_reference_map  concept_map_id="305486"  concept_reference_term_id="305501"  concept_map_type_id="1"  creator="1"  date_created="2025-05-02 19:52:27"  concept_id="168685" uuid="6f5df0e2-cc94-41e4-b5a8-1d4a8be31619"/>
        <concept_reference_map  concept_map_id="305485"  concept_reference_term_id="305500"  concept_map_type_id="1"  creator="1"  date_created="2025-05-02 19:50:14"  concept_id="168684" uuid="02525019-dc1a-4d33-89fc-775c3f663346"/>
        <concept_reference_map  concept_map_id="305484"  concept_reference_term_id="305499"  concept_map_type_id="1"  creator="1"  date_created="2025-05-02 19:49:29"  concept_id="168687" uuid="b301a2ea-ffe8-417e-abd7-47d9211fa37d"/>
        <concept_reference_map  concept_map_id="305483"  concept_reference_term_id="305498"  concept_map_type_id="1"  creator="1"  date_created="2025-05-02 19:33:59"  concept_id="168688" uuid="b5879f1b-f52b-4861-9659-52afd1e94029"/>
        <concept_reference_map  concept_map_id="305482"  concept_reference_term_id="305497"  concept_map_type_id="1"  creator="1"  date_created="2025-05-02 19:32:51"  concept_id="166508" uuid="5eaf71f6-70a9-479b-b0d5-5ec315044f95"/>
        <concept_reference_map  concept_map_id="305481"  concept_reference_term_id="305496"  concept_map_type_id="1"  creator="1"  date_created="2025-05-02 19:31:40"  concept_id="168683" uuid="2046f0b3-2da7-4460-88fe-68f12ff80a48"/>
        <concept_reference_map  concept_map_id="305480"  concept_reference_term_id="305495"  concept_map_type_id="1"  creator="1"  date_created="2025-05-02 19:27:55"  concept_id="168689" uuid="7f15161b-b0a6-460e-a828-4e5de624f789"/>
        <concept_reference_map  concept_map_id="305479"  concept_reference_term_id="305494"  concept_map_type_id="1"  creator="1"  date_created="2025-05-02 19:18:40"  concept_id="159795" uuid="f68df097-18b9-4e92-b7da-784ac9e14a65"/>
        <concept_reference_map  concept_map_id="305478"  concept_reference_term_id="305493"  concept_map_type_id="1"  creator="1"  date_created="2025-05-02 19:17:52"  concept_id="159794" uuid="426253c3-9ce9-4956-9ba3-76a14515f548"/>
        <concept_reference_map  concept_map_id="305477"  concept_reference_term_id="305492"  concept_map_type_id="1"  creator="1"  date_created="2025-05-02 19:16:25"  concept_id="159792" uuid="3789fba5-00a1-4c3e-ad7a-867b31f9b826"/>

        <concept_reference_map  concept_map_id="305496"  concept_reference_term_id="305511"  concept_map_type_id="1"  creator="1"  date_created="2025-05-22 13:04:01"  concept_id="199506"  uuid="8d2df30c-6635-46f4-adff-b5616c24b3cc"/>
        <concept_reference_map  concept_map_id="305497"  concept_reference_term_id="305512"  concept_map_type_id="1"  creator="1"  date_created="2025-05-22 13:06:10"  concept_id="199503"  uuid="9f30c854-a595-41a5-9f0d-d0d8b4b3bfbd"/>
        <concept_reference_map  concept_map_id="305498"  concept_reference_term_id="305513"  concept_map_type_id="1"  creator="1"  date_created="2025-05-22 13:10:45"  concept_id="199501"  uuid="8490d6e6-201c-4cce-a1db-39b1a9f1c752"/>
        <concept_reference_map  concept_map_id="305499"  concept_reference_term_id="305514"  concept_map_type_id="1"  creator="1"  date_created="2025-05-22 13:25:20"  concept_id="199500"  uuid="9455ab61-4a54-4641-ad21-531650a03d8e"/>
        <concept_reference_map  concept_map_id="305500"  concept_reference_term_id="305515"  concept_map_type_id="1"  creator="1"  date_created="2025-05-22 13:26:37"  concept_id="199504"  uuid="1d4eaf87-637d-46cf-a313-edbbe3268ab6"/>
        <concept_reference_map  concept_map_id="305501"  concept_reference_term_id="305516"  concept_map_type_id="1"  creator="1"  date_created="2025-05-22 13:27:46"  concept_id="199505"  uuid="db87602e-6e98-45ef-b579-c41695423245"/>
        <concept_reference_map  concept_map_id="305502"  concept_reference_term_id="305517"  concept_map_type_id="1"  creator="1"  date_created="2025-05-22 13:36:29"  concept_id="199509"  uuid="fb61bf94-93bf-4344-a650-ec6d38d29d11"/>
        <concept_reference_map  concept_map_id="305503"  concept_reference_term_id="305518"  concept_map_type_id="1"  creator="1"  date_created="2025-05-22 13:36:29"  concept_id="199509"  uuid="df19d864-345b-4b28-b7a5-d853c37f71ee"/>
        <concept_reference_map  concept_map_id="305504"  concept_reference_term_id="305519"  concept_map_type_id="1"  creator="1"  date_created="2025-05-22 13:39:57"  concept_id="199507"  uuid="1ccd0f76-cbd0-4347-980e-9edf754c2e47"/>
        <concept_reference_map  concept_map_id="305505"  concept_reference_term_id="305520"  concept_map_type_id="1"  creator="1"  date_created="2025-05-22 13:39:57"  concept_id="199507"  uuid="a7e3d4c8-be01-4604-b27a-74ac2cec2209"/>
        <concept_reference_map  concept_map_id="305506"  concept_reference_term_id="305521"  concept_map_type_id="1"  creator="1"  date_created="2025-05-22 13:43:15"  concept_id="199508"  uuid="c2a8bca6-a35e-4737-a32d-761e9a53b2b1"/>
        <concept_reference_map  concept_map_id="305507"  concept_reference_term_id="305523"  concept_map_type_id="1"  creator="1"  date_created="2025-05-22 13:43:15"  concept_id="199508"  uuid="99a1cc1a-ff06-4fbb-a855-c83cda735b65"/>
        <concept_reference_map  concept_map_id="305508"  concept_reference_term_id="305524"  concept_map_type_id="1"  creator="1"  date_created="2025-05-22 15:09:25"  concept_id="199506"  uuid="e4a41881-001f-4a5e-8590-ab5520601b0e"/>
        <concept_reference_map  concept_map_id="305509"  concept_reference_term_id="305525"  concept_map_type_id="1"  creator="1"  date_created="2025-05-22 23:08:14"  concept_id="1114"   uuid="ed0dfb86-645f-40b0-9a10-6f2ca6fa939a"/>
        <concept_reference_map  concept_map_id="305510"  concept_reference_term_id="305526"  concept_map_type_id="1"  creator="1"  date_created="2025-05-22 23:08:14"  concept_id="1114"   uuid="b79bb993-ee95-4dcc-bb96-1f399898c4f2"/>
        <concept_reference_map  concept_map_id="305511"  concept_reference_term_id="305527"  concept_map_type_id="1"  creator="1"  date_created="2025-05-22 23:08:14"  concept_id="1114"   uuid="2401e34f-6050-48a2-91ca-ba087993d348"/>
        <concept_reference_map  concept_map_id="305512"  concept_reference_term_id="305530"  concept_map_type_id="1"  creator="1"  date_created="2025-05-22 23:26:11"  concept_id="5002"   uuid="fd92f2a4-3057-4796-9e33-248bbc90b07a"/>
        <concept_reference_map  concept_map_id="305513"  concept_reference_term_id="305529"  concept_map_type_id="2"  creator="1"  date_created="2025-05-22 23:26:11"  concept_id="5002"   uuid="30124e51-46e5-4f53-8374-eea4103d5b31"/>
        <concept_reference_map  concept_map_id="305514"  concept_reference_term_id="305528"  concept_map_type_id="1"  creator="1"  date_created="2025-05-22 23:26:11"  concept_id="5002"   uuid="ae12e7b5-2f4e-41f9-83e0-be9cbc592e11"/>
</dataset>