<?xml version="1.0" encoding="UTF-8"?>
<dataset>
    <concept_set  concept_set_id="19544"  concept_id="198847"  concept_set="198849"  sort_weight="0"  creator="1"  date_created="2024-07-25 09:07:10"  uuid="7e0cce15-642d-4bc1-9f4f-da25177bc1bb"/>
    <concept_set  concept_set_id="19545"  concept_id="198848"  concept_set="198849"  sort_weight="1"  creator="1"  date_created="2024-07-25 09:07:10"  uuid="d349df99-56a3-4da5-b3d1-7aff286e55ec"/>
    <concept_set  concept_set_id="19546"  concept_id="164992"  concept_set="198851"  sort_weight="0"  creator="1"  date_created="2024-07-25 09:12:03"  uuid="ceb0fd1d-6d8f-489c-ba3b-5e5ff21ede3d"/>
    <concept_set  concept_set_id="19547"  concept_id="198850"  concept_set="198851"  sort_weight="1"  creator="1"  date_created="2024-07-25 09:12:03"  uuid="3265d41a-52a9-431f-a964-cb9c39766ca4"/>
    <concept_set  concept_set_id="19548"  concept_id="198867"  concept_set="168123"  sort_weight="0"  creator="1"  date_created="2024-07-25 13:39:05"  uuid="b5b338f9-1d55-447d-ae57-9cd0bc234fa6"/>
    <concept_set  concept_set_id="19549"  concept_id="90315"  concept_set="168123"  sort_weight="1"  creator="1"  date_created="2024-07-25 13:39:05"  uuid="f052634b-daf3-4c77-9aa6-aed6a34cc422"/>
    <concept_set  concept_set_id="19550"  concept_id="198862"  concept_set="168123"  sort_weight="2"  creator="1"  date_created="2024-07-25 13:39:05"  uuid="1148e7a8-edbb-48e9-ab3a-e69c4f75c05e"/>

    <concept_set  concept_set_id="19579"  concept_id="164980"  concept_set="198966"  sort_weight="2"  creator="1"  date_created="2024-10-21 04:12:18"  uuid="0e19e8fe-456c-4153-9d0d-71990606e23d"/>
    <concept_set  concept_set_id="19580"  concept_id="162882"  concept_set="198966"  sort_weight="3"  creator="1"  date_created="2024-10-21 04:12:18"  uuid="2cd39b76-f432-4bbe-b2ad-370e30909da7"/>
    <concept_set  concept_set_id="19578"  concept_id="162877"  concept_set="198966"  sort_weight="1"  creator="1"  date_created="2024-10-21 04:12:18"  uuid="8b1b5fdd-a2bc-47a8-89b8-b421e3bbba62"/>
    <concept_set  concept_set_id="19581"  concept_id="167048"  concept_set="198966"  sort_weight="4"  creator="1"  date_created="2024-10-21 04:12:18"  uuid="d81d1423-e60d-4f77-9c22-0ee21586c540"/>
    <concept_set  concept_set_id="19577"  concept_id="162876"  concept_set="198966"  sort_weight="0"  creator="1"  date_created="2024-10-21 04:12:18"  uuid="bc1e6abb-d0d6-4c84-8512-8acfee62cf6a"/>
    <concept_set  concept_set_id="19576"  concept_id="167048"  concept_set="198964"  sort_weight="4"  creator="1"  date_created="2024-10-21 04:09:48"  uuid="aa7e96f3-338f-407c-9561-8bc6d75ba5bf"/>
    <concept_set  concept_set_id="19572"  concept_id="165407"  concept_set="198965"  sort_weight="1"  creator="1"  date_created="2024-10-21 04:09:32"  uuid="6cb3541b-d6ef-4f3a-ab85-17a5a075ae4c"/>
    <concept_set  concept_set_id="19573"  concept_id="165406"  concept_set="198965"  sort_weight="2"  creator="1"  date_created="2024-10-21 04:09:32"  uuid="e60179fb-25a9-444c-abe2-e4660ee96a28"/>
    <concept_set  concept_set_id="19575"  concept_id="167048"  concept_set="198965"  sort_weight="4"  creator="1"  date_created="2024-10-21 04:09:32"  uuid="d77e8166-1644-4bb8-9fad-8a5281da13e6"/>
    <concept_set  concept_set_id="19574"  concept_id="165408"  concept_set="198965"  sort_weight="3"  creator="1"  date_created="2024-10-21 04:09:32"  uuid="6cf17df5-87b7-4ac4-98a6-989fd991b7ff"/>
    <concept_set  concept_set_id="19571"  concept_id="165405"  concept_set="198965"  sort_weight="0"  creator="1"  date_created="2024-10-21 04:09:32"  uuid="292b2a1d-9f0b-40b0-ba43-688c56809b5b"/>
    <concept_set  concept_set_id="19569"  concept_id="99440"  concept_set="198964"  sort_weight="2"  creator="1"  date_created="2024-10-21 04:07:24"  uuid="8fe0e6a0-6585-4924-9d17-8fb6b43c8e38"/>
    <concept_set  concept_set_id="19570"  concept_id="99442"  concept_set="198964"  sort_weight="3"  creator="1"  date_created="2024-10-21 04:07:24"  uuid="4e7f2aca-63bc-4f9e-b494-66576f89a0f6"/>
    <concept_set  concept_set_id="19568"  concept_id="99794"  concept_set="198964"  sort_weight="1"  creator="1"  date_created="2024-10-21 04:07:24"  uuid="53becf7f-57a9-46a3-b34b-dba04d293bac"/>
    <concept_set  concept_set_id="19567"  concept_id="99436"  concept_set="198964"  sort_weight="0"  creator="1"  date_created="2024-10-21 04:07:24"  uuid="e0147e0f-b4dd-42b6-9308-a4f273236a68"/>
    <concept_set  concept_set_id="19566"  concept_id="167048"  concept_set="198963"  sort_weight="4"  creator="1"  date_created="2024-10-21 04:05:42"  uuid="1bf2737c-9daf-47e7-a7e5-c8f3a587f803"/>
    <concept_set  concept_set_id="19562"  concept_id="99434"  concept_set="198963"  sort_weight="0"  creator="1"  date_created="2024-10-21 04:05:42"  uuid="28a593c8-8162-45eb-841e-6b33a09ea096"/>
    <concept_set  concept_set_id="19563"  concept_id="99606"  concept_set="198963"  sort_weight="1"  creator="1"  date_created="2024-10-21 04:05:42"  uuid="4205ebea-6cc4-4b77-a72a-14cde972f58e"/>
    <concept_set  concept_set_id="19564"  concept_id="99435"  concept_set="198963"  sort_weight="2"  creator="1"  date_created="2024-10-21 04:05:42"  uuid="15b912f3-b17e-4eb6-b149-988d1c29f9d1"/>
    <concept_set  concept_set_id="19565"  concept_id="99438"  concept_set="198963"  sort_weight="3"  creator="1"  date_created="2024-10-21 04:05:42"  uuid="ea8ad790-2cc4-4e78-baf1-f324faffa96c"/>

    <concept_set concept_set_id="19582"	concept_id="5275"	concept_set="162384" sort_weight="41" creator="1" date_created="2024-11-14 11:30:00" uuid="82d097c6-102c-413b-b264-44127aebe312"/>
    <concept_set concept_set_id="19583"	concept_id="162538"	concept_set="162384" sort_weight="42" creator="1" date_created="2024-11-14 11:30:00" uuid="49555481-7282-4ec4-9f15-ab32e95cb940"/>
    <concept_set concept_set_id="19584"	concept_id="165492"	concept_set="162384" sort_weight="43" creator="1" date_created="2024-11-14 11:30:00" uuid="e910232e-a04e-44a6-b9bd-db50efc3fd83"/>
    <concept_set concept_set_id="19585"	concept_id="165494"	concept_set="162384" sort_weight="44" creator="1" date_created="2024-11-14 11:30:00" uuid="2ceb748f-4c8c-4223-abf8-53df09748608"/>
    <concept_set concept_set_id="19586"	concept_id="165497"	concept_set="162384" sort_weight="45" creator="1" date_created="2024-11-14 11:30:00" uuid="14942a4f-bd69-4946-b371-8497fe31d30f"/>
    <concept_set concept_set_id="19587"	concept_id="165499"	concept_set="162384" sort_weight="46" creator="1" date_created="2024-11-14 11:30:00" uuid="8a3c09c7-c231-4f13-afcf-a22f70211f2e"/>
    <concept_set concept_set_id="19588"	concept_id="165505"	concept_set="162384" sort_weight="47" creator="1" date_created="2024-11-14 11:30:00" uuid="04503c8b-09f9-43fd-9de7-d2b016384bb3"/>
    <concept_set concept_set_id="19589"	concept_id="165506"	concept_set="162384" sort_weight="48" creator="1" date_created="2024-11-14 11:30:00" uuid="2bbeea82-2a70-4042-94e3-b4c0e1005e6a"/>
    <concept_set concept_set_id="19590"	concept_id="165510"	concept_set="162384" sort_weight="49" creator="1" date_created="2024-11-14 11:30:00" uuid="4ef01aa7-38aa-4f13-907c-66eefac89b78"/>
    <concept_set concept_set_id="19591"	concept_id="165513"	concept_set="162384" sort_weight="50" creator="1" date_created="2024-11-14 11:30:00" uuid="6b6acaa3-6c67-4025-8db1-d737a2ae09a8"/>
    <concept_set concept_set_id="19592"	concept_id="165516"	concept_set="162384" sort_weight="51" creator="1" date_created="2024-11-14 11:30:00" uuid="654bd699-6f10-4395-97c1-6ce7a057d887"/>
    <concept_set concept_set_id="19593"	concept_id="165518"	concept_set="162384" sort_weight="52" creator="1" date_created="2024-11-14 11:30:00" uuid="1764b2b8-c911-48b5-a07a-96e9a4252c9f"/>
    <concept_set concept_set_id="19594"	concept_id="165519"	concept_set="162384" sort_weight="53" creator="1" date_created="2024-11-14 11:30:00" uuid="94c05c91-73a3-48fa-8c15-4dcb9e01ff81"/>
    <concept_set concept_set_id="19595"	concept_id="165522"	concept_set="162384" sort_weight="54" creator="1" date_created="2024-11-14 11:30:00" uuid="443b42e7-049a-4e4b-a42c-3fa94cd89ae2"/>
    <concept_set concept_set_id="19596"	concept_id="165529"	concept_set="162384" sort_weight="55" creator="1" date_created="2024-11-14 11:30:00" uuid="22c25f82-cb64-4925-abdb-0ab51b6e4950"/>
    <concept_set concept_set_id="19597"	concept_id="165531"	concept_set="162384" sort_weight="56" creator="1" date_created="2024-11-14 11:30:00" uuid="dc314436-746f-429f-b292-f0dba208241b"/>
    <concept_set concept_set_id="19598"	concept_id="165533"	concept_set="162384" sort_weight="57" creator="1" date_created="2024-11-14 11:30:00" uuid="c13d1e28-f3bb-4215-99c4-388b353f2c6f"/>
    <concept_set concept_set_id="19599"	concept_id="165538"	concept_set="162384" sort_weight="58" creator="1" date_created="2024-11-14 11:30:00" uuid="343bfc89-f364-4ba5-81a5-10532a280afd"/>
    <concept_set concept_set_id="19600"	concept_id="165541"	concept_set="162384" sort_weight="59" creator="1" date_created="2024-11-14 11:30:00" uuid="328d8956-1f4c-4fef-8e52-08abfea6ff77"/>
    <concept_set concept_set_id="19601"	concept_id="165544"	concept_set="162384" sort_weight="60" creator="1" date_created="2024-11-14 11:30:00" uuid="9bd5ec90-780b-4a07-a679-eca4893a3caa"/>
    <concept_set concept_set_id="19602"	concept_id="165548"	concept_set="162384" sort_weight="61" creator="1" date_created="2024-11-14 11:30:00" uuid="add02ed5-aecd-4831-bcb6-4896ff9ef127"/>
    <concept_set concept_set_id="19603"	concept_id="165557"	concept_set="162384" sort_weight="62" creator="1" date_created="2024-11-14 11:30:00" uuid="b9e1fb98-bffb-4126-8745-c70ea613effc"/>
    <concept_set concept_set_id="19604"	concept_id="165560"	concept_set="162384" sort_weight="63" creator="1" date_created="2024-11-14 11:30:00" uuid="abf642c6-9eb1-4ccc-85c6-9e714ff07509"/>
    <concept_set concept_set_id="19605"	concept_id="165561"	concept_set="162384" sort_weight="64" creator="1" date_created="2024-11-14 11:30:00" uuid="c863b66a-3cf1-4d87-9945-2248ea0b4893"/>
    <concept_set concept_set_id="19606"	concept_id="165570"	concept_set="162384" sort_weight="65" creator="1" date_created="2024-11-14 11:30:00" uuid="f10e5e4f-4149-4d3f-9e32-edc052399a9e"/>
    <concept_set concept_set_id="19607"	concept_id="165571"	concept_set="162384" sort_weight="66" creator="1" date_created="2024-11-14 11:30:00" uuid="fa35ba52-414d-48e9-a192-a1d9d1a18903"/>
    <concept_set concept_set_id="19608"	concept_id="165578"	concept_set="162384" sort_weight="67" creator="1" date_created="2024-11-14 11:30:00" uuid="73dd5d59-df7a-4f57-b426-22214eb1e8e4"/>
    <concept_set concept_set_id="19609"	concept_id="165582"	concept_set="162384" sort_weight="68" creator="1" date_created="2024-11-14 11:30:00" uuid="1688a958-8eb8-4782-909e-052e56cb9ef1"/>
    <concept_set concept_set_id="19610"	concept_id="165595"	concept_set="162384" sort_weight="69" creator="1" date_created="2024-11-14 11:30:00" uuid="8fa2379f-0396-4e34-a939-4b811376ba21"/>
    <concept_set concept_set_id="19611"	concept_id="165603"	concept_set="162384" sort_weight="70" creator="1" date_created="2024-11-14 11:30:00" uuid="1acf56ff-b747-47a3-ab98-30c518652ae1"/>
    <concept_set concept_set_id="19612"	concept_id="165606"	concept_set="162384" sort_weight="71" creator="1" date_created="2024-11-14 11:30:00" uuid="4284dbe7-5f32-43d9-9cfa-40201309018c"/>
    <concept_set concept_set_id="19613"	concept_id="165614"	concept_set="162384" sort_weight="72" creator="1" date_created="2024-11-14 11:30:00" uuid="bd73cd08-0597-45c6-b392-ba457d627a3d"/>
    <concept_set concept_set_id="19614"	concept_id="165629"	concept_set="162384" sort_weight="73" creator="1" date_created="2024-11-14 11:30:00" uuid="f12cc77c-f709-4569-acb1-9d61267450ca"/>
    <concept_set concept_set_id="19615"	concept_id="165652"	concept_set="162384" sort_weight="74" creator="1" date_created="2024-11-14 11:30:00" uuid="d4c10a4f-b8d6-4e2e-813b-a1ac3a7f9256"/>
    <concept_set concept_set_id="19616"	concept_id="165655"	concept_set="162384" sort_weight="75" creator="1" date_created="2024-11-14 11:30:00" uuid="41f9539b-b079-4bc7-b184-9a89fd33ded4"/>
    <concept_set concept_set_id="19617"	concept_id="165662"	concept_set="162384" sort_weight="76" creator="1" date_created="2024-11-14 11:30:00" uuid="4364a32c-bf36-4db6-8ab0-e35739535eca"/>
    <concept_set concept_set_id="19618"	concept_id="165664"	concept_set="162384" sort_weight="77" creator="1" date_created="2024-11-14 11:30:00" uuid="86b8697a-ea65-48f3-a39a-a1f97a1752f8"/>
    <concept_set concept_set_id="19619"	concept_id="165674"	concept_set="162384" sort_weight="78" creator="1" date_created="2024-11-14 11:30:00" uuid="15516577-89db-4d6f-8e39-022ee2b6ffcf"/>
    <concept_set concept_set_id="19620"	concept_id="165678"	concept_set="162384" sort_weight="79" creator="1" date_created="2024-11-14 11:30:00" uuid="3b9f5d61-0fcc-4ada-a3d7-7fd53b6864fa"/>
    <concept_set concept_set_id="19621"	concept_id="165679"	concept_set="162384" sort_weight="80" creator="1" date_created="2024-11-14 11:30:00" uuid="306796d4-b1d0-4c38-9ec1-1f5b88f4b2fa"/>
    <concept_set concept_set_id="19622"	concept_id="165687"	concept_set="162384" sort_weight="81" creator="1" date_created="2024-11-14 11:30:00" uuid="39571e93-d9fd-4ceb-bad4-96a86d8664b5"/>
    <concept_set concept_set_id="19623"	concept_id="165691"	concept_set="162384" sort_weight="82" creator="1" date_created="2024-11-14 11:30:00" uuid="984ec587-0be5-454e-a821-08d70ae04bce"/>
    <concept_set concept_set_id="19624"	concept_id="165695"	concept_set="162384" sort_weight="83" creator="1" date_created="2024-11-14 11:30:00" uuid="43cdfe4e-f859-4de4-bb8a-35384f81e2e3"/>
    <concept_set concept_set_id="19625"	concept_id="165712"	concept_set="162384" sort_weight="84" creator="1" date_created="2024-11-14 11:30:00" uuid="865aa4db-3065-4de5-bfb6-56f2029e512b"/>
    <concept_set concept_set_id="19626"	concept_id="165728"	concept_set="162384" sort_weight="85" creator="1" date_created="2024-11-14 11:30:00" uuid="1827be47-8a83-46c2-8ed9-058ded1b516f"/>
    <concept_set concept_set_id="19627"	concept_id="165744"	concept_set="162384" sort_weight="86" creator="1" date_created="2024-11-14 11:30:00" uuid="e894f4e6-82b7-4f46-bc4c-6bf4f58e180e"/>
    <concept_set concept_set_id="19628"	concept_id="165745"	concept_set="162384" sort_weight="87" creator="1" date_created="2024-11-14 11:30:00" uuid="98ed8732-595e-4cab-bec1-61616fcb206b"/>
    <concept_set concept_set_id="19629"	concept_id="165785"	concept_set="162384" sort_weight="88" creator="1" date_created="2024-11-14 11:30:00" uuid="8ae0f958-8386-434c-a024-54ec57ad4533"/>
    <concept_set concept_set_id="19630"	concept_id="165787"	concept_set="162384" sort_weight="89" creator="1" date_created="2024-11-14 11:30:00" uuid="302e7c15-2730-4118-9f96-62e42894e0a3"/>
    <concept_set concept_set_id="19631"	concept_id="167037"	concept_set="162384" sort_weight="90" creator="1" date_created="2024-11-14 11:30:00" uuid="ad770560-514f-48db-bbb7-b0dcff19abfa"/>

    <concept_set  concept_set_id="19632"  concept_id="198852"  concept_set="199086"  sort_weight="0"  creator="1"  date_created="2025-02-11 11:36:13"  uuid="938fc745-489f-4a63-a8d2-71cef2531546"/>
    <concept_set  concept_set_id="19633"  concept_id="90227"  concept_set="199086"  sort_weight="1"  creator="1"  date_created="2025-02-11 11:36:13"  uuid="a10a79fe-219b-44f0-89f4-74f891e9cac3"/>
    <concept_set  concept_set_id="19634"  concept_id="198854"  concept_set="199086"  sort_weight="2"  creator="1"  date_created="2025-02-11 11:36:13"  uuid="bfe85b54-d227-40bb-8460-4b80d4950122"/>
    <concept_set  concept_set_id="19635"  concept_id="199085"  concept_set="199086"  sort_weight="3"  creator="1"  date_created="2025-02-11 11:36:13"  uuid="c51e37fb-a6bd-48ad-ac2d-b5cf20121502"/>
    <concept_set  concept_set_id="19636"  concept_id="90250"  concept_set="199086"  sort_weight="4"  creator="1"  date_created="2025-02-11 11:36:13"  uuid="f55d86bc-ae57-4972-ad89-ca571bfb4571"/>
    <concept_set  concept_set_id="19637"  concept_id="198861"  concept_set="199086"  sort_weight="5"  creator="1"  date_created="2025-02-11 11:36:13"  uuid="dc73b882-d9f3-4375-b6d3-ba5b2c27481e"/>
    <concept_set  concept_set_id="19638"  concept_id="198859"  concept_set="199086"  sort_weight="6"  creator="1"  date_created="2025-02-11 11:36:13"  uuid="1ccb1996-2b7c-4030-a62e-4ab05ab22860"/>
    <concept_set  concept_set_id="19639"  concept_id="198858"  concept_set="199086"  sort_weight="7"  creator="1"  date_created="2025-02-11 11:36:13"  uuid="c0658425-c5c5-441f-a8c6-1a417f491440"/>

    <concept_set  concept_set_id="19640"  concept_id="198941"  concept_set="199095"  sort_weight="0"  creator="1"  date_created="2025-02-17 15:33:26"  uuid="ff37169d-cc63-4007-8c46-3702050f75ce"/>
    <concept_set  concept_set_id="19641"  concept_id="198943"  concept_set="199095"  sort_weight="1"  creator="1"  date_created="2025-02-17 15:33:26"  uuid="1cbe7db9-4afe-43be-ad84-1a69ea05f1a2"/>
    <concept_set  concept_set_id="19642"  concept_id="198944"  concept_set="199095"  sort_weight="2"  creator="1"  date_created="2025-02-17 15:33:26"  uuid="18b9e15d-d835-4f1e-a9c7-5d903d218df5"/>
    <concept_set  concept_set_id="19643"  concept_id="198942"  concept_set="199095"  sort_weight="3"  creator="1"  date_created="2025-02-17 15:33:26"  uuid="e1c698a5-200b-4fc3-8ea9-7e8a3f780a29"/>
    <concept_set  concept_set_id="19644"  concept_id="199094"  concept_set="199095"  sort_weight="4"  creator="1"  date_created="2025-02-17 15:33:26"  uuid="8a3801ff-de0c-4a4e-a239-c5e7706feb52"/>

    <concept_set  concept_set_id="19645"  concept_id="99706"   concept_set="199113"  sort_weight="0"  creator="1"  date_created="2025-02-18 13:37:13"  uuid="81a0d573-70cc-486a-8c1b-04b46f5c99bb"/>
    <concept_set  concept_set_id="19646"  concept_id="162820"  concept_set="199113"  sort_weight="1"  creator="1"  date_created="2025-02-18 13:37:13"  uuid="1463e62e-bb57-4ad3-9c83-45cd928f803f"/>
    <concept_set  concept_set_id="19647"  concept_id="199111"  concept_set="199113"  sort_weight="2"  creator="1"  date_created="2025-02-18 13:37:13"  uuid="de124548-40cd-4914-a0b7-07cbb361923b"/>

    <concept_set  concept_set_id="19649"  concept_id="199327"  concept_set="162384"  sort_weight="91"  creator="1"  date_created="2025-03-06 05:36:22"  uuid="d5b556e1-219b-48fd-b741-4667db9df42c"/>
    <concept_set  concept_set_id="19650"  concept_id="199328"  concept_set="162384"  sort_weight="92"  creator="1"  date_created="2025-03-06 05:36:22"  uuid="7e77f984-f147-4573-870d-4802ab90bf1f"/>
    <concept_set  concept_set_id="19651"  concept_id="199329"  concept_set="162384"  sort_weight="93"  creator="1"  date_created="2025-03-06 05:45:39"  uuid="eed0f5a3-1e4b-46d5-9c3f-9f7cd7351b16"/>
    <concept_set  concept_set_id="19652"  concept_id="167041"  concept_set="162384"  sort_weight="94"  creator="1"  date_created="2025-03-06 05:49:14"  uuid="87dca8e9-289b-4472-bf9b-e36dd4727226"/>
    <concept_set  concept_set_id="19653"  concept_id="199331"  concept_set="162384"  sort_weight="95"  creator="1"  date_created="2025-03-06 05:54:36"  uuid="1e8f2078-3b61-48a2-9f41-8f4593665271"/>
    <concept_set  concept_set_id="19654"  concept_id="199330"  concept_set="162384"  sort_weight="96"  creator="1"  date_created="2025-03-06 05:54:36"  uuid="cd05d848-4731-40a4-816d-34c4487a1e7f"/>

    <concept_set  concept_set_id="19655"  concept_id="12"      concept_set="199354"  sort_weight="0"  creator="1"  date_created="2025-03-24 12:45:36"  uuid="d347f50d-6727-4ce4-9aae-69391d6afc0a"/>
    <concept_set  concept_set_id="19656"  concept_id="199334"  concept_set="199354"  sort_weight="1"  creator="1"  date_created="2025-03-24 12:45:36"  uuid="32485c86-0c83-403a-8def-4b8475edc212"/>
    <concept_set  concept_set_id="19657"  concept_id="199335"  concept_set="199354"  sort_weight="2"  creator="1"  date_created="2025-03-24 12:45:36"  uuid="b5e0a82d-6ca6-40f7-845d-dc58cda8c4b2"/>
    <concept_set  concept_set_id="19658"  concept_id="199336"  concept_set="199354"  sort_weight="3"  creator="1"  date_created="2025-03-24 12:45:36"  uuid="f75304e7-ab41-43b2-9d4b-577e67dda4a1"/>
    <concept_set  concept_set_id="19659"  concept_id="199337"  concept_set="199354"  sort_weight="4"  creator="1"  date_created="2025-03-24 12:45:36"  uuid="874986c6-3b58-4b20-be7a-4cc986fb6a9d"/>
    <concept_set  concept_set_id="19660"  concept_id="392"  concept_set="199354"  sort_weight="5"  creator="1"  date_created="2025-03-24 12:45:36"  uuid="2fb25aab-ede0-44f6-bff4-8cdd5416d2a2"/>
    <concept_set  concept_set_id="19661"  concept_id="394"  concept_set="199354"  sort_weight="6"  creator="1"  date_created="2025-03-24 12:45:36"  uuid="bc0f311f-2438-4099-af91-8a01039b3a51"/>
    <concept_set  concept_set_id="19662"  concept_id="384"  concept_set="199354"  sort_weight="7"  creator="1"  date_created="2025-03-24 12:45:36"  uuid="d05d9f9d-b68a-456f-aa4a-a17883afbc7c"/>
    <concept_set  concept_set_id="19663"  concept_id="382"  concept_set="199354"  sort_weight="8"  creator="1"  date_created="2025-03-24 12:45:36"  uuid="4c565a19-9ddd-4067-bd2e-e21f058ad854"/>
    <concept_set  concept_set_id="19664"  concept_id="386"  concept_set="199354"  sort_weight="9"  creator="1"  date_created="2025-03-24 12:45:36"  uuid="49a12f32-decb-498f-a99e-755c4d90a610"/>
    <concept_set  concept_set_id="19665"  concept_id="377"  concept_set="199354"  sort_weight="10"  creator="1"  date_created="2025-03-24 12:45:36"  uuid="4e378457-04f9-487f-a0aa-794e496d0eab"/>
    <concept_set  concept_set_id="19666"  concept_id="101"  concept_set="199354"  sort_weight="11"  creator="1"  date_created="2025-03-24 12:45:36"  uuid="01753704-c057-4d59-9ebf-b6fb06d44047"/>
    <concept_set  concept_set_id="19667"  concept_id="380"  concept_set="199354"  sort_weight="12"  creator="1"  date_created="2025-03-24 12:45:36"  uuid="cca1d428-6e93-4b11-8a1c-06aab96958b0"/>
    <concept_set  concept_set_id="19668"  concept_id="309"  concept_set="199354"  sort_weight="13"  creator="1"  date_created="2025-03-24 12:45:36"  uuid="0b61ced0-b34a-45c2-a1c3-3fc62831ec7d"/>
    <concept_set  concept_set_id="19669"  concept_id="845"  concept_set="199354"  sort_weight="14"  creator="1"  date_created="2025-03-24 12:45:36"  uuid="b25cd0e4-c151-4769-b1c5-2aaa5b0fc9b1"/>
    <concept_set  concept_set_id="19670"  concept_id="846"  concept_set="199354"  sort_weight="15"  creator="1"  date_created="2025-03-24 12:45:36"  uuid="c1863d71-91f1-4a48-94b2-4234c48d0662"/>
    <concept_set  concept_set_id="19671"  concept_id="852"  concept_set="199354"  sort_weight="16"  creator="1"  date_created="2025-03-24 12:45:36"  uuid="ac736dd7-206c-4faf-b56a-1ff879b077fc"/>
    <concept_set  concept_set_id="19672"  concept_id="199338"  concept_set="199354"  sort_weight="17"  creator="1"  date_created="2025-03-24 12:45:36"  uuid="11320e6b-1d2e-4d5a-bc1d-31fb2824a999"/>
    <concept_set  concept_set_id="19673"  concept_id="199339"  concept_set="199354"  sort_weight="18"  creator="1"  date_created="2025-03-24 12:45:36"  uuid="a7dba7b8-be15-4496-8de1-a03429b32a1d"/>
    <concept_set  concept_set_id="19674"  concept_id="199340"  concept_set="199354"  sort_weight="19"  creator="1"  date_created="2025-03-24 12:45:36"  uuid="bfba0bae-0b06-4be4-b7c2-ebfce2545093"/>
    <concept_set  concept_set_id="19675"  concept_id="199341"  concept_set="199354"  sort_weight="20"  creator="1"  date_created="2025-03-24 12:45:36"  uuid="182b84f1-79c9-407d-8ceb-6987ddef910b"/>
    <concept_set  concept_set_id="19676"  concept_id="199342"  concept_set="199354"  sort_weight="21"  creator="1"  date_created="2025-03-24 12:45:36"  uuid="7f74d5c3-9aeb-4631-b3a1-a67b0a97b2da"/>
    <concept_set  concept_set_id="19677"  concept_id="199345"  concept_set="199354"  sort_weight="22"  creator="1"  date_created="2025-03-24 12:45:36"  uuid="7213fe93-c2f9-410c-a192-daa14c1691a5"/>
    <concept_set  concept_set_id="19678"  concept_id="199344"  concept_set="199354"  sort_weight="23"  creator="1"  date_created="2025-03-24 12:45:36"  uuid="7978563e-e07b-4634-a55f-03524f06e136"/>
    <concept_set  concept_set_id="19679"  concept_id="199343"  concept_set="199354"  sort_weight="24"  creator="1"  date_created="2025-03-24 12:45:36"  uuid="ac972051-c246-45a4-b9e8-4c336e8b8c65"/>
    <concept_set  concept_set_id="19680"  concept_id="199346"  concept_set="199354"  sort_weight="25"  creator="1"  date_created="2025-03-24 12:45:36"  uuid="34768275-2a3e-4515-be75-109bcedf0ebc"/>
    <concept_set  concept_set_id="19681"  concept_id="199347"  concept_set="199354"  sort_weight="26"  creator="1"  date_created="2025-03-24 12:45:36"  uuid="6b6196ef-a6b7-4e89-9106-6efd03049d57"/>
    <concept_set  concept_set_id="19682"  concept_id="199348"  concept_set="199354"  sort_weight="27"  creator="1"  date_created="2025-03-24 12:45:36"  uuid="ed5792ed-4250-4d25-bc66-f72f28b42844"/>
    <concept_set  concept_set_id="19683"  concept_id="199349"  concept_set="199354"  sort_weight="28"  creator="1"  date_created="2025-03-24 12:45:36"  uuid="b20c8c45-9f30-4d48-9512-0c49c4c19c3c"/>
    <concept_set  concept_set_id="19684"  concept_id="199350"  concept_set="199354"  sort_weight="29"  creator="1"  date_created="2025-03-24 12:45:36"  uuid="a5a9eb84-cfe2-4749-bef3-dc5d66adbf51"/>
    <concept_set  concept_set_id="19685"  concept_id="199351"  concept_set="199354"  sort_weight="30"  creator="1"  date_created="2025-03-24 12:45:36"  uuid="27c5c128-e317-4ac6-98bf-8ca9d922fd7a"/>
    <concept_set  concept_set_id="19686"  concept_id="199352"  concept_set="199354"  sort_weight="31"  creator="1"  date_created="2025-03-24 12:45:36"  uuid="39e4766a-5471-4272-9fe5-63b2aa568bb0"/>
    <concept_set  concept_set_id="19687"  concept_id="199353"  concept_set="199354"  sort_weight="32"  creator="1"  date_created="2025-03-24 12:45:36"  uuid="7c22dba9-2b3f-49be-9cd2-c25c3533fa39"/>
    <concept_set  concept_set_id="19688"  concept_id="441"  concept_set="199363"  sort_weight="0"  creator="1"  date_created="2025-03-24 13:12:49"  uuid="2e8a894b-c775-4add-b132-9e1018860c2e"/>
    <concept_set  concept_set_id="19689"  concept_id="1063"  concept_set="199363"  sort_weight="1"  creator="1"  date_created="2025-03-24 13:12:49"  uuid="3110d875-a4e4-4a56-af69-cd02a93efddc"/>
    <concept_set  concept_set_id="19690"  concept_id="1171"  concept_set="199363"  sort_weight="2"  creator="1"  date_created="2025-03-24 13:12:49"  uuid="d4fd833b-79cb-449c-b722-a607a8a2394b"/>
    <concept_set  concept_set_id="19691"  concept_id="1637"  concept_set="199363"  sort_weight="3"  creator="1"  date_created="2025-03-24 13:12:49"  uuid="c97f9569-2738-4af7-acea-372673f2f56e"/>
    <concept_set  concept_set_id="19692"  concept_id="5276"  concept_set="199363"  sort_weight="4"  creator="1"  date_created="2025-03-24 13:12:49"  uuid="c78cc4c6-9422-4b63-9d4b-23c13bee9f35"/>
    <concept_set  concept_set_id="19693"  concept_id="90088"  concept_set="199363"  sort_weight="5"  creator="1"  date_created="2025-03-24 13:12:49"  uuid="aca101f1-058a-486a-8a43-249e44346090"/>
    <concept_set  concept_set_id="19694"  concept_id="199355"  concept_set="199363"  sort_weight="6"  creator="1"  date_created="2025-03-24 13:12:49"  uuid="aee014ce-1184-4965-86be-3be70d161ae9"/>
    <concept_set  concept_set_id="19695"  concept_id="90090"  concept_set="199363"  sort_weight="7"  creator="1"  date_created="2025-03-24 13:12:49"  uuid="93d94ad0-468c-4ea3-a1b4-16bae7dd37e6"/>
    <concept_set  concept_set_id="19696"  concept_id="199356"  concept_set="199363"  sort_weight="8"  creator="1"  date_created="2025-03-24 13:12:49"  uuid="9222d387-e1bb-43a0-bb5d-75a79fcd17ed"/>
    <concept_set  concept_set_id="19697"  concept_id="199357"  concept_set="199363"  sort_weight="9"  creator="1"  date_created="2025-03-24 13:12:49"  uuid="233c4716-6ecc-4d08-bb22-b5d7c8b276db"/>
    <concept_set  concept_set_id="19698"  concept_id="199358"  concept_set="199363"  sort_weight="10"  creator="1"  date_created="2025-03-24 13:12:49"  uuid="6df68a63-493c-4987-b6f2-28be28c39fc8"/>
    <concept_set  concept_set_id="19699"  concept_id="199359"  concept_set="199363"  sort_weight="11"  creator="1"  date_created="2025-03-24 13:12:49"  uuid="924d5eff-1b1b-449c-8785-44d63084f561"/>
    <concept_set  concept_set_id="19700"  concept_id="199360"  concept_set="199363"  sort_weight="12"  creator="1"  date_created="2025-03-24 13:12:49"  uuid="8ddb46da-4caf-4b81-ada7-8306f71ff3b6"/>
    <concept_set  concept_set_id="19701"  concept_id="199361"  concept_set="199363"  sort_weight="13"  creator="1"  date_created="2025-03-24 13:12:49"  uuid="5e0425f7-b080-416e-8e57-f7d1d5f499e7"/>
    <concept_set  concept_set_id="19702"  concept_id="199362"  concept_set="199363"  sort_weight="14"  creator="1"  date_created="2025-03-24 13:12:49"  uuid="1f659aa4-5349-46a2-aecc-96cfc714f142"/>

    <concept_set concept_set_id="19703"  concept_id="199393"  concept_set="199394"  sort_weight="0"  creator="1"  date_created="2025-03-29 16:49:19"  uuid="fbd8b548-1a68-48f9-b088-8a7e7f038815"/>
    <concept_set  concept_set_id="19704"  concept_id="199392"  concept_set="199394"  sort_weight="1"  creator="1"  date_created="2025-03-29 16:49:19"  uuid="599a9a3b-2b7a-4852-8bc1-bd6292f6e232"/>
    <concept_set  concept_set_id="19705"  concept_id="199391"  concept_set="199394"  sort_weight="2"  creator="1"  date_created="2025-03-29 16:49:19"  uuid="db1b65e2-d8fd-48e0-ab91-7389d1612e75"/>
    <concept_set  concept_set_id="19706"  concept_id="199390"  concept_set="199394"  sort_weight="3"  creator="1"  date_created="2025-03-29 16:49:19"  uuid="3b51a5e8-e901-4ca5-bfbb-b8d0f23367dc"/>

    <concept_set  concept_set_id="19707"  concept_id="162879"  concept_set="199398"  sort_weight="0"  creator="1"  date_created="2025-03-30 13:17:32"  uuid="52f6a17d-374c-4cd8-b4cd-cea7461fce2c"/>
    <concept_set  concept_set_id="19708"  concept_id="162878"  concept_set="199398"  sort_weight="1"  creator="1"  date_created="2025-03-30 13:17:32"  uuid="a807d5d1-b03f-4fc8-a0e3-75944ff0bfa6"/>
    <concept_set  concept_set_id="19709"  concept_id="162880"  concept_set="199398"  sort_weight="2"  creator="1"  date_created="2025-03-30 13:17:32"  uuid="c11fe630-d819-4492-985a-092757a31ee8"/>
    <concept_set  concept_set_id="19710"  concept_id="162883"  concept_set="199398"  sort_weight="3"  creator="1"  date_created="2025-03-30 13:17:32"  uuid="3604b146-d4a7-4b97-bd50-bffefff646c2"/>

    <concept_set  concept_set_id="19703"  concept_id="1019"  concept_set="1271"  sort_weight="0"  creator="1"  date_created="2025-04-09 06:19:41"  uuid="c55e196d-2f7b-4d92-be88-1b3a4d1bf9af"/>
    <concept_set  concept_set_id="19704"  concept_id="21"  concept_set="1271"  sort_weight="1"  creator="1"  date_created="2025-04-09 06:19:41"  uuid="fb7177ae-c64a-4b92-ba59-24a818bede59"/>
    <concept_set  concept_set_id="19705"  concept_id="654"  concept_set="1271"  sort_weight="2"  creator="1"  date_created="2025-04-09 06:19:41"  uuid="b1ccf3f0-f6d7-40c2-b21b-123873ef78f8"/>
    <concept_set  concept_set_id="19706"  concept_id="657"  concept_set="1271"  sort_weight="3"  creator="1"  date_created="2025-04-09 06:19:41"  uuid="3c129888-7ac3-479d-b51d-68d4782e92d5"/>
    <concept_set  concept_set_id="19707"  concept_id="165412"  concept_set="1271"  sort_weight="4"  creator="1"  date_created="2025-04-09 06:19:41"  uuid="c3851035-b4c3-4fe2-babc-4f8e2b0f00c7"/>
    <concept_set  concept_set_id="19708"  concept_id="1042"  concept_set="1271"  sort_weight="5"  creator="1"  date_created="2025-04-09 06:19:41"  uuid="15012f3a-610d-4616-8d02-e80a06ecc103"/>
    <concept_set  concept_set_id="19709"  concept_id="1030"  concept_set="1271"  sort_weight="6"  creator="1"  date_created="2025-04-09 06:19:41"  uuid="06f1add5-1dd6-4478-a1a6-0b57aeb5ce60"/>
    <concept_set  concept_set_id="19710"  concept_id="790"  concept_set="1271"  sort_weight="7"  creator="1"  date_created="2025-04-09 06:19:41"  uuid="af8a8d54-fed0-43fb-8fe6-b7f0a75e728c"/>
    <concept_set  concept_set_id="19711"  concept_id="653"  concept_set="1271"  sort_weight="8"  creator="1"  date_created="2025-04-09 06:19:41"  uuid="d87d7827-e9c0-4590-bf3d-fd10c6ae3bf4"/>
    <concept_set  concept_set_id="19712"  concept_id="5473"  concept_set="1271"  sort_weight="9"  creator="1"  date_created="2025-04-09 06:19:41"  uuid="0a0fd87f-55eb-4e56-96a9-5258ae43e688"/>
    <concept_set  concept_set_id="19713"  concept_id="5475"  concept_set="1271"  sort_weight="10"  creator="1"  date_created="2025-04-09 06:19:41"  uuid="860b148c-6f70-4b17-b1c9-f4497fd23c17"/>
    <concept_set  concept_set_id="19714"  concept_id="307"  concept_set="1271"  sort_weight="11"  creator="1"  date_created="2025-04-09 06:19:41"  uuid="005442c6-275b-4edc-925b-136e550393c6"/>
    <concept_set  concept_set_id="19715"  concept_id="45"  concept_set="1271"  sort_weight="12"  creator="1"  date_created="2025-04-09 06:19:41"  uuid="d015c830-de19-4edc-9192-b54b0a83d9a8"/>
    <concept_set  concept_set_id="19716"  concept_id="299"  concept_set="1271"  sort_weight="13"  creator="1"  date_created="2025-04-09 06:19:41"  uuid="57e991c7-4b9e-4401-afba-0754ea427a7f"/>
    <concept_set  concept_set_id="19717"  concept_id="99152"  concept_set="1271"  sort_weight="14"  creator="1"  date_created="2025-04-09 06:19:41"  uuid="e4b0ab56-e17c-49c5-8544-1b9e2d34408c"/>
    <concept_set  concept_set_id="19718"  concept_id="99149"  concept_set="1271"  sort_weight="15"  creator="1"  date_created="2025-04-09 06:19:41"  uuid="0ba563f7-b00f-46fb-9cc5-c500bfad1bad"/>
    <concept_set  concept_set_id="19719"  concept_id="1643"  concept_set="1271"  sort_weight="16"  creator="1"  date_created="2025-04-09 06:19:41"  uuid="8290e857-9d3f-4b95-b15d-fbedf2cf98c3"/>
    <concept_set  concept_set_id="19720"  concept_id="302"  concept_set="1271"  sort_weight="17"  creator="1"  date_created="2025-04-09 06:19:41"  uuid="e16aeec2-342a-4993-b6ff-4239ea28cc4a"/>
    <concept_set  concept_set_id="19721"  concept_id="166522"  concept_set="1271"  sort_weight="18"  creator="1"  date_created="2025-04-09 06:19:41"  uuid="0aec7bd6-8dd5-455f-b564-3ac4b900007c"/>
    <concept_set  concept_set_id="19722"  concept_id="166529"  concept_set="1271"  sort_weight="19"  creator="1"  date_created="2025-04-09 06:19:41"  uuid="05d621bf-ff41-4e63-b27b-c8289da06f73"/>
    <concept_set  concept_set_id="19723"  concept_id="647"	    concept_set="1271" sort_weight="20" creator="1"  date_created="2025-04-09 06:19:41" uuid="5907a5a2-1771-11f0-9e19-da924fd23489"/>
    <concept_set  concept_set_id="19724"  concept_id="652"	    concept_set="1271" sort_weight="21" creator="1"  date_created="2025-04-09 06:19:41" uuid="5907a5de-1771-11f0-9e19-da924fd23489"/>
    <concept_set  concept_set_id="19725"  concept_id="953"	    concept_set="1271" sort_weight="22" creator="1"  date_created="2025-04-09 06:19:41" uuid="5907a67e-1771-11f0-9e19-da924fd23489"/>
    <concept_set  concept_set_id="19726"  concept_id="1010"		concept_set="1271" sort_weight="23" creator="1"  date_created="2025-04-09 06:19:41" uuid="5907a6b0-1771-11f0-9e19-da924fd23489"/>
    <concept_set  concept_set_id="19727"  concept_id="1026"		concept_set="1271" sort_weight="24" creator="1"  date_created="2025-04-09 06:19:41" uuid="5907a7f0-1771-11f0-9e19-da924fd23489"/>
    <concept_set  concept_set_id="19728"  concept_id="5497"		concept_set="1271" sort_weight="25" creator="1"  date_created="2025-04-09 06:19:41" uuid="5907ad04-1771-11f0-9e19-da924fd23489"/>
    <concept_set  concept_set_id="19729"  concept_id="99145"	concept_set="1271" sort_weight="26" creator="1"  date_created="2025-04-09 06:19:41" uuid="590792f6-1771-11f0-9e19-da924fd23489"/>
    <concept_set  concept_set_id="19730"  concept_id="159645"	concept_set="1271" sort_weight="27" creator="1"  date_created="2025-04-09 06:19:41" uuid="59077186-1771-11f0-9e19-da924fd23489"/>
    <concept_set  concept_set_id="19731"  concept_id="159981"	concept_set="1271" sort_weight="28" creator="1"  date_created="2025-04-09 06:19:41" uuid="590771ea-1771-11f0-9e19-da924fd23489"/>
    <concept_set  concept_set_id="19732"  concept_id="161152"	concept_set="1271" sort_weight="29" creator="1"  date_created="2025-04-09 06:19:41" uuid="590772d0-1771-11f0-9e19-da924fd23489"/>
    <concept_set  concept_set_id="19733"  concept_id="161199"	concept_set="1271" sort_weight="30" creator="1"  date_created="2025-04-09 06:19:41" uuid="590773ca-1771-11f0-9e19-da924fd23489"/>
    <concept_set  concept_set_id="19734"  concept_id="161422"	concept_set="1271" sort_weight="31" creator="1"  date_created="2025-04-09 06:19:41" uuid="590774ba-1771-11f0-9e19-da924fd23489"/>
    <concept_set  concept_set_id="19735"  concept_id="161424"	concept_set="1271" sort_weight="32" creator="1"  date_created="2025-04-09 06:19:41" uuid="5907756e-1771-11f0-9e19-da924fd23489"/>
    <concept_set  concept_set_id="19736"  concept_id="161425"	concept_set="1271" sort_weight="33" creator="1"  date_created="2025-04-09 06:19:41" uuid="59077622-1771-11f0-9e19-da924fd23489"/>
    <concept_set  concept_set_id="19737"  concept_id="161426"	concept_set="1271" sort_weight="34" creator="1"  date_created="2025-04-09 06:19:41" uuid="59077654-1771-11f0-9e19-da924fd23489"/>
    <concept_set  concept_set_id="19738"  concept_id="161428"	concept_set="1271" sort_weight="35" creator="1"  date_created="2025-04-09 06:19:41" uuid="59077690-1771-11f0-9e19-da924fd23489"/>
    <concept_set  concept_set_id="19739"  concept_id="161429"	concept_set="1271" sort_weight="36" creator="1"  date_created="2025-04-09 06:19:41" uuid="5907773a-1771-11f0-9e19-da924fd23489"/>
    <concept_set  concept_set_id="19740"  concept_id="161430"	concept_set="1271" sort_weight="37" creator="1"  date_created="2025-04-09 06:19:41" uuid="59077776-1771-11f0-9e19-da924fd23489"/>
    <concept_set  concept_set_id="19741"  concept_id="161431"	concept_set="1271" sort_weight="38" creator="1"  date_created="2025-04-09 06:19:41" uuid="590777ee-1771-11f0-9e19-da924fd23489"/>
    <concept_set  concept_set_id="19742"  concept_id="161432"	concept_set="1271" sort_weight="39" creator="1"  date_created="2025-04-09 06:19:41" uuid="5907785c-1771-11f0-9e19-da924fd23489"/>
    <concept_set  concept_set_id="19743"  concept_id="161434"	concept_set="1271" sort_weight="40" creator="1"  date_created="2025-04-09 06:19:41" uuid="590778ca-1771-11f0-9e19-da924fd23489"/>
    <concept_set  concept_set_id="19744"  concept_id="161436"	concept_set="1271" sort_weight="41" creator="1"  date_created="2025-04-09 06:19:41" uuid="59077942-1771-11f0-9e19-da924fd23489"/>
    <concept_set  concept_set_id="19745"  concept_id="161437"	concept_set="1271" sort_weight="42" creator="1"  date_created="2025-04-09 06:19:41" uuid="590779b0-1771-11f0-9e19-da924fd23489"/>
    <concept_set  concept_set_id="19746"  concept_id="161446"	concept_set="1271" sort_weight="43" creator="1"  date_created="2025-04-09 06:19:41" uuid="59077a1e-1771-11f0-9e19-da924fd23489"/>
    <concept_set  concept_set_id="19747"  concept_id="161451"	concept_set="1271" sort_weight="44" creator="1"  date_created="2025-04-09 06:19:41" uuid="59077a8c-1771-11f0-9e19-da924fd23489"/>
    <concept_set  concept_set_id="19748"  concept_id="161458"	concept_set="1271" sort_weight="45" creator="1"  date_created="2025-04-09 06:19:41" uuid="59077abe-1771-11f0-9e19-da924fd23489"/>
    <concept_set  concept_set_id="19749"  concept_id="161461"	concept_set="1271" sort_weight="46" creator="1"  date_created="2025-04-09 06:19:41" uuid="59077b36-1771-11f0-9e19-da924fd23489"/>
    <concept_set  concept_set_id="19750"  concept_id="161463"	concept_set="1271" sort_weight="47" creator="1"  date_created="2025-04-09 06:19:41" uuid="59077bb8-1771-11f0-9e19-da924fd23489"/>
    <concept_set  concept_set_id="19751"  concept_id="161464"	concept_set="1271" sort_weight="48" creator="1"  date_created="2025-04-09 06:19:41" uuid="59077be0-1771-11f0-9e19-da924fd23489"/>
    <concept_set  concept_set_id="19752"  concept_id="161468"	concept_set="1271" sort_weight="49" creator="1"  date_created="2025-04-09 06:19:41" uuid="59077c1c-1771-11f0-9e19-da924fd23489"/>
    <concept_set  concept_set_id="19753"  concept_id="161473"	concept_set="1271" sort_weight="50" creator="1"  date_created="2025-04-09 06:19:41" uuid="59077ece-1771-11f0-9e19-da924fd23489"/>
    <concept_set  concept_set_id="19754"  concept_id="161474"	concept_set="1271" sort_weight="51" creator="1"  date_created="2025-04-09 06:19:41" uuid="59077f64-1771-11f0-9e19-da924fd23489"/>
    <concept_set  concept_set_id="19755"  concept_id="161475"	concept_set="1271" sort_weight="52" creator="1"  date_created="2025-04-09 06:19:41" uuid="59077fe6-1771-11f0-9e19-da924fd23489"/>
    <concept_set  concept_set_id="19756"  concept_id="161476"	concept_set="1271" sort_weight="53" creator="1"  date_created="2025-04-09 06:19:41" uuid="59078018-1771-11f0-9e19-da924fd23489"/>
    <concept_set  concept_set_id="19757"  concept_id="161477"	concept_set="1271" sort_weight="54" creator="1"  date_created="2025-04-09 06:19:41" uuid="5907804a-1771-11f0-9e19-da924fd23489"/>
    <concept_set  concept_set_id="19758"  concept_id="161478"	concept_set="1271" sort_weight="55" creator="1"  date_created="2025-04-09 06:19:41" uuid="5907816c-1771-11f0-9e19-da924fd23489"/>
    <concept_set  concept_set_id="19759"  concept_id="161479"	concept_set="1271" sort_weight="56" creator="1"  date_created="2025-04-09 06:19:41" uuid="590781a8-1771-11f0-9e19-da924fd23489"/>
    <concept_set  concept_set_id="19760"  concept_id="161480"	concept_set="1271" sort_weight="57" creator="1"  date_created="2025-04-09 06:19:41" uuid="59078252-1771-11f0-9e19-da924fd23489"/>
    <concept_set  concept_set_id="19761"  concept_id="161483"	concept_set="1271" sort_weight="58" creator="1"  date_created="2025-04-09 06:19:41" uuid="5907828e-1771-11f0-9e19-da924fd23489"/>
    <concept_set  concept_set_id="19762"  concept_id="161486"	concept_set="1271" sort_weight="59" creator="1"  date_created="2025-04-09 06:19:41" uuid="590782c0-1771-11f0-9e19-da924fd23489"/>
    <concept_set  concept_set_id="19763"  concept_id="161487"	concept_set="1271" sort_weight="60" creator="1"  date_created="2025-04-09 06:19:41" uuid="5907832e-1771-11f0-9e19-da924fd23489"/>
    <concept_set  concept_set_id="19764"  concept_id="161488"	concept_set="1271" sort_weight="61" creator="1"  date_created="2025-04-09 06:19:41" uuid="5907836a-1771-11f0-9e19-da924fd23489"/>
    <concept_set  concept_set_id="19765"  concept_id="161491"	concept_set="1271" sort_weight="62" creator="1"  date_created="2025-04-09 06:19:41" uuid="5907839c-1771-11f0-9e19-da924fd23489"/>
    <concept_set  concept_set_id="19766"  concept_id="161492"	concept_set="1271" sort_weight="63" creator="1"  date_created="2025-04-09 06:19:41" uuid="59078414-1771-11f0-9e19-da924fd23489"/>
    <concept_set  concept_set_id="19767"  concept_id="161493"	concept_set="1271" sort_weight="64" creator="1"  date_created="2025-04-09 06:19:41" uuid="59078446-1771-11f0-9e19-da924fd23489"/>
    <concept_set  concept_set_id="19768"  concept_id="161495"	concept_set="1271" sort_weight="65" creator="1"  date_created="2025-04-09 06:19:41" uuid="59078478-1771-11f0-9e19-da924fd23489"/>
    <concept_set  concept_set_id="19769"  concept_id="161496"	concept_set="1271" sort_weight="66" creator="1"  date_created="2025-04-09 06:19:41" uuid="590784aa-1771-11f0-9e19-da924fd23489"/>
    <concept_set  concept_set_id="19770"  concept_id="161497"	concept_set="1271" sort_weight="67" creator="1"  date_created="2025-04-09 06:19:41" uuid="59078518-1771-11f0-9e19-da924fd23489"/>
    <concept_set  concept_set_id="19771"  concept_id="161498"	concept_set="1271" sort_weight="68" creator="1"  date_created="2025-04-09 06:19:41" uuid="590785c2-1771-11f0-9e19-da924fd23489"/>
    <concept_set  concept_set_id="19772"  concept_id="161499"	concept_set="1271" sort_weight="69" creator="1"  date_created="2025-04-09 06:19:41" uuid="590785fe-1771-11f0-9e19-da924fd23489"/>
    <concept_set  concept_set_id="19773"  concept_id="161501"	concept_set="1271" sort_weight="70" creator="1"  date_created="2025-04-09 06:19:41" uuid="59078630-1771-11f0-9e19-da924fd23489"/>
    <concept_set  concept_set_id="19774"  concept_id="161506"	concept_set="1271" sort_weight="71" creator="1"  date_created="2025-04-09 06:19:41" uuid="5907869e-1771-11f0-9e19-da924fd23489"/>
    <concept_set  concept_set_id="19775"  concept_id="161508"	concept_set="1271" sort_weight="72" creator="1"  date_created="2025-04-09 06:19:41" uuid="590786d0-1771-11f0-9e19-da924fd23489"/>
    <concept_set  concept_set_id="19776"  concept_id="161510"	concept_set="1271" sort_weight="73" creator="1"  date_created="2025-04-09 06:19:41" uuid="59078702-1771-11f0-9e19-da924fd23489"/>
    <concept_set  concept_set_id="19777"  concept_id="161512"	concept_set="1271" sort_weight="74" creator="1"  date_created="2025-04-09 06:19:41" uuid="5907877a-1771-11f0-9e19-da924fd23489"/>
    <concept_set  concept_set_id="19778"  concept_id="161514"	concept_set="1271" sort_weight="75" creator="1"  date_created="2025-04-09 06:19:41" uuid="590787ac-1771-11f0-9e19-da924fd23489"/>
    <concept_set  concept_set_id="19779"  concept_id="161515"	concept_set="1271" sort_weight="76" creator="1"  date_created="2025-04-09 06:19:41" uuid="590787de-1771-11f0-9e19-da924fd23489"/>
    <concept_set  concept_set_id="19780"  concept_id="161517"	concept_set="1271" sort_weight="77" creator="1"  date_created="2025-04-09 06:19:41" uuid="59078810-1771-11f0-9e19-da924fd23489"/>
    <concept_set  concept_set_id="19781"  concept_id="161518"	concept_set="1271" sort_weight="78" creator="1"  date_created="2025-04-09 06:19:41" uuid="5907884c-1771-11f0-9e19-da924fd23489"/>
    <concept_set  concept_set_id="19782"  concept_id="161520"	concept_set="1271" sort_weight="79" creator="1"  date_created="2025-04-09 06:19:41" uuid="590788e2-1771-11f0-9e19-da924fd23489"/>
    <concept_set  concept_set_id="19783"  concept_id="161532"	concept_set="1271" sort_weight="80" creator="1"  date_created="2025-04-09 06:19:41" uuid="59078914-1771-11f0-9e19-da924fd23489"/>
    <concept_set  concept_set_id="19784"  concept_id="161533"	concept_set="1271" sort_weight="81" creator="1"  date_created="2025-04-09 06:19:41" uuid="59078950-1771-11f0-9e19-da924fd23489"/>
    <concept_set  concept_set_id="19785"  concept_id="162630"	concept_set="1271" sort_weight="82" creator="1"  date_created="2025-04-09 06:19:41" uuid="59078a68-1771-11f0-9e19-da924fd23489"/>
    <concept_set  concept_set_id="19786"  concept_id="163342"	concept_set="1271" sort_weight="83" creator="1"  date_created="2025-04-09 06:19:41" uuid="59078aa4-1771-11f0-9e19-da924fd23489"/>
    <concept_set  concept_set_id="19787"  concept_id="163436"	concept_set="1271" sort_weight="84" creator="1"  date_created="2025-04-09 06:19:41" uuid="59078bee-1771-11f0-9e19-da924fd23489"/>
    <concept_set  concept_set_id="19788"  concept_id="163602"	concept_set="1271" sort_weight="85" creator="1"  date_created="2025-04-09 06:19:41" uuid="59078c3e-1771-11f0-9e19-da924fd23489"/>
    <concept_set  concept_set_id="19789"  concept_id="163610"	concept_set="1271" sort_weight="86" creator="1"  date_created="2025-04-09 06:19:41" uuid="59078c7a-1771-11f0-9e19-da924fd23489"/>
    <concept_set  concept_set_id="19790"  concept_id="163625"	concept_set="1271" sort_weight="87" creator="1"  date_created="2025-04-09 06:19:41" uuid="59078cac-1771-11f0-9e19-da924fd23489"/>
    <concept_set  concept_set_id="19791"  concept_id="163628"	concept_set="1271" sort_weight="88" creator="1"  date_created="2025-04-09 06:19:41" uuid="59078ce8-1771-11f0-9e19-da924fd23489"/>
    <concept_set  concept_set_id="19792"  concept_id="163631"	concept_set="1271" sort_weight="89" creator="1"  date_created="2025-04-09 06:19:41" uuid="59078d1a-1771-11f0-9e19-da924fd23489"/>
    <concept_set  concept_set_id="19793"  concept_id="163652"	concept_set="1271" sort_weight="90" creator="1"  date_created="2025-04-09 06:19:41" uuid="59078d4c-1771-11f0-9e19-da924fd23489"/>
    <concept_set  concept_set_id="19794"  concept_id="163679"	concept_set="1271" sort_weight="91" creator="1"  date_created="2025-04-09 06:19:41" uuid="59078d7e-1771-11f0-9e19-da924fd23489"/>
    <concept_set  concept_set_id="19795"  concept_id="163697"	concept_set="1271" sort_weight="92" creator="1"  date_created="2025-04-09 06:19:41" uuid="59078db0-1771-11f0-9e19-da924fd23489"/>
    <concept_set  concept_set_id="19796"  concept_id="163700"	concept_set="1271" sort_weight="93" creator="1"  date_created="2025-04-09 06:19:41" uuid="59078dec-1771-11f0-9e19-da924fd23489"/>
    <concept_set  concept_set_id="19797"  concept_id="163701"	concept_set="1271" sort_weight="94" creator="1"  date_created="2025-04-09 06:19:41" uuid="59078e1e-1771-11f0-9e19-da924fd23489"/>
    <concept_set  concept_set_id="19798"  concept_id="163702"	concept_set="1271" sort_weight="95" creator="1"  date_created="2025-04-09 06:19:41" uuid="59078e50-1771-11f0-9e19-da924fd23489"/>
    <concept_set  concept_set_id="19799"  concept_id="163708"	concept_set="1271" sort_weight="96" creator="1"  date_created="2025-04-09 06:19:41" uuid="59078e78-1771-11f0-9e19-da924fd23489"/>
    <concept_set  concept_set_id="19800"  concept_id="163722"	concept_set="1271" sort_weight="97" creator="1"  date_created="2025-04-09 06:19:41" uuid="59078eaa-1771-11f0-9e19-da924fd23489"/>
    <concept_set  concept_set_id="19801"  concept_id="165413"	concept_set="1271" sort_weight="98" creator="1"  date_created="2025-04-09 06:19:41" uuid="59079508-1771-11f0-9e19-da924fd23489"/>
    <concept_set  concept_set_id="19802"  concept_id="165415"	concept_set="1271" sort_weight="99" creator="1"  date_created="2025-04-09 06:19:41" uuid="5907981e-1771-11f0-9e19-da924fd23489"/>
    <concept_set  concept_set_id="19803"  concept_id="165416"	concept_set="1271" sort_weight="100" creator="1" date_created="2025-04-09 06:19:41" uuid="590795bc-1771-11f0-9e19-da924fd23489"/>
    <concept_set  concept_set_id="19804"  concept_id="165418"	concept_set="1271" sort_weight="101" creator="1" date_created="2025-04-09 06:19:41" uuid="59079a80-1771-11f0-9e19-da924fd23489"/>
    <concept_set  concept_set_id="19805"  concept_id="165419"	concept_set="1271" sort_weight="102" creator="1" date_created="2025-04-09 06:19:41" uuid="590799b8-1771-11f0-9e19-da924fd23489"/>
    <concept_set  concept_set_id="19806"  concept_id="165824"	concept_set="1271" sort_weight="103" creator="1" date_created="2025-04-09 06:19:41" uuid="5907912a-1771-11f0-9e19-da924fd23489"/>
    <concept_set  concept_set_id="19807"  concept_id="166284"	concept_set="1271" sort_weight="104" creator="1" date_created="2025-04-09 06:19:41" uuid="59079328-1771-11f0-9e19-da924fd23489"/>
    <concept_set  concept_set_id="19808"  concept_id="166405"	concept_set="1271" sort_weight="105" creator="1" date_created="2025-04-09 06:19:41" uuid="59079742-1771-11f0-9e19-da924fd23489"/>
    <concept_set  concept_set_id="19809"  concept_id="166429"	concept_set="1271" sort_weight="106" creator="1" date_created="2025-04-09 06:19:41" uuid="5907aec6-1771-11f0-9e19-da924fd23489"/>
    <concept_set  concept_set_id="19810"  concept_id="167178"	concept_set="1271" sort_weight="107" creator="1" date_created="2025-04-09 06:19:41" uuid="5907901c-1771-11f0-9e19-da924fd23489"/>
    <concept_set  concept_set_id="19811"  concept_id="167441"	concept_set="1271" sort_weight="108" creator="1" date_created="2025-04-09 06:19:41" uuid="5907904e-1771-11f0-9e19-da924fd23489"/>
    <concept_set  concept_set_id="19812"  concept_id="168064"	concept_set="1271" sort_weight="109" creator="1" date_created="2025-04-09 06:19:41" uuid="5907967a-1771-11f0-9e19-da924fd23489"/>
    <concept_set  concept_set_id="19813"  concept_id="175333"	concept_set="1271" sort_weight="110" creator="1" date_created="2025-04-09 06:19:41" uuid="5907adea-1771-11f0-9e19-da924fd23489"/>

    <concept_set  concept_set_id="19814"  concept_id="199506"  concept_set="199509"  sort_weight="0"  creator="1"  date_created="2025-05-22 13:47:43"  uuid="409c78b4-8faa-40da-ace5-04b6d677617c"/>
    <concept_set  concept_set_id="19815"  concept_id="199507"  concept_set="199509"  sort_weight="1"  creator="1"  date_created="2025-05-22 13:47:43"  uuid="a1357212-b153-42c9-8684-9c50d851d792"/>
    <concept_set  concept_set_id="19816"  concept_id="199508"  concept_set="199509"  sort_weight="2"  creator="1"  date_created="2025-05-22 13:47:43"  uuid="a8df15cd-c7df-45a7-a0a0-58a2d4c2d8c3"/>

    <concept_set  concept_set_id="19817"  concept_id="199350"  concept_set="199363"  sort_weight="9"  creator="1"  date_created="2025-06-24 12:53:50"  uuid="fcd38c02-4511-4b95-8f4a-0c4edb1c2e36"/>
    <concept_set  concept_set_id="19818"  concept_id="199551"  concept_set="199363"  sort_weight="10"  creator="1"  date_created="2025-06-24 12:53:50"  uuid="6ec70cbd-2d32-4782-9a46-cbb0defe204a"/>
    <concept_set  concept_set_id="19819"  concept_id="199554"  concept_set="199363"  sort_weight="13"  creator="1"  date_created="2025-06-24 12:53:50"  uuid="5055f37b-cd3e-4dc1-9882-33c729206a34"/>
    <concept_set  concept_set_id="19820"  concept_id="199552"  concept_set="199363"  sort_weight="16"  creator="1"  date_created="2025-06-24 12:53:50"  uuid="56bb368d-a90e-4e5c-aa38-f66191474385"/>
    <concept_set  concept_set_id="19821"  concept_id="199553"  concept_set="199363"  sort_weight="17"  creator="1"  date_created="2025-06-24 12:53:50"  uuid="9e65f698-d2fd-4157-9413-8870b5ad5366"/>
    <concept_set  concept_set_id="19822"  concept_id="199555"  concept_set="199363"  sort_weight="55"  creator="1"  date_created="2025-06-24 12:53:50"  uuid="02fda920-4d02-4cfd-8492-a749bf1fb5f4"/>
    <concept_set  concept_set_id="19823"  concept_id="199556"  concept_set="199354"  sort_weight="6"  creator="1"  date_created="2025-06-24 13:00:49"  uuid="7db15c59-9508-493c-a604-b8990cb61eb4"/>
    <concept_set  concept_set_id="19824"  concept_id="199557"  concept_set="199354"  sort_weight="23"  creator="1"  date_created="2025-06-24 13:00:49"  uuid="3c059463-a674-489f-9bc1-0bffcfe60035"/>
    <concept_set  concept_set_id="19825"  concept_id="199558"  concept_set="199354"  sort_weight="24"  creator="1"  date_created="2025-06-24 13:00:49"  uuid="995ce5f3-c543-4127-bd54-7116fa5b26b3"/>
    <concept_set  concept_set_id="19826"  concept_id="199559"  concept_set="199354"  sort_weight="25"  creator="1"  date_created="2025-06-24 13:00:49"  uuid="0e45a431-c5ff-447e-a0c3-7f45d8a57b9a"/>
    <concept_set  concept_set_id="19827"  concept_id="199560"  concept_set="199354"  sort_weight="29"  creator="1"  date_created="2025-06-24 13:21:12"  uuid="e16c607a-2b62-44df-8454-74c54b250e52"/>
    <concept_set  concept_set_id="19828"  concept_id="199561"  concept_set="199354"  sort_weight="30"  creator="1"  date_created="2025-06-24 13:21:12"  uuid="9b9581b2-f53c-4dbd-ab90-9c8d87ed84de"/>
    <concept_set  concept_set_id="19829"  concept_id="199562"  concept_set="199354"  sort_weight="31"  creator="1"  date_created="2025-06-24 13:21:12"  uuid="4fab9f18-f566-4db4-b1fc-11c82896946e"/>
    <concept_set  concept_set_id="19830"  concept_id="199563"  concept_set="199354"  sort_weight="32"  creator="1"  date_created="2025-06-24 13:21:12"  uuid="a36cb1c2-dd01-481e-9fe3-5c8d1c3c240a"/>
    <concept_set  concept_set_id="19831"  concept_id="199564"  concept_set="199354"  sort_weight="33"  creator="1"  date_created="2025-06-24 13:21:12"  uuid="92be4883-70ac-4e4e-ac79-5754570f8ab0"/>
    <concept_set  concept_set_id="19832"  concept_id="199565"  concept_set="199354"  sort_weight="34"  creator="1"  date_created="2025-06-24 13:21:12"  uuid="b1928e79-dde5-4611-9f72-6fab3ccbcd72"/>
    <concept_set  concept_set_id="19833"  concept_id="199566"  concept_set="199354"  sort_weight="35"  creator="1"  date_created="2025-06-24 13:21:12"  uuid="56df54e0-0845-40e7-a147-7535d6ef3df2"/>
    <concept_set  concept_set_id="19834"  concept_id="199567"  concept_set="199354"  sort_weight="36"  creator="1"  date_created="2025-06-24 13:21:12"  uuid="888314ce-d834-477d-870b-798cfb3040c2"/>
    <concept_set  concept_set_id="19835"  concept_id="199568"  concept_set="199354"  sort_weight="37"  creator="1"  date_created="2025-06-24 13:21:12"  uuid="2fa30162-48a3-4441-9659-fb36a878c74c"/>
    <concept_set  concept_set_id="19836"  concept_id="199569"  concept_set="199354"  sort_weight="38"  creator="1"  date_created="2025-06-24 13:21:12"  uuid="66dd98de-75e5-4370-ac41-c5a8b04e3caf"/>
    <concept_set  concept_set_id="19837"  concept_id="199570"  concept_set="199354"  sort_weight="39"  creator="1"  date_created="2025-06-24 13:21:12"  uuid="055c4317-0f50-48ab-ba81-7f528a2841ac"/>
    <concept_set  concept_set_id="19838"  concept_id="199571"  concept_set="199354"  sort_weight="40"  creator="1"  date_created="2025-06-24 13:21:12"  uuid="7f14ae68-f834-40e5-8bd6-c611f738143d"/>
    <concept_set  concept_set_id="19839"  concept_id="199572"  concept_set="199354"  sort_weight="41"  creator="1"  date_created="2025-06-24 13:21:12"  uuid="ebd38b95-aa36-4bb0-b708-e66098b114d9"/>
    <concept_set  concept_set_id="19840"  concept_id="199573"  concept_set="199354"  sort_weight="42"  creator="1"  date_created="2025-06-24 13:21:12"  uuid="9bc40122-85d9-45dc-a9ff-550958979f82"/>
    <concept_set  concept_set_id="19841"  concept_id="199574"  concept_set="199354"  sort_weight="43"  creator="1"  date_created="2025-06-24 13:21:12"  uuid="858a80b6-0c4e-45cd-b837-bffdb5a18614"/>
    <concept_set  concept_set_id="19842"  concept_id="199575"  concept_set="199363"  sort_weight="56"  creator="1"  date_created="2025-06-24 13:25:54"  uuid="48006366-fe42-4c7e-9a45-7ac09d6ed3f1"/>
    <concept_set  concept_set_id="19843"  concept_id="166858"  concept_set="199363"  sort_weight="57"  creator="1"  date_created="2025-06-24 13:25:54"  uuid="9c053c31-e2bc-428e-ad37-fa33f0b08808"/>
    <concept_set  concept_set_id="19844"  concept_id="199576"  concept_set="199363"  sort_weight="19"  creator="1"  date_created="2025-06-24 14:12:41"  uuid="a6998813-a9e8-4736-abef-5a93d52588be"/>
    <concept_set  concept_set_id="19845"  concept_id="199577"  concept_set="199363"  sort_weight="20"  creator="1"  date_created="2025-06-24 14:12:41"  uuid="453e3e90-aa23-4a88-b786-0f72d6fa5dac"/>
    <concept_set  concept_set_id="19846"  concept_id="199578"  concept_set="199363"  sort_weight="21"  creator="1"  date_created="2025-06-24 14:12:41"  uuid="30f75bf8-f421-4c86-a7a8-56419cad4c56"/>
    <concept_set  concept_set_id="19847"  concept_id="199579"  concept_set="199363"  sort_weight="22"  creator="1"  date_created="2025-06-24 14:12:41"  uuid="ad7b8d8b-e1ad-457f-a405-28b738cca4d5"/>
    <concept_set  concept_set_id="19848"  concept_id="199580"  concept_set="199363"  sort_weight="23"  creator="1"  date_created="2025-06-24 14:12:41"  uuid="b9793a01-81d4-4621-b39e-fd34f503d31f"/>
    <concept_set  concept_set_id="19849"  concept_id="199581"  concept_set="199363"  sort_weight="24"  creator="1"  date_created="2025-06-24 14:12:41"  uuid="525540b7-1351-4611-a584-5b12fa2029eb"/>
    <concept_set  concept_set_id="19850"  concept_id="199582"  concept_set="199363"  sort_weight="25"  creator="1"  date_created="2025-06-24 14:12:41"  uuid="a442db8d-522f-431a-bd7f-0e06a1d76f99"/>
    <concept_set  concept_set_id="19851"  concept_id="199583"  concept_set="199363"  sort_weight="26"  creator="1"  date_created="2025-06-24 14:12:41"  uuid="56bad42d-99c3-41db-a63d-bdfeab3df391"/>
    <concept_set  concept_set_id="19852"  concept_id="199584"  concept_set="199363"  sort_weight="27"  creator="1"  date_created="2025-06-24 14:12:41"  uuid="fb7e6a21-f460-4b6e-98b7-8744d25d230f"/>
    <concept_set  concept_set_id="19853"  concept_id="199585"  concept_set="199363"  sort_weight="28"  creator="1"  date_created="2025-06-24 14:12:41"  uuid="1c83107e-5b30-44f2-b589-72c566c0f963"/>
    <concept_set  concept_set_id="19854"  concept_id="199586"  concept_set="199363"  sort_weight="29"  creator="1"  date_created="2025-06-24 14:12:41"  uuid="5a7a23b5-05d6-4c96-9540-741fcbd51bac"/>
    <concept_set  concept_set_id="19855"  concept_id="199587"  concept_set="199363"  sort_weight="30"  creator="1"  date_created="2025-06-24 14:12:41"  uuid="dc0bba16-9cc2-4f9f-bbf8-dbecec966a99"/>
    <concept_set  concept_set_id="19856"  concept_id="199588"  concept_set="199363"  sort_weight="31"  creator="1"  date_created="2025-06-24 14:12:41"  uuid="56ff9ba1-8f0d-47c2-bc03-ee1bb813ee8d"/>
    <concept_set  concept_set_id="19857"  concept_id="199589"  concept_set="199363"  sort_weight="32"  creator="1"  date_created="2025-06-24 14:12:41"  uuid="dea96717-e595-4176-ae19-fb7a868d030e"/>
    <concept_set  concept_set_id="19858"  concept_id="199590"  concept_set="199363"  sort_weight="33"  creator="1"  date_created="2025-06-24 14:12:41"  uuid="a58b44c2-b2be-4b9f-8820-17ee88151f45"/>
    <concept_set  concept_set_id="19859"  concept_id="199591"  concept_set="199363"  sort_weight="34"  creator="1"  date_created="2025-06-24 14:12:41"  uuid="5bbc6b23-3f8e-41d9-96d9-05ad504ca8d7"/>
    <concept_set  concept_set_id="19860"  concept_id="199592"  concept_set="199363"  sort_weight="35"  creator="1"  date_created="2025-06-24 14:12:41"  uuid="a56740d0-7ace-4e7e-b207-a65cda0fab5a"/>
    <concept_set  concept_set_id="19861"  concept_id="199593"  concept_set="199363"  sort_weight="36"  creator="1"  date_created="2025-06-24 14:12:41"  uuid="7686ff00-14af-44f7-b59f-05ce8440432a"/>
    <concept_set  concept_set_id="19862"  concept_id="199594"  concept_set="199363"  sort_weight="37"  creator="1"  date_created="2025-06-24 14:12:41"  uuid="d2805dec-6d3a-4c8a-8ab2-a7c6c0b5f1b5"/>
    <concept_set  concept_set_id="19863"  concept_id="199595"  concept_set="199363"  sort_weight="38"  creator="1"  date_created="2025-06-24 14:12:41"  uuid="36bf161f-0683-4dd7-9549-60db1102f175"/>
    <concept_set  concept_set_id="19864"  concept_id="199596"  concept_set="199363"  sort_weight="39"  creator="1"  date_created="2025-06-24 14:12:41"  uuid="f4ef93ea-2d80-4cf8-9671-00382aebb835"/>
    <concept_set  concept_set_id="19865"  concept_id="199597"  concept_set="199363"  sort_weight="40"  creator="1"  date_created="2025-06-24 14:12:41"  uuid="4b487119-1277-4b39-9bae-f6cd08f2f212"/>
    <concept_set  concept_set_id="19866"  concept_id="199598"  concept_set="199363"  sort_weight="41"  creator="1"  date_created="2025-06-24 14:12:41"  uuid="6827230d-af15-4b93-b979-e41cf40308d4"/>
    <concept_set  concept_set_id="19867"  concept_id="199599"  concept_set="199363"  sort_weight="42"  creator="1"  date_created="2025-06-24 14:12:41"  uuid="384914ef-9faf-4590-897b-ce6c2698d8e3"/>
    <concept_set  concept_set_id="19868"  concept_id="199600"  concept_set="199363"  sort_weight="43"  creator="1"  date_created="2025-06-24 14:12:41"  uuid="d3adf64b-af63-4608-a84e-17cbe6e147e7"/>
    <concept_set  concept_set_id="19869"  concept_id="199601"  concept_set="199363"  sort_weight="44"  creator="1"  date_created="2025-06-24 14:12:41"  uuid="e1933ee5-9b5b-4c1e-ac68-817351f533fe"/>
    <concept_set  concept_set_id="19870"  concept_id="199602"  concept_set="199363"  sort_weight="45"  creator="1"  date_created="2025-06-24 14:12:41"  uuid="9e6670f9-735c-4773-b759-22069bf6ca31"/>
    <concept_set  concept_set_id="19871"  concept_id="199603"  concept_set="199363"  sort_weight="46"  creator="1"  date_created="2025-06-24 14:12:41"  uuid="3b8405ab-e136-489f-a45a-ec83fa8850cb"/>
    <concept_set  concept_set_id="19872"  concept_id="199604"  concept_set="199363"  sort_weight="47"  creator="1"  date_created="2025-06-24 14:12:41"  uuid="85ac5da3-e3b5-4305-9a76-bd3d7960e1e1"/>
    <concept_set  concept_set_id="19873"  concept_id="199605"  concept_set="199363"  sort_weight="48"  creator="1"  date_created="2025-06-24 14:12:41"  uuid="a8840b12-5135-4d69-b974-aa56c6616704"/>
    <concept_set  concept_set_id="19874"  concept_id="199606"  concept_set="199363"  sort_weight="49"  creator="1"  date_created="2025-06-24 14:12:41"  uuid="6f8a8e40-15a0-4d46-935f-d68e3f5e30a2"/>
    <concept_set  concept_set_id="19875"  concept_id="199607"  concept_set="199363"  sort_weight="50"  creator="1"  date_created="2025-06-24 14:12:41"  uuid="67d5de65-4941-4b61-804c-933196d6dc92"/>
    <concept_set  concept_set_id="19876"  concept_id="199608"  concept_set="199363"  sort_weight="51"  creator="1"  date_created="2025-06-24 14:12:41"  uuid="f238ba4e-cd72-451c-b12c-2eaffe2cdce2"/>
    <concept_set  concept_set_id="19877"  concept_id="199609"  concept_set="199363"  sort_weight="52"  creator="1"  date_created="2025-06-24 14:12:41"  uuid="c8edb498-c635-4f3b-93ca-2c7fc1645ebb"/>
    <concept_set  concept_set_id="19878"  concept_id="199610"  concept_set="199363"  sort_weight="53"  creator="1"  date_created="2025-06-24 14:12:41"  uuid="0853319d-6919-4006-b790-4d2238d318e4"/>
    <concept_set  concept_set_id="19879"  concept_id="199611"  concept_set="199354"  sort_weight="52"  creator="1"  date_created="2025-06-24 14:30:58"  uuid="df336828-cf79-4ba7-84d1-bb82ea85dd15"/>
    <concept_set  concept_set_id="19880"  concept_id="199612"  concept_set="199354"  sort_weight="53"  creator="1"  date_created="2025-06-24 14:30:58"  uuid="18d2a177-6c9a-4736-acf5-4f437d793b52"/>
    <concept_set  concept_set_id="19881"  concept_id="199613"  concept_set="199354"  sort_weight="54"  creator="1"  date_created="2025-06-24 14:30:58"  uuid="d000c33d-161c-4c63-b169-f982fc8e93a1"/>
    <concept_set  concept_set_id="19882"  concept_id="199614"  concept_set="199354"  sort_weight="55"  creator="1"  date_created="2025-06-24 14:30:58"  uuid="5beec07d-193a-41c8-bd87-9ebef2327136"/>
    <concept_set  concept_set_id="19883"  concept_id="199615"  concept_set="199354"  sort_weight="56"  creator="1"  date_created="2025-06-24 14:30:58"  uuid="e87c2b08-ad22-495d-b2de-2f8e720386fe"/>
    <concept_set  concept_set_id="19884"  concept_id="390"  concept_set="199354"  sort_weight="57"  creator="1"  date_created="2025-06-24 14:30:58"  uuid="46dc97e0-90e0-42f9-a0d5-a8d5b2a56fce"/>
    <concept_set  concept_set_id="19885"  concept_id="199616"  concept_set="199354"  sort_weight="58"  creator="1"  date_created="2025-06-24 14:30:58"  uuid="ec6aac7a-78f1-4843-8c9d-e94c807893bf"/>
    <concept_set  concept_set_id="19886"  concept_id="199617"  concept_set="199354"  sort_weight="59"  creator="1"  date_created="2025-06-24 14:30:58"  uuid="1fa5838d-e3db-4ad3-a360-75839c08b24c"/>
    <concept_set  concept_set_id="19887"  concept_id="199618"  concept_set="199354"  sort_weight="60"  creator="1"  date_created="2025-06-24 14:30:58"  uuid="18aeb0d0-dec1-4da2-86e4-a4f515ef7c8e"/>
    <concept_set  concept_set_id="19888"  concept_id="199619"  concept_set="199354"  sort_weight="61"  creator="1"  date_created="2025-06-24 14:30:58"  uuid="9970310f-71bf-4bd0-bc7f-d9a1a6468136"/>

    <concept_set  concept_set_id="19927"  concept_id="199706"  concept_set="163436"  sort_weight="17"  creator="1"  date_created="2025-07-07 07:45:12"  uuid="8a7374aa-d8ef-419f-b12d-cbe94827c606"/>
    <concept_set  concept_set_id="19926"  concept_id="199705"  concept_set="163436"  sort_weight="16"  creator="1"  date_created="2025-07-07 07:45:12"  uuid="5fc258b2-e1cf-47eb-a58c-a35715ae789e"/>
    <concept_set  concept_set_id="19925"  concept_id="199704"  concept_set="163436"  sort_weight="15"  creator="1"  date_created="2025-07-07 07:45:12"  uuid="e83c90e3-d0a8-4916-a6c7-54ec750f54b7"/>
    <concept_set  concept_set_id="19924"  concept_id="199703"  concept_set="163436"  sort_weight="14"  creator="1"  date_created="2025-07-06 15:35:28"  uuid="2bcaf234-2987-43cd-b1bb-7e20ccb0bfd0"/>
    <concept_set  concept_set_id="19923"  concept_id="199702"  concept_set="163436"  sort_weight="13"  creator="1"  date_created="2025-07-06 15:35:28"  uuid="2695c370-4c39-457a-bcdf-d12c72505091"/>
    <concept_set  concept_set_id="19922"  concept_id="199701"  concept_set="163436"  sort_weight="12"  creator="1"  date_created="2025-07-06 15:35:28"  uuid="761c21bf-9378-4cb2-a26a-6987735eb6f6"/>
    <concept_set  concept_set_id="19921"  concept_id="199700"  concept_set="163436"  sort_weight="11"  creator="1"  date_created="2025-07-06 15:35:28"  uuid="1dfdca2a-a4c2-41c0-abfc-62cb8949ce96"/>
    <concept_set  concept_set_id="19920"  concept_id="199699"  concept_set="163436"  sort_weight="10"  creator="1"  date_created="2025-07-06 15:35:28"  uuid="10141ae1-1c39-47e8-9d10-34ac9f50f40b"/>
    <concept_set  concept_set_id="19919"  concept_id="199698"  concept_set="163436"  sort_weight="9"  creator="1"  date_created="2025-07-06 15:35:28"  uuid="a6889ffd-40d7-42e3-90fb-5d3df0f7c7ae"/>
    <concept_set  concept_set_id="19914"  concept_id="199694"  concept_set="163436"  sort_weight="4"  creator="1"  date_created="2025-07-06 14:30:02"  uuid="4eb5913b-b2ed-4b35-82c0-078c07c3b459"/>
    <concept_set  concept_set_id="19913"  concept_id="199693"  concept_set="163436"  sort_weight="3"  creator="1"  date_created="2025-07-06 14:30:02"  uuid="e8d94dbc-919f-4ea1-be71-a9fdbf839fff"/>
    <concept_set  concept_set_id="19915"  concept_id="199696"  concept_set="163436"  sort_weight="5"  creator="1"  date_created="2025-07-06 14:30:02"  uuid="9901d6a5-ebbe-4948-acad-3ec6c9306290"/>
    <concept_set  concept_set_id="19916"  concept_id="199697"  concept_set="163436"  sort_weight="6"  creator="1"  date_created="2025-07-06 14:30:02"  uuid="d303d49c-1fb2-4a0e-a851-f24bac6370a6"/>
    <concept_set  concept_set_id="19912"  concept_id="199692"  concept_set="657"  sort_weight="9"  creator="1"  date_created="2025-07-05 21:21:22"  uuid="b03d67f7-db80-4da7-a976-a3f52dd19396"/>
    <concept_set  concept_set_id="19911"  concept_id="199691"  concept_set="657"  sort_weight="8"  creator="1"  date_created="2025-07-05 21:15:34"  uuid="1ec53979-a005-4acb-b89c-91ed7c64c88a"/>
    <concept_set  concept_set_id="19910"  concept_id="199690"  concept_set="657"  sort_weight="7"  creator="1"  date_created="2025-07-05 21:15:34"  uuid="7f8823a0-1470-47d1-a0f6-70bbd42b1f3f"/>
    <concept_set  concept_set_id="19908"  concept_id="199689"  concept_set="657"  sort_weight="5"  creator="1"  date_created="2025-07-05 21:15:34"  uuid="3764bcaa-c6f4-4cf3-99f3-70bdbb914693"/>
    <concept_set  concept_set_id="19899"  concept_id="199687"  concept_set="199680"  sort_weight="7"  creator="1"  date_created="2025-07-05 14:00:03"  uuid="ad1361e5-3dbc-4e61-b48f-74194261abe4"/>
    <concept_set  concept_set_id="19898"  concept_id="199686"  concept_set="199680"  sort_weight="6"  creator="1"  date_created="2025-07-05 14:00:03"  uuid="206d3fca-1d87-4568-a051-3cb72c7b9d21"/>
    <concept_set  concept_set_id="19897"  concept_id="199685"  concept_set="199680"  sort_weight="5"  creator="1"  date_created="2025-07-05 14:00:03"  uuid="1bdb2bef-26fd-4965-8b83-331806923a89"/>
    <concept_set  concept_set_id="19896"  concept_id="199684"  concept_set="199680"  sort_weight="4"  creator="1"  date_created="2025-07-05 14:00:03"  uuid="a76d8142-3915-4d97-a8e9-7451c44106e5"/>
    <concept_set  concept_set_id="19895"  concept_id="199683"  concept_set="199680"  sort_weight="3"  creator="1"  date_created="2025-07-05 14:00:03"  uuid="2ca1ee96-2229-4c27-9e72-0da7477a6787"/>
    <concept_set  concept_set_id="19894"  concept_id="199682"  concept_set="199680"  sort_weight="2"  creator="1"  date_created="2025-07-05 14:00:03"  uuid="21235128-892a-40df-b444-f70a461c076c"/>
    <concept_set  concept_set_id="19893"  concept_id="199681"  concept_set="199680"  sort_weight="1"  creator="1"  date_created="2025-07-05 14:00:03"  uuid="c641629b-5601-4657-83e1-a386b2a531ae"/>
    <concept_set  concept_set_id="19892"  concept_id="1327"  concept_set="199680"  sort_weight="0"  creator="1"  date_created="2025-07-05 14:00:03"  uuid="29ca829f-84ae-45eb-8e43-cd5e4a5a198d"/>
    <concept_set  concept_set_id="19893"  concept_id="199681"  concept_set="199680"  sort_weight="1"  creator="1"  date_created="2025-07-05 14:00:03"  uuid="c641629b-5601-4657-83e1-a386b2a531ae"/>
    <concept_set  concept_set_id="19894"  concept_id="199682"  concept_set="199680"  sort_weight="2"  creator="1"  date_created="2025-07-05 14:00:03"  uuid="21235128-892a-40df-b444-f70a461c076c"/>
    <concept_set  concept_set_id="19895"  concept_id="199683"  concept_set="199680"  sort_weight="3"  creator="1"  date_created="2025-07-05 14:00:03"  uuid="2ca1ee96-2229-4c27-9e72-0da7477a6787"/>
    <concept_set  concept_set_id="19896"  concept_id="199684"  concept_set="199680"  sort_weight="4"  creator="1"  date_created="2025-07-05 14:00:03"  uuid="a76d8142-3915-4d97-a8e9-7451c44106e5"/>
    <concept_set  concept_set_id="19897"  concept_id="199685"  concept_set="199680"  sort_weight="5"  creator="1"  date_created="2025-07-05 14:00:03"  uuid="1bdb2bef-26fd-4965-8b83-331806923a89"/>
    <concept_set  concept_set_id="19898"  concept_id="199686"  concept_set="199680"  sort_weight="6"  creator="1"  date_created="2025-07-05 14:00:03"  uuid="206d3fca-1d87-4568-a051-3cb72c7b9d21"/>
    <concept_set  concept_set_id="19899"  concept_id="199687"  concept_set="199680"  sort_weight="7"  creator="1"  date_created="2025-07-05 14:00:03"  uuid="ad1361e5-3dbc-4e61-b48f-74194261abe4"/>
    <concept_set  concept_set_id="19889"  concept_id="1310"  concept_set="199679"  sort_weight="0"  creator="1"  date_created="2025-07-05 13:41:04"  uuid="f1885fc2-903d-4428-a58e-cfba721adeeb"/>
    <concept_set  concept_set_id="19890"  concept_id="730"  concept_set="199679"  sort_weight="1"  creator="1"  date_created="2025-07-05 13:41:04"  uuid="bd0de620-5f87-4173-930d-0efa6540674b"/>
    <concept_set  concept_set_id="19891"  concept_id="853"  concept_set="199679"  sort_weight="2"  creator="1"  date_created="2025-07-05 13:41:04"  uuid="7b69d233-9148-4337-8fe5-2c43c66cb180"/>

    <concept_set  concept_set_id="19928"  concept_id="199707"  concept_set="166941"  sort_weight="10"  creator="1"  date_created="2025-11-13 09:59:26"  uuid="f6818cf8-de9b-4ab5-badf-f0b6dbcf1f20"/>
    <concept_set  concept_set_id="19929"  concept_id="5271"  concept_set="166941"  sort_weight="11"  creator="1"  date_created="2025-11-13 09:59:26"  uuid="c0abde6c-112f-4ab9-b13b-871d4b6e1863"/>

</dataset>
