<?xml version="1.0" encoding="UTF-8"?>
<dataset>
    <order_frequency  order_frequency_id="1"  concept_id="162135"  frequency_per_day="1"  creator="1"  date_created="2025-04-10 07:04:02"  retired="0"  uuid="162135OFAAAAAAAAAAAAAAA"/>
    <order_frequency  order_frequency_id="2"  concept_id="162243"  frequency_per_day="48"  creator="1"  date_created="2025-04-10 07:04:02"  retired="0" uuid="162243OFAAAAAAAAAAAAAAA"/>
    <order_frequency  order_frequency_id="3"  concept_id="162244"  frequency_per_day="24"  creator="1"  date_created="2025-04-10 07:04:02"  retired="0" uuid="162244OFAAAAAAAAAAAAAAA"/>
    <order_frequency  order_frequency_id="4"  concept_id="162245"  frequency_per_day="12"  creator="1"  date_created="2025-04-10 07:04:02"  retired="0" uuid="162245OFAAAAAAAAAAAAAAA"/>
    <order_frequency  order_frequency_id="5"  concept_id="162246"  frequency_per_day="8"  creator="1"  date_created="2025-04-10 07:04:03"  retired="0"  uuid="162246OFAAAAAAAAAAAAAAA"/>
    <order_frequency  order_frequency_id="6"  concept_id="162247"  frequency_per_day="6"  creator="1"  date_created="2025-04-10 07:04:03"  retired="0"  uuid="162247OFAAAAAAAAAAAAAAA"/>
    <order_frequency  order_frequency_id="7"  concept_id="162248"  frequency_per_day="4.8"  creator="1"  date_created="2025-04-10 07:04:03"  retired="0" uuid="162248OFAAAAAAAAAAAAAAA"/>
    <order_frequency  order_frequency_id="8"  concept_id="162249"  frequency_per_day="4"  creator="1"  date_created="2025-04-10 07:04:03"  retired="0"   uuid="162249OFAAAAAAAAAAAAAAA"/>
    <order_frequency  order_frequency_id="9"  concept_id="162250"  frequency_per_day="3"  creator="1"  date_created="2025-04-10 07:04:03"  retired="0"   uuid="162250OFAAAAAAAAAAAAAAA"/>
    <order_frequency  order_frequency_id="10"  concept_id="162251"  frequency_per_day="2"  creator="1"  date_created="2025-04-10 07:04:03"  retired="0"  uuid="162251OFAAAAAAAAAAAAAAA"/>
    <order_frequency  order_frequency_id="11"  concept_id="160858"  frequency_per_day="2"  creator="1"  date_created="2025-04-10 07:04:03"  retired="0"  uuid="160858OFAAAAAAAAAAAAAAA"/>
    <order_frequency  order_frequency_id="12"  concept_id="160859"  frequency_per_day="2"  creator="1"  date_created="2025-04-10 07:04:04"  retired="0"  uuid="160859OFAAAAAAAAAAAAAAA"/>
    <order_frequency  order_frequency_id="13"  concept_id="160860"  frequency_per_day="2"  creator="1"  date_created="2025-04-10 07:04:04"  retired="0"  uuid="160860OFAAAAAAAAAAAAAAA"/>
    <order_frequency  order_frequency_id="14"  concept_id="160861"  frequency_per_day="2"  creator="1"  date_created="2025-04-10 07:04:04"  retired="0"  uuid="160861OFAAAAAAAAAAAAAAA"/>
    <order_frequency  order_frequency_id="15"  concept_id="162252"  frequency_per_day="1"  creator="1"  date_created="2025-04-10 07:04:04"  retired="0"  uuid="162252OFAAAAAAAAAAAAAAA"/>
    <order_frequency  order_frequency_id="16"  concept_id="160862"  frequency_per_day="1"  creator="1"  date_created="2025-04-10 07:04:04"  retired="0"  uuid="160862OFAAAAAAAAAAAAAAA"/>
    <order_frequency  order_frequency_id="17"  concept_id="160863"  frequency_per_day="1"  creator="1"  date_created="2025-04-10 07:04:04"  retired="0"  uuid="160863OFAAAAAAAAAAAAAAA"/>
    <order_frequency  order_frequency_id="18"  concept_id="160864"  frequency_per_day="1"  creator="1"  date_created="2025-04-10 07:04:04"  retired="0"  uuid="160864OFAAAAAAAAAAAAAAA"/>
    <order_frequency  order_frequency_id="19"  concept_id="160865"  frequency_per_day="1"  creator="1"  date_created="2025-04-10 07:04:05"  retired="0"  uuid="160865OFAAAAAAAAAAAAAAA"/>
    <order_frequency  order_frequency_id="20"  concept_id="160866"  frequency_per_day="3"  creator="1"  date_created="2025-04-10 07:04:05"  retired="0"  uuid="160866OFAAAAAAAAAAAAAAA"/>
    <order_frequency  order_frequency_id="21"  concept_id="160867"  frequency_per_day="3"  creator="1"  date_created="2025-04-10 07:04:05"  retired="0"  uuid="160867OFAAAAAAAAAAAAAAA"/>
    <order_frequency  order_frequency_id="22"  concept_id="160868"  frequency_per_day="3"  creator="1"  date_created="2025-04-10 07:04:05"  retired="0"  uuid="160868OFAAAAAAAAAAAAAAA"/>
    <order_frequency  order_frequency_id="23"  concept_id="160869"  frequency_per_day="3"  creator="1"  date_created="2025-04-10 07:04:05"  retired="0"  uuid="160869OFAAAAAAAAAAAAAAA"/>
    <order_frequency  order_frequency_id="24"  concept_id="160870"  frequency_per_day="4"  creator="1"  date_created="2025-04-10 07:04:05"  retired="0"  uuid="160870OFAAAAAAAAAAAAAAA"/>
    <order_frequency  order_frequency_id="25"  concept_id="160871"  frequency_per_day="4"  creator="1"  date_created="2025-04-10 07:04:05"  retired="0"  uuid="160871OFAAAAAAAAAAAAAAA"/>
    <order_frequency  order_frequency_id="26"  concept_id="160872"  frequency_per_day="4"  creator="1"  date_created="2025-04-10 07:04:06"  retired="0"  uuid="160872OFAAAAAAAAAAAAAAA"/>
    <order_frequency  order_frequency_id="27"  concept_id="162253"  frequency_per_day="0.5"  creator="1"  date_created="2025-04-10 07:04:06"  retired="0" uuid="162253OFAAAAAAAAAAAAAAA"/>
    <order_frequency  order_frequency_id="28"  concept_id="162254"  frequency_per_day="0"  creator="1"  date_created="2025-04-10 07:04:06"  retired="0"  uuid="162254OFAAAAAAAAAAAAAAA"/>
    <order_frequency  order_frequency_id="29"  concept_id="162255"  frequency_per_day="0"  creator="1"  date_created="2025-04-10 07:04:06"  retired="0"  uuid="162255OFAAAAAAAAAAAAAAA"/>
    <order_frequency  order_frequency_id="30"  concept_id="162256"  frequency_per_day="0"  creator="1"  date_created="2025-04-10 07:04:06"  retired="0"  uuid="162256OFAAAAAAAAAAAAAAA"/>
    <order_frequency  order_frequency_id="31"  concept_id="1098"    frequency_per_day="1"  creator="1"  date_created="2024-08-06 09:16:29"  retired="0"  uuid="1e9b9c1e-1b1b-484c-9158-0c801d26283e"/>
    <order_frequency  order_frequency_id="32"  concept_id="1099"    frequency_per_day="1"  creator="1"  date_created="2024-08-06 09:16:29"  retired="0"  uuid="0d4351ce-15c9-11f0-9e19-da924fd23489"/>
    <order_frequency  order_frequency_id="33"  concept_id="198948"  frequency_per_day="1"  creator="1"  date_created="2024-08-06 09:16:29"  retired="0"  uuid="94bcbd80-2d72-4dac-b90b-03e73e419ebe"/>
    <order_frequency  order_frequency_id="34"  concept_id="198949"  frequency_per_day="1"  creator="1"  date_created="2024-08-06 09:16:29"  retired="0"  uuid="2eb1c31e-76c9-482f-8394-48606fe2fc76"/>
    <order_frequency  order_frequency_id="35"  concept_id="198950"  frequency_per_day="1"  creator="1"  date_created="2024-08-06 09:16:29"  retired="0"  uuid="ee5c68dd-1cde-46eb-84e6-4e8f14b1c5cc"/>
</dataset>