{
  "name": "HMIS ACP HIV 003: HIV CARE ART CARD - Family Tracking Form",
  "version": "4.1.0",
  "description": "Summary entry form for patients enrolled for ART",
  "encounterType": "591cba6a-5c5f-11ee-8c99-0242ac120002",
  "encounter": "ART Card - Family Tracking",
  "uuid": "f2722150-5c5f-11ee-8c99-0242ac120002",
  "processor": "EncounterFormProcessor",
  "published": true,
  "retired": false,
  "pages": [
    {
      "label": "HMIS ACP HIV 003: HIV CARE/ART CARD - Family Tracking Form ",
      "sections": [
        {
          "label": "FAMILY TRACKING SECTION ",
          "isExpanded": "true",
          "questions": [
            {
              "label": "Family History",
              "type": "obsGroup",
              "id": "familyHistory",
              "questionOptions": {
                "concept": "8452e0ac-a83a-428e-bfda-21cb39eef79f",
                "rendering": "repeating"
              },
              "questions": [
                {
                  "label": "Name",
                  "type": "obs",
                  "id": "memberName",
                  "required": "false",
                  "questionOptions": {
                    "concept": "e96d0880-e80e-4088-9787-bb2623fd46af",
                    "rendering": "text"
                  }
                },
                {
                  "label": "Age",
                  "type": "obs",
                  "id": "age",
                  "questionOptions": {
                    "concept": "4049d989-b99e-440d-8f70-c222aa9fe45c",
                    "rendering": "number",
                    "min": "0"
                  }
                },
                {
                  "label": "Age units",
                  "type": "obs",
                  "id": "ageUnits",
                  "questionOptions": {
                    "concept": "33b18e88-0eb9-48f0-8023-2e90caad4469",
                    "rendering": "radio",
                    "answers": [
                      {
                        "concept": "1074AAAAAAAAAAAAAAAAAAAAAAAAAAAAAAAA",
                        "label": "Months"
                      },
                      {
                        "concept": "a13b394d-74ea-4441-aa90-71bacc39c073",
                        "label": "Years"
                      }
                    ]
                  }
                },
                {
                  "label": "Relation",
                  "type": "obs",
                  "id": "relation",
                  "questionOptions": {
                    "concept": "164352AAAAAAAAAAAAAAAAAAAAAAAAAAAAAA",
                    "rendering": "select",
                    "answers": [
                      {
                        "concept": "dd23c975-30ab-102d-86b0-7a5022ba4115",
                        "label": "Spouse"
                      },
                      {
                        "concept": "dce180a8-30ab-102d-86b0-7a5022ba4115",
                        "label": "Child"
                      },
                      {
                        "concept": "dcc37f5c-30ab-102d-86b0-7a5022ba4115",
                        "label": "Other relative"
                      },
                      {
                        "concept": "52aa721c-d5a6-49a5-af0f-e669dcf825a5",
                        "label": "Other sexual partner"
                      }
                    ]
                  }
                },
                {
                  "label": "HIV Status",
                  "type": "obs",
                  "id": "hivStatus",
                  "required": "false",
                  "questionOptions": {
                    "concept": "1f98a7e6-4d0a-4008-a6f7-4ec118f08983",
                    "rendering": "select",
                    "answers": [
                      {
                        "concept": "dcdf4241-30ab-102d-86b0-7a5022ba4115",
                        "label": "Positive"
                      },
                      {
                        "concept": "dcdf4653-30ab-102d-86b0-7a5022ba4115",
                        "label": "Negative"
                      },
                      {
                        "concept": "dcd6865a-30ab-102d-86b0-7a5022ba4115",
                        "label": "Unknown"
                      }
                    ]
                  }
                },
                {
                  "label": "HIV Status Date",
                  "type": "obs",
                  "id": "hivStatusDate",
                  "questionOptions": {
                    "concept": "b7f597e7-39b5-419e-9ec5-de5901fffb52",
                    "rendering": "date"
                  },
                  "validators": [
                    {
                      "type": "date",
                      "allowFutureDates": "false"
                    }
                  ],
                  "hide": {
                    "hideWhenExpression": "isEmpty(hivStatus) || hivStatus !== 'dcdf4241-30ab-102d-86b0-7a5022ba4115'"
                  }
                },
                {
                  "label": "HIV/EID Care",
                  "type": "obs",
                  "id": "careStatus",
                  "questionOptions": {
                    "concept": "dce13f66-30ab-102d-86b0-7a5022ba4115",
                    "rendering": "radio",
                    "answers": [
                      {
                        "concept": "dcd695dc-30ab-102d-86b0-7a5022ba4115",
                        "label": "Yes"
                      },
                      {
                        "concept": "dcd69c06-30ab-102d-86b0-7a5022ba4115",
                        "label": "No"
                      }
                    ]
                  },
                  "hide": {
                    "hideWhenExpression": "isEmpty(hivStatus) || hivStatus !== 'dcdf4241-30ab-102d-86b0-7a5022ba4115'"
                  }
                },
                {
                  "label": "EID No./Pt Clinic No.",
                  "type": "obs",
                  "id": "cccNumber",
                  "questionOptions": {
                    "concept": "dce11a89-30ab-102d-86b0-7a5022ba4115",
                    "rendering": "text"
                  },
                  "hide": {
                    "hideWhenExpression": "isEmpty(careStatus) || careStatus !== 'dcd695dc-30ab-102d-86b0-7a5022ba4115'"
                  }
                },
                {
                  "label": "Contact",
                  "type": "obs",
                  "id": "contact",
                  "questionOptions": {
                    "concept": "159635AAAAAAAAAAAAAAAAAAAAAAAAAAAAAA",
                    "maxLength": "10",
                    "minLength": "10",
                    "rendering": "text"
                  }
                }
              ]
            }
          ]
        }
      ]
    }
  ],
  "referencedForms": []
}