{
  "name": "HMIS 005 Integrated Antenatal Register",
  "version": "4.1.4",
  "description": "Entry form for patients enrolled for ANC services",
  "encounterType": "044daI6d-f80e-48fe-aba9-037f241905Pe",
  "encounter": "ANC - Encounter",
  "uuid": "362e296b-1315-48a9-8de6-5f4cc3cad314",
  "processor": "EncounterFormProcessor",
  "published": true,
  "retired": false,
  "referencedForms": [],
  "pages": [
    {
      "label": "Integrated Antenatal Register",
      "sections": [
        {
          "label": "Client Information",
          "isExpanded": "true",
          "questions": [
            {
              "label": "Encounter Date",
              "type": "encounterDatetime",
              "id": "encDate",
              "questionOptions": {
                "rendering": "date",
                "allowFutureDates": "false"
              }
            },
            {
              "label": "Serial Number",
              "type": "obs",
              "id": "serialNumber",
              "questionOptions": {
                "rendering": "text",
                "concept": "1646AAAAAAAAAAAAAAAAAAAAAAAAAAAAAAAA"
              },
              "validators": []
            },
            {
              "label": "Client Number",
              "type": "obs",
              "id": "ancNumber",
              "questionOptions": {
                "rendering": "number",
                "concept": "c7231d96-34d8-4bf7-a509-c810f75e3329",
                "step": 1
              }
            },
            {
              "label": "ANC Visit Number",
              "type": "obs",
              "required": true,
              "id": "ancVisitNumber",
              "questionOptions": {
                "rendering": "select",
                "concept": "c0b1b5f1-a692-49d1-9a69-ff901e07fa27",
                "answers": [
                  {
                    "concept": "588ac57f-a4d0-47c2-9852-92502194ec4a",
                    "label": "1st ANC visit",
                    "conceptMappings": []
                  },
                  {
                    "concept": "a3ff912e-8298-4743-84cb-62e267c91b58",
                    "label": "2nd ANC visit",
                    "conceptMappings": []
                  },
                  {
                    "concept": "66796d3f-7cc0-4177-ac06-0dbe52172f86",
                    "label": "3rd ANC visit",
                    "conceptMappings": []
                  },
                  {
                    "concept": "e4f09b29-061e-42b4-a142-68a4ceda373c",
                    "label": "4th ANC visit",
                    "conceptMappings": []
                  },
                  {
                    "concept": "6a6df844-565a-44cc-b0b9-d3f77e42c9cc",
                    "label": "5th ANC visit",
                    "conceptMappings": []
                  },
                  {
                    "concept": "ff8de97a-4279-470e-aae9-927bf2a45f27",
                    "label": "6th ANC visit",
                    "conceptMappings": []
                  },
                  {
                    "concept": "badb383d-022c-40a5-9ddb-82e6653d9676",
                    "label": "7th ANC visit",
                    "conceptMappings": []
                  },
                  {
                    "concept": "e01e2533-6f3c-41e1-a67f-a1e5b84eaebf",
                    "label": "8th ANC visit",
                    "conceptMappings": []
                  },
                  {
                    "concept": "cb56e6a2-4886-4a14-b232-accc37a1043e",
                    "label": "9th ANC visit",
                    "conceptMappings": []
                  },
                  {
                    "concept": "28037205-0d6c-4bf6-8358-71efa198f86f",
                    "label": "10th ANC visit",
                    "conceptMappings": []
                  }
                ]
              }
            },
            {
              "label": "Gravida",
              "id": "gravida",
              "type": "obs",
              "questionOptions": {
                "rendering": "number",
                "step": 1,
                "concept": "dcc39097-30ab-102d-86b0-7a5022ba4115"
              }
            },
            {
              "label": "Parity",
              "id": "parity",
              "type": "obs",
              "questionOptions": {
                "rendering": "number",
                "step": 1,
                "concept": "1053AAAAAAAAAAAAAAAAAAAAAAAAAAAAAAAA"
              }
            },
            {
              "label": "Gestation Age (Weeks Of Amenorrhea)",
              "id": "gestationAge",
              "type": "obs",
              "questionOptions": {
                "rendering": "number",
                "step": 1,
                "concept": "dca0a383-30ab-102d-86b0-7a5022ba4115"
              }
            },
            {
              "label": "ANC 1 Timimg",
              "type": "obs",
              "id": "ancTiming",
              "questionOptions": {
                "rendering": "select",
                "concept": "3a862ab6-7601-4412-b626-d373c1d4a51e",
                "answers": [
                  {
                    "concept": "dcd695dc-30ab-102d-86b0-7a5022ba4115",
                    "label": "Yes"
                  },
                  {
                    "concept": "dcd69c06-30ab-102d-86b0-7a5022ba4115",
                    "label": "No"
                  },
                  {
                    "concept": "dc9b0596-30ab-102d-86b0-7a5022ba4115",
                    "label": "Not Applicable"
                  }
                ]
              },
              "validators": []
            }
          ]
        },
        {
          "label": "eMTCT Status",
          "isExpanded": "true",
          "questions": [
            {
              "label": "Woman's Initial Result",
              "id": "womanInitialResult",
              "type": "obs",
              "questionOptions": {
                "rendering": "select",
                "concept": "d5b0394c-424f-41db-bc2f-37180dcdbe74",
                "answers": [
                  {
                    "concept": "86e394fd-8d85-4cb3-86d7-d4b9bfc3e43a",
                    "label": "NEG: Counselled, tested, and given HIV Negative results",
                    "conceptMappings": []
                  },
                  {
                    "concept": "25c448ff-5fe4-4a3a-8c0a-b5aaea9d5465",
                    "label": "POS: Counselled, tested, and given HIV Positive results",
                    "conceptMappings": []
                  },
                  {
                    "concept": "4d9159a2-37a6-4115-afe3-3f70050c4df3",
                    "label": "INC: Counselled, tested, and given HIV Inconclusive results",
                    "conceptMappings": []
                  },
                  {
                    "concept": "dcd6865a-30ab-102d-86b0-7a5022ba4115",
                    "label": "UKN: Not tested, and HIV status is Unknown",
                    "conceptMappings": []
                  }
                ]
              }
            },
            {
              "label": "Timing",
              "type": "obs",
              "id": "womanTiming",
              "questionOptions": {
                "rendering": "select",
                "concept": "e769076c-e5b7-4597-8e26-439cda656d41",
                "answers": [
                  {
                    "concept": "eb335177-355d-41c9-bb54-bdc2b222a277",
                    "label": "1st Time: Counselled and tested for the first time during this ANC Attendance",
                    "conceptMappings": []
                  },
                  {
                    "concept": "fee6c16f-1d50-404c-aa0e-d12700afa478",
                    "label": "Re-Attd: Known HIV status from a previous ANC Attendance not eligible for a re-test in ANC",
                    "conceptMappings": []
                  },
                  {
                    "concept": "6b5a2e89-1ffe-47c5-896a-6e0c1c876f3c",
                    "label": "Retest: Client  re-tested for HIV during this visit",
                    "conceptMappings": []
                  },
                  {
                    "concept": "c2cf5f7c-b919-4a09-8f8e-811e976d4555",
                    "label": "Known POS: Known HIV positive status who did not attend Antenantal from any health facility",
                    "conceptMappings": []
                  }
                ]
              }
            },
            {
              "label": "STK Given",
              "type": "obs",
              "id": "givenStk",
              "questionOptions": {
                "rendering": "radio",
                "concept": "609c9aee-92b3-4e17-828a-efc7933f2ecf",
                "answers": [
                  {
                    "concept": "1065AAAAAAAAAAAAAAAAAAAAAAAAAAAAAAAA",
                    "label": "Yes",
                    "conceptMappings": []
                  },
                  {
                    "concept": "1066AAAAAAAAAAAAAAAAAAAAAAAAAAAAAAAA",
                    "label": "No",
                    "conceptMappings": []
                  }
                ]
              }
            },
            {
              "label": "Partner's Age",
              "type": "obs",
              "required": "false",
              "id": "partnerAge",
              "questionOptions": {
                "rendering": "number",
                "step": 1,
                "concept": "4049d989-b99e-440d-8f70-c222aa9fe45c"
              },
              "validators": []
            },
            {
              "label": "Partner's STK Result",
              "type": "obs",
              "id": "stkResult",
              "questionOptions": {
                "rendering": "select",
                "concept": "e47d9ead-5b33-4315-9ea0-42669e4491b6",
                "answers": [
                  {
                    "concept": "dc85aa72-30ab-102d-86b0-7a5022ba4115",
                    "label": "Negative",
                    "conceptMappings": []
                  },
                  {
                    "concept": "dc866728-30ab-102d-86b0-7a5022ba4115",
                    "label": "Positive",
                    "conceptMappings": []
                  },
                  {
                    "concept": "4d9159a2-37a6-4115-afe3-3f70050c4df3",
                    "label": "Inconclusive",
                    "conceptMappings": []
                  }
                ]
              },
              "hide": {
                "hideWhenExpression": "isEmpty(givenStk) || givenStk != '1065AAAAAAAAAAAAAAAAAAAAAAAAAAAAAAAA'"
              }
            },
            {
              "label": "Partner's Facility Result",
              "type": "obs",
              "id": "facilityResult",
              "questionOptions": {
                "rendering": "select",
                "concept": "6a24b53e-9916-4073-b1f3-b8b2f8a16bc2",
                "answers": [
                  {
                    "concept": "dc85aa72-30ab-102d-86b0-7a5022ba4115",
                    "label": "Negative",
                    "conceptMappings": []
                  },
                  {
                    "concept": "dc866728-30ab-102d-86b0-7a5022ba4115",
                    "label": "Positive",
                    "conceptMappings": []
                  },
                  {
                    "concept": "4d9159a2-37a6-4115-afe3-3f70050c4df3",
                    "label": "Inconclusive",
                    "conceptMappings": []
                  },
                  {
                    "concept": "dcd6865a-30ab-102d-86b0-7a5022ba4115",
                    "label": "Unknown"
                  }
                ]
              }
            },
            {
              "label": "Partner's Test For Verification (TFV) Results",
              "type": "obs",
              "id": "tfvResult",
              "questionOptions": {
                "rendering": "select",
                "concept": "d5b0394c-424f-41db-bc2f-37180dcdbe74",
                "answers": [
                  {
                    "concept": "86e394fd-8d85-4cb3-86d7-d4b9bfc3e43a",
                    "label": "Negative",
                    "conceptMappings": []
                  },
                  {
                    "concept": "25c448ff-5fe4-4a3a-8c0a-b5aaea9d5465",
                    "label": "Positive",
                    "conceptMappings": []
                  },
                  {
                    "concept": "4d9159a2-37a6-4115-afe3-3f70050c4df3",
                    "label": "Inconclusive",
                    "conceptMappings": []
                  }
                ]
              }
            },
            {
              "label": "Partner Linked to ART",
              "type": "obs",
              "id": "partnerLinkedToArt",
              "questionOptions": {
                "rendering": "select",
                "concept": "3d620422-0641-412e-ab31-5e45b98bc459",
                "answers": [
                  {
                    "concept": "1065AAAAAAAAAAAAAAAAAAAAAAAAAAAAAAAA",
                    "label": "Yes"
                  },
                  {
                    "concept": "1066AAAAAAAAAAAAAAAAAAAAAAAAAAAAAAAA",
                    "label": "No"
                  }
                ]
              },
              "validators": [],
              "hide": {
                "hideWhenExpression": "tfvResult !== 'dc866728-30ab-102d-86b0-7a5022ba4115'"
              }
            },
            {
              "label": "Partner Clinic No.",
              "type": "obs",
              "id": "clientNo",
              "questionOptions": {
                "rendering": "text",
                "concept": "b12f285a-0a26-44b5-83b3-e229bda74679"
              },
              "validators": [],
              "hide": {
                "hideWhenExpression": "tfvResult !== '1065AAAAAAAAAAAAAAAAAAAAAAAAAAAAAAAA'"
              }
            },
            {
              "label": "Where",
              "type": "obs",
              "id": "where",
              "questionOptions": {
                "rendering": "text",
                "concept": "dce015bb-30ab-102d-86b0-7a5022ba4115"
              },
              "validators": [],
              "hide": {
                "hideWhenExpression": "tfvResult !== '1065AAAAAAAAAAAAAAAAAAAAAAAAAAAAAAAA'"
              }
            }
          ]
        },
        {
          "label": "PrEP Screening Information",
          "isExpanded": "true",
          "questions": [
            {
              "label": "PrEP Eligibility",
              "type": "obs",
              "id": "prepEligibilityCode",
              "questionOptions": {
                "rendering": "select",
                "concept": "3b042553-b721-43c3-afd9-56914d87a0c2",
                "answers": [
                  {
                    "concept": "9eef9a6a-2225-4120-b9db-dc14512fd90b",
                    "label": "Eligible for PrEP"
                  },
                  {
                    "concept": "30849a77-aa98-4d76-83cc-f322e3e4d7b0",
                    "label": "Eligible and Initiated on PrEP"
                  },
                  {
                    "concept": "93965cb9-d5ab-4ac3-8af8-775a0c7e0fc2",
                    "label": "Eligible for PrEP but declined"
                  },
                  {
                    "concept": "dca26f78-30ab-102d-86b0-7a5022ba4115",
                    "label": "Not Eligible"
                  },
                  {
                    "concept": "bafa7b0a-aaa5-4a23-843f-f40ab68ecc43",
                    "label": "Not Screened"
                  }
                ]
              },
              "validators": []
            },
            {
              "label": "PreP No.",
              "type": "obs",
              "id": "prepNo",
              "questionOptions": {
                "rendering": "text",
                "concept": "f762afb5-21cc-4fe1-b905-067ad78c563d"
              },
              "validators": [],
              "hide": {
                "hideWhenExpression": "prepEligibilityCode == 'dca26f78-30ab-102d-86b0-7a5022ba4115' || prepEligibilityCode == 'bafa7b0a-aaa5-4a23-843f-f40ab68ecc43'"
              }
            }
          ]
        },
        {
          "label": "Diagnosis",
          "isExpanded": "true",
          "questions": [
            {
              "label": "Findings after Clinical Assessment",
              "type": "obs",
              "id": "diagnosis",
              "questionOptions": {
                "rendering": "textarea",
                "concept": "0de0b715-f3ef-4a91-a145-09509112b693"
              }
            }
          ]
        },
        {
          "label": "WHO Clinical Stage / CD4 / Viral Load",
          "isExpanded": "true",
          "questions": [
            {
              "label": "CD4",
              "type": "obs",
              "id": "cd4",
              "questionOptions": {
                "rendering": "number",
                "concept": "dcbcba2c-30ab-102d-86b0-7a5022ba4115",
                "calculate": {
                  "calculateExpression": "resolve(api.getLatestObs(patient.id, 'dcbcba2c-30ab-102d-86b0-7a5022ba4115')).then(obs => obs?.valueQuantity?.value)"
                },
                "conceptMappings": [],
                "answers": []
              },
              "validators": [],
              "hide": {
                "hideWhenExpression": "womanInitialResult !== '25c448ff-5fe4-4a3a-8c0a-b5aaea9d5465'"
              }
            },
            {
              "label": "Date CD4 Sample Collected",
              "type": "obs",
              "required": "false",
              "id": "dateStarted",
              "questionOptions": {
                "rendering": "date",
                "concept": "1ae6f663-d3b0-4527-bb8f-4ed18a9ca96c",
                "calculate": {
                  "calculateExpression": "resolve(api.getLatestObs(patient.id, '1ae6f663-d3b0-4527-bb8f-4ed18a9ca96c')).then(obs => obs?.valueDateTime)"
                },
                "conceptMappings": [],
                "answers": []
              },
              "validators": [],
              "hide": {
                "hideWhenExpression": "womanInitialResult !== '25c448ff-5fe4-4a3a-8c0a-b5aaea9d5465'"
              }
            },
            {
              "label": "WHO Clinical Stage",
              "type": "obs",
              "required": "true",
              "id": "wHOClinicStage",
              "questionOptions": {
                "rendering": "select",
                "concept": "dcdff274-30ab-102d-86b0-7a5022ba4115",
                "calculate": {
                  "calculateExpression": "resolve(api.getLatestObs(patient.id, 'dcdff274-30ab-102d-86b0-7a5022ba4115')).then(obs => obs.valueCodeableConcept?.coding[0]?.code)"
                },
                "answers": [
                  {
                    "concept": "dcda2bc2-30ab-102d-86b0-7a5022ba4115",
                    "label": "Stage 1",
                    "conceptMappings": []
                  },
                  {
                    "concept": "dcda3251-30ab-102d-86b0-7a5022ba4115",
                    "label": "Stage 2",
                    "conceptMappings": []
                  },
                  {
                    "concept": "dcda3663-30ab-102d-86b0-7a5022ba4115",
                    "label": "Stage 3",
                    "conceptMappings": []
                  },
                  {
                    "concept": "dcda3a80-30ab-102d-86b0-7a5022ba4115",
                    "label": "Stage 4",
                    "conceptMappings": []
                  },
                  {
                    "concept": "dd25e735-30ab-102d-86b0-7a5022ba4115",
                    "label": "Stage T1",
                    "conceptMappings": []
                  },
                  {
                    "concept": "dd2666a5-30ab-102d-86b0-7a5022ba4115",
                    "label": "Stage T2",
                    "conceptMappings": []
                  },
                  {
                    "concept": "dd266d64-30ab-102d-86b0-7a5022ba4115",
                    "label": "Stage T3",
                    "conceptMappings": []
                  },
                  {
                    "concept": "dd269c18-30ab-102d-86b0-7a5022ba4115",
                    "label": "Stage T4",
                    "conceptMappings": []
                  }
                ]
              },
              "validators": [],
              "hide": {
                "hideWhenExpression": "womanInitialResult !== '25c448ff-5fe4-4a3a-8c0a-b5aaea9d5465'"
              }
            },
            {
              "label": "eMTCT Risk Assesment",
              "type": "obs",
              "id": "emtctRiskAssessment",
              "questionOptions": {
                "rendering": "select",
                "concept": "a6037516-7c28-48ac-83c4-98ab4a032fa3",
                "answers": [
                  {
                    "concept": "26514156-31fb-4a99-95f1-f005a4676c16",
                    "label": "Low Risk",
                    "conceptMappings": []
                  },
                  {
                    "concept": "1408AAAAAAAAAAAAAAAAAAAAAAAAAAAAAAAA",
                    "label": "High Risk",
                    "conceptMappings": []
                  }
                ]
              }
            },
            {
              "label": "ART Codes",
              "type": "obs",
              "id": "artCodes",
              "questionOptions": {
                "rendering": "select",
                "concept": "a615f932-26ee-449c-8e20-e50a15232763",
                "answers": [
                  {
                    "concept": "026e31b7-4a26-44d0-8398-9a41c40ff7d3",
                    "label": "New - Client Initiated on ART for eMTCT on this visit",
                    "conceptMappings": []
                  },
                  {
                    "concept": "2aa7d442-6cbb-4609-9dd3-bc2ad6f05016",
                    "label": "Known ART - Client already on HAART prior to ANC first visit",
                    "conceptMappings": []
                  },
                  {
                    "concept": "bbc63761-0741-4583-9396-a34d3a18601c",
                    "label": "Refill - Revisiting HIV Positive client already on ART",
                    "conceptMappings": []
                  },
                  {
                    "concept": "dc9b0596-30ab-102d-86b0-7a5022ba4115",
                    "label": "NA: Not Applicable",
                    "conceptMappings": []
                  },
                  {
                    "concept": "73dcdac8-527c-4c44-ae68-3fb71f71c369",
                    "label": "ND: No HIV drugs given in maternity",
                    "conceptMappings": []
                  }
                ]
              }
            },
            {
              "label": "Linkage ART No.",
              "type": "obs",
              "id": "linkageARTNo",
              "questionOptions": {
                "rendering": "text",
                "concept": "9db2900d-2b44-4629-bdf8-bf25de650577"
              },
              "validators": []
            },
            {
              "label": "Infant ARV Prophylaxis",
              "type": "obs",
              "id": "infantArvProphylaxis",
              "questionOptions": {
                "rendering": "checkbox",
                "concept": "f42e40f3-7f76-4c0d-b9cc-f66acbb092c4",
                "answers": [
                  {
                    "concept": "dc800d9d-30ab-102d-86b0-7a5022ba4115",
                    "label": "Nevirapine",
                    "conceptMappings": []
                  }
                ]
              }
            },
            {
              "label": "Viral Load",
              "type": "obs",
              "id": "viralLoad",
              "questionOptions": {
                "rendering": "number",
                "step": 1,
                "concept": "dc8d83e3-30ab-102d-86b0-7a5022ba4115",
                "calculate": {
                  "calculateExpression": "resolve(api.getLatestObs(patient.id, 'dc8d83e3-30ab-102d-86b0-7a5022ba4115')).then(obs => obs?.valueQuantity?.value)"
                },
                "conceptMappings": [],
                "answers": []
              },
              "validators": [],
              "hide": {
                "hideWhenExpression": "womanInitialResult !== '25c448ff-5fe4-4a3a-8c0a-b5aaea9d5465'"
              }
            },
            {
              "label": "HIV Viral Load Date",
              "type": "obs",
              "required": "false",
              "id": "vlDate",
              "questionOptions": {
                "rendering": "date",
                "concept": "0b434cfa-b11c-4d14-aaa2-9aed6ca2da88",
                "calculate": {
                  "calculateExpression": "resolve(api.getLatestObs(patient.id, '0b434cfa-b11c-4d14-aaa2-9aed6ca2da88')).then(obs => obs?.valueDateTime)"
                },
                "conceptMappings": [],
                "answers": []
              },
              "validators": [],
              "hide": {
                "hideWhenExpression": "womanInitialResult !== '25c448ff-5fe4-4a3a-8c0a-b5aaea9d5465'"
              }
            }
          ]
        },
        {
          "label": "Counselling and Prevention",
          "isExpanded": "true",
          "questions": [
            {
              "label": "Infant & Young Child Feeding",
              "type": "obs",
              "id": "infantYcFeeding",
              "questionOptions": {
                "rendering": "radio",
                "concept": "5d993591-9334-43d9-a208-11b10adfad85",
                "answers": [
                  {
                    "concept": "dcd695dc-30ab-102d-86b0-7a5022ba4115",
                    "label": "Yes"
                  },
                  {
                    "concept": "dcd69c06-30ab-102d-86b0-7a5022ba4115",
                    "label": "No"
                  }
                ]
              },
              "validators": []
            },
            {
              "label": "Maternal Nutrition Counselling",
              "type": "obs",
              "id": "martenalNutritionCounselling",
              "questionOptions": {
                "rendering": "radio",
                "concept": "af7dccfd-4692-4e16-bd74-5ac4045bb6bf",
                "answers": [
                  {
                    "concept": "dcd695dc-30ab-102d-86b0-7a5022ba4115",
                    "label": "Yes"
                  },
                  {
                    "concept": "dcd69c06-30ab-102d-86b0-7a5022ba4115",
                    "label": "No"
                  }
                ]
              },
              "validators": []
            },
            {
              "label": "Family Planning Counseling",
              "type": "obs",
              "id": "fpCounseling",
              "questionOptions": {
                "rendering": "select",
                "concept": "0815c786-5994-49e4-aa07-28b662b0e428",
                "answers": [
                  {
                    "concept": "928a4617-436e-44b3-91b3-725cb1b910d1",
                    "label": "Counselling Done"
                  },
                  {
                    "concept": "d142bc94-9ed9-4b99-bd88-30a022b60b3b",
                    "label": "Counselling and provided with condoms"
                  }
                ]
              },
              "validators": []
            },
            {
              "label": "GBV Risk/Type",
              "type": "obs",
              "id": "gbvRisk",
              "questionOptions": {
                "rendering": "select",
                "concept": "6b433917-16af-498d-8fda-0e7919f59c5b",
                "answers": [
                  {
                    "concept": "1490AAAAAAAAAAAAAAAAAAAAAAAAAAAAAAAA",
                    "label": "Physical Violence"
                  },
                  {
                    "concept": "6686c0f0-cf27-4b9b-8495-8cf80a7357ae",
                    "label": "Sexual Violence"
                  },
                  {
                    "concept": "ee2f128f-9c62-4814-8c9c-fbde017c74f8",
                    "label": "Psychological Violence"
                  },
                  {
                    "concept": "6d1c2d6f-eb86-4a85-b6b4-c2ff4bb879ce",
                    "label": "No history, signs and symptoms of GBV"
                  }
                ]
              },
              "validators": []
            },
            {
              "label": "Birth Preparedness",
              "type": "obs",
              "id": "birthPreparedness",
              "questionOptions": {
                "rendering": "radio",
                "concept": "82b07322-929a-46c4-bbe6-05e2c7522cfb",
                "answers": [
                  {
                    "concept": "1065AAAAAAAAAAAAAAAAAAAAAAAAAAAAAAAA",
                    "label": "Yes"
                  },
                  {
                    "concept": "1066AAAAAAAAAAAAAAAAAAAAAAAAAAAAAAAA",
                    "label": "No"
                  }
                ]
              },
              "validators": []
            }
          ]
        },
        {
          "label": "TB Status / WOA",
          "isExpanded": "true",
          "questions": [
            {
              "label": "Screened for TB",
              "type": "obs",
              "id": "screenedForTb",
              "questionOptions": {
                "rendering": "radio",
                "concept": "81fa73db-eb74-4e1b-b259-be76658cbb10",
                "answers": [
                  {
                    "concept": "1065AAAAAAAAAAAAAAAAAAAAAAAAAAAAAAAA",
                    "label": "Yes",
                    "conceptMappings": []
                  },
                  {
                    "concept": "1066AAAAAAAAAAAAAAAAAAAAAAAAAAAAAAAA",
                    "label": "No",
                    "conceptMappings": []
                  }
                ]
              }
            },
            {
              "label": "Client has presumptive TB",
              "type": "obs",
              "id": "clientHasPresumptiveTb",
              "questionOptions": {
                "rendering": "radio",
                "concept": "b80f04a4-1559-42fd-8923-f8a6d2456a04",
                "answers": [
                  {
                    "concept": "1065AAAAAAAAAAAAAAAAAAAAAAAAAAAAAAAA",
                    "label": "Yes",
                    "conceptMappings": []
                  },
                  {
                    "concept": "1066AAAAAAAAAAAAAAAAAAAAAAAAAAAAAAAA",
                    "label": "No",
                    "conceptMappings": []
                  }
                ]
              },
              "hide": {
                "hideWhenExpression": "screenedForTb !== '1065AAAAAAAAAAAAAAAAAAAAAAAAAAAAAAAA'"
              }
            },
            {
              "label": "Unit TB No.",
              "type": "obs",
              "id": "unitTbNo",
              "questionOptions": {
                "rendering": "text",
                "concept": "2e2ec250-f5d3-4de7-8c70-a458f42441e6",
                "calculate": {
                  "calculateExpression": "resolve(api.getLatestObs(patient.id, '2e2ec250-f5d3-4de7-8c70-a458f42441e6')).then(obs => obs.valueString)"
                },
                "conceptMappings": [],
                "answers": []
              },
              "hide": {
                "hideWhenExpression": "clientHasPresumptiveTb !== '1065AAAAAAAAAAAAAAAAAAAAAAAAAAAAAAAA'"
              }
            },
            {
              "label": "WOA U/S  Scan Done",
              "type": "obs",
              "id": "woaDone",
              "questionOptions": {
                "rendering": "number",
                "step": 1,
                "concept": "fbea6522-78f5-4d3d-a695-aaedfef7a76a"
              }
            }
          ]
        },
        {
          "label": "Syphilis & Hep B  Test Results",
          "isExpanded": "true",
          "questions": [
            {
              "label": "Woman's Syphilis & Hep B Results",
              "type": "obs",
              "id": "womanSyphilisResult",
              "questionOptions": {
                "rendering": "select",
                "concept": "275a6f72-b8a4-4038-977a-727552f69cb8",
                "answers": [
                  {
                    "concept": "db3b19b2-e5f0-48c5-9ab4-dd9e4ad519dd",
                    "label": "Rx: Tested positive for Syphilis/Hepatitis B and results were given; treatment initiated"
                  },
                  {
                    "concept": "fe247560-8db6-4664-a6bc-e3b873b9b10a",
                    "label": "+Ve: Tested positive for Syphilis/Hepatitis B and results were given, but treatment not yet initiated"
                  },
                  {
                    "concept": "0d323507-97ff-4146-917c-11119546c051",
                    "label": "NR: Client tested negative for Syphilis/Hepatitis B and results were given"
                  },
                  {
                    "concept": "451f794b-2f67-4ac5-bfb6-39cdae7bf4fc",
                    "label": "NT: Not tested for Syphilis/Hepatitis B"
                  }
                ]
              },
              "validators": []
            },
            {
              "label": "Woman's HBsAg",
              "type": "obs",
              "id": "womanHbsag",
              "questionOptions": {
                "rendering": "select",
                "concept": "159430AAAAAAAAAAAAAAAAAAAAAAAAAAAAAA",
                "answers": [
                  {
                    "concept": "dc85aa72-30ab-102d-86b0-7a5022ba4115",
                    "label": "Negative"
                  },
                  {
                    "concept": "dc866728-30ab-102d-86b0-7a5022ba4115",
                    "label": "Positive"
                  },
                  {
                    "concept": "1138AAAAAAAAAAAAAAAAAAAAAAAAAAAAAAAA",
                    "label": "Indeterminate"
                  }
                ]
              },
              "validators": []
            },
            {
              "label": "Woman's Eligibility for ARVs",
              "type": "obs",
              "id": "womanArvEligibility",
              "questionOptions": {
                "rendering": "select",
                "concept": "f53b4efe-f2b2-4ffc-ae76-9c2131456f21",
                "answers": [
                  {
                    "concept": "43d25c27-7097-4e17-a75d-9e720228d134",
                    "label": "P: Eligible for prophylaxis and initiated on ARVs",
                    "conceptMappings": []
                  },
                  {
                    "concept": "71d17387-d689-40d4-a326-23b79532ed8d",
                    "label": "NP: Eligible for prophylaxis but not initiated on ARVs",
                    "conceptMappings": []
                  },
                  {
                    "concept": "b49c293b-9a66-4381-a537-f6c948cdca18",
                    "label": "LT-Rx: Eligible for life long treatment and treated",
                    "conceptMappings": []
                  },
                  {
                    "concept": "c575db02-3da2-4c57-8b91-2d568b14348e",
                    "label": "LTN: Eligible for life long treatment but not treated",
                    "conceptMappings": []
                  },
                  {
                    "concept": "55a9ad4f-09de-46b8-b94c-db788ec0ad49",
                    "label": "NE: Not Eligible for prophylaxis or lifelong treatment",
                    "conceptMappings": []
                  }
                ]
              }
            },
            {
              "label": "Partner's Syphilis & Hep B Results",
              "type": "obs",
              "id": "syphilisPartnerResults",
              "questionOptions": {
                "rendering": "select",
                "concept": "d8bc9915-ed4b-4df9-9458-72ca1bc2cd06",
                "answers": [
                  {
                    "concept": "db3b19b2-e5f0-48c5-9ab4-dd9e4ad519dd",
                    "label": "Rx: Tested positive for Syphilis/Hepatitis B and results were given; treatment initiated"
                  },
                  {
                    "concept": "fe247560-8db6-4664-a6bc-e3b873b9b10a",
                    "label": "+Ve: Tested positive for Syphilis/Hepatitis B and results were given, but treatment not yet initiated"
                  },
                  {
                    "concept": "0d323507-97ff-4146-917c-11119546c051",
                    "label": "NR: Client tested negative for Syphilis/Hepatitis B and results were given"
                  },
                  {
                    "concept": "451f794b-2f67-4ac5-bfb6-39cdae7bf4fc",
                    "label": "NT: Not tested for Syphilis/Hepatitis B"
                  }
                ]
              },
              "validators": []
            },
            {
              "label": "Partner's HBsAg",
              "type": "obs",
              "id": "partnersHbsAg",
              "questionOptions": {
                "rendering": "select",
                "concept": "e919a46e-59d0-4443-9a63-ddda2346786d",
                "answers": [
                  {
                    "concept": "dc85aa72-30ab-102d-86b0-7a5022ba4115",
                    "label": "Negative"
                  },
                  {
                    "concept": "dc866728-30ab-102d-86b0-7a5022ba4115",
                    "label": "Positive"
                  },
                  {
                    "concept": "1138AAAAAAAAAAAAAAAAAAAAAAAAAAAAAAAA",
                    "label": "Indeterminate"
                  }
                ]
              },
              "validators": []
            },
            {
              "label": "Partner's Eligibility for ARVs",
              "type": "obs",
              "id": "arvPartnerEligiblity",
              "questionOptions": {
                "rendering": "select",
                "concept": "2f2c65d4-4498-46a8-8c32-e32c4da62c51",
                "answers": [
                  {
                    "concept": "43d25c27-7097-4e17-a75d-9e720228d134",
                    "label": "P: Eligible for prophylaxis and initiated on ARVs",
                    "conceptMappings": []
                  },
                  {
                    "concept": "71d17387-d689-40d4-a326-23b79532ed8d",
                    "label": "NP: Eligible for prophylaxis but not initiated on ARVs",
                    "conceptMappings": []
                  },
                  {
                    "concept": "b49c293b-9a66-4381-a537-f6c948cdca18",
                    "label": "LT-Rx: Eligible for life long treatment and treated",
                    "conceptMappings": []
                  },
                  {
                    "concept": "c575db02-3da2-4c57-8b91-2d568b14348e",
                    "label": "LTN: Eligible for life long treatment but not treated",
                    "conceptMappings": []
                  },
                  {
                    "concept": "55a9ad4f-09de-46b8-b94c-db788ec0ad49",
                    "label": "NE: Not Eligible for prophylaxis or lifelong treatment",
                    "conceptMappings": []
                  }
                ]
              },
              "validators": []
            }
          ]
        },
        {
          "label": "Medication",
          "isExpanded": "true",
          "questions": [
            {
              "label": "IPT Dose",
              "type": "obs",
              "id": "iptDose",
              "questionOptions": {
                "rendering": "select",
                "concept": "1da3cb98-59d8-4bfd-b0bb-c9c1bcd058c6",
                "answers": [
                  {
                    "concept": "0192ca59-b647-4f88-b07e-8fda991ba6d6",
                    "label": "First dose",
                    "conceptMappings": []
                  },
                  {
                    "concept": "f1d5afce-8dfe-4d2d-b24b-051815d61848",
                    "label": "Second dose",
                    "conceptMappings": []
                  },
                  {
                    "concept": "a5497b5a-7da1-42d2-9985-b5ec695b4199",
                    "label": "Third dose",
                    "conceptMappings": []
                  },
                  {
                    "concept": "da40fa2a-074f-4d90-a875-5bb8316bc753",
                    "label": "Fourth dose",
                    "conceptMappings": []
                  },
                  {
                    "concept": "dca06bae-30ab-102d-86b0-7a5022ba4115",
                    "label": "Completed",
                    "conceptMappings": []
                  },
                  {
                    "concept": "f29f43c6-076a-4f70-9ae8-4563ac3fda80",
                    "label": "ND: Not due for the dose at that visit",
                    "conceptMappings": []
                  }
                ]
              },
              "validators": []
            },
            {
              "label": "Mother received free LLIN",
              "type": "obs",
              "id": "receivedFreeLlin",
              "questionOptions": {
                "rendering": "radio",
                "concept": "3e7bb52c-e6ae-4a0b-bce0-3b36286e8658",
                "answers": [
                  {
                    "concept": "dcd695dc-30ab-102d-86b0-7a5022ba4115",
                    "label": "Yes"
                  },
                  {
                    "concept": "dcd69c06-30ab-102d-86b0-7a5022ba4115",
                    "label": "No"
                  }
                ]
              },
              "validators": []
            },
            {
              "label": "Mother received Mebandazole Dose",
              "type": "obs",
              "id": "receivedMebandazoleDose",
              "questionOptions": {
                "rendering": "select",
                "concept": "9d6abbc4-707a-4ec7-a32a-4090b1c3af87",
                "answers": [
                  {
                    "concept": "a7a9d632-b266-4085-9a5e-57fc8dd56f0c",
                    "label": "Dose received"
                  },
                  {
                    "concept": "0134c1d3-a255-46b2-ac77-38c0edcd9e53",
                    "label": "Dose not received"
                  },
                  {
                    "concept": "dca06bae-30ab-102d-86b0-7a5022ba4115",
                    "label": "Completed"
                  },
                  {
                    "concept": "beb5523f-ec5a-46fe-a7c9-f3270a05f4b4",
                    "label": "Not due for dose"
                  }
                ]
              },
              "validators": []
            }
          ]
        },
        {
          "label": "Vaccination Status",
          "isExpanded": "true",
          "questions": [
            {
              "label": "Tetanus",
              "type": "obs",
              "id": "tetanusVaccinationStatus",
              "questionOptions": {
                "rendering": "select",
                "concept": "39217e3d-6a39-4679-bf56-f0954a7ffdb8",
                "answers": [
                  {
                    "concept": "0192ca59-b647-4f88-b07e-8fda991ba6d6",
                    "label": "First dose",
                    "conceptMappings": []
                  },
                  {
                    "concept": "f1d5afce-8dfe-4d2d-b24b-051815d61848",
                    "label": "Second dose",
                    "conceptMappings": []
                  },
                  {
                    "concept": "a5497b5a-7da1-42d2-9985-b5ec695b4199",
                    "label": "Third dose",
                    "conceptMappings": []
                  },
                  {
                    "concept": "da40fa2a-074f-4d90-a875-5bb8316bc753",
                    "label": "Fourth dose",
                    "conceptMappings": []
                  },
                  {
                    "concept": "18f11bf4-c986-4cdd-b31c-fb189ea39333",
                    "label": "Fifth Dose",
                    "conceptMappings": []
                  },
                  {
                    "concept": "dca06bae-30ab-102d-86b0-7a5022ba4115",
                    "label": "Completed",
                    "conceptMappings": []
                  }
                ]
              },
              "validators": []
            },
            {
              "label": "Hepatitis B",
              "type": "obs",
              "id": "hepatitisBVaccinationStatus",
              "questionOptions": {
                "rendering": "select",
                "concept": "1572ab31-28d3-4eec-8f3b-f4867972781f",
                "answers": [
                  {
                    "concept": "0192ca59-b647-4f88-b07e-8fda991ba6d6",
                    "label": "First dose",
                    "conceptMappings": []
                  },
                  {
                    "concept": "f1d5afce-8dfe-4d2d-b24b-051815d61848",
                    "label": "Second dose",
                    "conceptMappings": []
                  },
                  {
                    "concept": "a5497b5a-7da1-42d2-9985-b5ec695b4199",
                    "label": "Third dose",
                    "conceptMappings": []
                  },
                  {
                    "concept": "da40fa2a-074f-4d90-a875-5bb8316bc753",
                    "label": "Fourth dose",
                    "conceptMappings": []
                  },
                  {
                    "concept": "18f11bf4-c986-4cdd-b31c-fb189ea39333",
                    "label": "Fifth Dose",
                    "conceptMappings": []
                  },
                  {
                    "concept": "dca06bae-30ab-102d-86b0-7a5022ba4115",
                    "label": "Completed",
                    "conceptMappings": []
                  }
                ]
              },
              "validators": []
            },
            {
              "label": "COVID-19",
              "type": "obs",
              "id": "covidVaccStatus",
              "questionOptions": {
                "rendering": "select",
                "concept": "50032cf9-d5e6-4b8d-8d7d-32906d6a1115",
                "answers": [
                  {
                    "concept": "560c41fd-07a2-4b84-8f6c-df7b671f0425",
                    "label": "Partial"
                  },
                  {
                    "concept": "dca06bae-30ab-102d-86b0-7a5022ba4115",
                    "label": "Completed"
                  },
                  {
                    "concept": "f1ba16e1-1567-4657-b881-02a6218f7533",
                    "label": "Boosted"
                  },
                  {
                    "concept": "9a135b14-6b01-474b-a8ff-63398e65a4c6",
                    "label": "Not Vaccinated"
                  },
                  {
                    "concept": "dca26f78-30ab-102d-86b0-7a5022ba4115",
                    "label": "Not Eligible"
                  }
                ]
              }
            }
          ]
        },
        {
          "label": "Micro nutrients supplements",
          "isExpanded": "true",
          "questions": [
            {
              "label": "Number of Iron Sulphates pills",
              "type": "obs",
              "id": "ironSulphatesPills",
              "questionOptions": {
                "rendering": "number",
                "concept": "c02d9887-6a46-43cc-9495-5ec034dc05d6",
                "step": 1
              },
              "validators": []
            },
            {
              "label": "Number of Folic Acid pills",
              "type": "obs",
              "id": "folicAcidPills",
              "questionOptions": {
                "rendering": "number",
                "concept": "961ff308-bc19-4ae4-ba11-fe29157d20f9",
                "step": 1
              },
              "validators": []
            },
            {
              "label": "Number of Iron & Folic Acid Combined pills",
              "type": "obs",
              "id": "ironFolicAcidPills",
              "questionOptions": {
                "rendering": "number",
                "concept": "b1e565e0-833e-4c9e-aea4-43ebf781c1e4",
                "step": 1
              },
              "validators": []
            },
            {
              "label": "Number of Multiple Micronutrient Supplements pills",
              "type": "obs",
              "id": "multipleMicronutrientPills",
              "questionOptions": {
                "rendering": "number",
                "concept": "4cbd2972-ec29-4f90-8cbc-591d018f67a8",
                "step": 1
              },
              "validators": []
            }
          ]
        },
        {
          "label": "Linkage / Referral",
          "isExpanded": "true",
          "questions": [
            {
              "label": "Other Treatment Given",
              "type": "obs",
              "id": "otherTreatment",
              "questionOptions": {
                "rendering": "textarea",
                "concept": "59560ede-43e2-4e56-a47e-0f876779f0e1"
              }
            },
            {
              "label": "Complications/Risk Factors",
              "type": "obs",
              "id": "riskFactors",
              "questionOptions": {
                "rendering": "textarea",
                "concept": "120186AAAAAAAAAAAAAAAAAAAAAAAAAAAAAA"
              }
            },
            {
              "label": "Linked to Group ANC",
              "type": "obs",
              "id": "linkedToGroupAnc",
              "questionOptions": {
                "rendering": "radio",
                "concept": "9e68083f-1c4d-4919-9ec1-4a270ed5c975",
                "answers": [
                  {
                    "concept": "1065AAAAAAAAAAAAAAAAAAAAAAAAAAAAAAAA",
                    "label": "Yes"
                  },
                  {
                    "concept": "1066AAAAAAAAAAAAAAAAAAAAAAAAAAAAAAAA",
                    "label": "No"
                  }
                ]
              },
              "validators": []
            },
            {
              "label": "Referral Type",
              "type": "obs",
              "id": "referralType",
              "questionOptions": {
                "rendering": "radio",
                "concept": "67ea4375-0f4f-4e67-b8b0-403942753a4d",
                "answers": [
                  {
                    "concept": "865811ad-796f-48c2-b575-1f530122c408",
                    "label": "Health Facility",
                    "conceptMappings": []
                  },
                  {
                    "concept": "1ca0db4a-c5c6-48ed-9e17-84905f4487eb",
                    "label": "Community",
                    "conceptMappings": []
                  },
                  {
                    "concept": "160036AAAAAAAAAAAAAAAAAAAAAAAAAAAAAA",
                    "label": "Transfer out",
                    "conceptMappings": []
                  }
                ]
              }
            },
            {
              "label": "Ref In No.",
              "id": "refInNumber",
              "type": "obs",
              "questionOptions": {
                "rendering": "text",
                "concept": "9bf35577-f802-437d-8ca3-84ab15191d6e"
              },
              "hide": {
                "hideWhenExpression": "isEmpty(referralType) || referralType !== '865811ad-796f-48c2-b575-1f530122c408'"
              }
            },
            {
              "label": "C/Ref In No.",
              "id": "crefInNumber",
              "type": "obs",
              "questionOptions": {
                "rendering": "text",
                "concept": "0c522db6-4332-4aa1-8293-e97ce406829a"
              },
              "hide": {
                "hideWhenExpression": "isEmpty(referralType) || referralType !== '1ca0db4a-c5c6-48ed-9e17-84905f4487eb'"
              }
            },
            {
              "label": "Ref Out No.",
              "id": "refOutNumber",
              "type": "obs",
              "questionOptions": {
                "rendering": "text",
                "concept": "6f4f345f-e6a7-40ec-b7be-7d3b99f202ef"
              },
              "hide": {
                "hideWhenExpression": "isEmpty(referralType) || referralType !== '160036AAAAAAAAAAAAAAAAAAAAAAAAAAAAAA'"
              }
            }
          ]
        },
        {
          "label": "Complications/Risk Factors",
          "isExpanded": "true",
          "questions": [
            {
              "label": "Complications and Risk Factors found after assessment",
              "type": "obs",
              "id": "riskFactors",
              "questionOptions": {
                "rendering": "textarea",
                "concept": "c2ff3c0b-1d02-4f45-96a4-8b5087f232fc"
              }
            },
            {
              "label": "Return Date",
              "type": "obs",
              "id": "returnVisitDate",
              "datePickerFormat": "calendar",
              "questionOptions": {
                "rendering": "date",
                "concept": "dcac04cf-30ab-102d-86b0-7a5022ba4115"
              },
              "validators": [
                {
                  "type": "date",
                  "allowFutureDates": "true"
                }
              ]
            },
            {
              "label": "Reason for next appointment",
              "type": "obs",
              "id": "reasonForNextAppoinment",
              "questionOptions": {
                "rendering": "select",
                "concept": "160288AAAAAAAAAAAAAAAAAAAAAAAAAAAAAA",
                "answers": [
                  {
                    "concept": "347e93a0-72c2-400f-9579-116ce3ba6a68",
                    "label": "Checkup"
                  },
                  {
                    "concept": "24fe86b4-b945-48f7-aac2-8976588a54e7",
                    "label": "Booking"
                  },
                  {
                    "concept": "66e0322d-6e4f-409d-b37c-ca9e58b5a157",
                    "label": "Ultra Sound"
                  },
                  {
                    "concept": "dcd68a88-30ab-102d-86b0-7a5022ba4115",
                    "label": "Other Specify"
                  }
                ]
              },
              "validators": []
            },
            {
              "label": "Other Reason for Next Appointment",
              "type": "obs",
              "id": "otherAppointmentReason",
              "questionOptions": {
                "rendering": "text",
                "concept": "e17524f4-4445-417e-9098-ecdd134a6b81"
              },
              "validators": [],
              "hide": {
                "hideWhenExpression": "isEmpty(reasonForNextAppoinment) || reasonForNextAppoinment != 'dcd68a88-30ab-102d-86b0-7a5022ba4115'"
              }
            }
          ]
        }
      ]
    }
  ]
}