{
  "name": "HMIS ACP 002: Viral Load Request Form",
  "version": "4.1.4",
  "description": "Lab Request Form for VL Analysis/HIV DR Testing",
  "encounterType": "cbf01392-ca29-11e9-a32f-2a2ae2dbcce4",
  "encounter": "Lab Request Encounter",
  "uuid": "c0ba84af-d2b3-485f-bede-9c008fbc0d03",
  "processor": "EncounterFormProcessor",
  "published": true,
  "retired": false,
  "referencedForms": [],
  "allowUnspecifiedAll": true,
  "pages": [
    {
      "label": "Viral Load Request Form",
      "sections": [
        {
          "label": "Treatment Information",
          "isExpanded": "true",
          "questions": [
            {
              "label": "Date",
              "type": "encounterDatetime",
              "id": "requestVlDate",
              "questionOptions": {
                "rendering": "date",
                "allowFutureDates": "false",
                "answers": []
              },
              "validators": []
            },
            {
              "label": "Date of Treatment Initiation",
              "type": "obs",
              "required": "true",
              "id": "artStartDate",
              "questionOptions": {
                "rendering": "date",
                "concept": "ab505422-26d9-41f1-a079-c3d222000440",
                "calculate": {
                  "calculateExpression": "resolve(api.getLatestObs(patient?.id, 'ab505422-26d9-41f1-a079-c3d222000440')).then(obs => obs?.valueDateTime)"
                }
              },
              "validators": [
                {
                  "type": "date",
                  "allowFutureDates": "false"
                }
              ]
            },
            {
              "label": "Current WHO Clinical Stage",
              "type": "obs",
              "required": "true",
              "id": "currentWHOClinicStage",
              "questionOptions": {
                "rendering": "select",
                "concept": "dcdff274-30ab-102d-86b0-7a5022ba4115",
                "calculate": {
                  "calculateExpression": "resolve(api.getLatestObs(patient.id, 'dcdff274-30ab-102d-86b0-7a5022ba4115')).then(obs => obs.valueCodeableConcept?.coding[0]?.code)"
                },
                "answers": [
                  {
                    "concept": "dcda2bc2-30ab-102d-86b0-7a5022ba4115",
                    "label": "Stage 1",
                    "conceptMappings": []
                  },
                  {
                    "concept": "dcda3251-30ab-102d-86b0-7a5022ba4115",
                    "label": "Stage 2",
                    "conceptMappings": []
                  },
                  {
                    "concept": "dcda3663-30ab-102d-86b0-7a5022ba4115",
                    "label": "Stage 3",
                    "conceptMappings": []
                  },
                  {
                    "concept": "dcda3a80-30ab-102d-86b0-7a5022ba4115",
                    "label": "Stage 4",
                    "conceptMappings": []
                  },
                  {
                    "concept": "dd25e735-30ab-102d-86b0-7a5022ba4115",
                    "label": "Stage T1",
                    "conceptMappings": []
                  },
                  {
                    "concept": "dd2666a5-30ab-102d-86b0-7a5022ba4115",
                    "label": "Stage T2",
                    "conceptMappings": []
                  },
                  {
                    "concept": "dd266d64-30ab-102d-86b0-7a5022ba4115",
                    "label": "Stage T3",
                    "conceptMappings": []
                  },
                  {
                    "concept": "dd269c18-30ab-102d-86b0-7a5022ba4115",
                    "label": "Stage T4",
                    "conceptMappings": []
                  }
                ]
              },
              "validators": []
            },
            {
              "label": "Current Regimen Line",
              "type": "obs",
              "required": "true",
              "id": "currentRegimenLine",
              "readonly": "false",
              "questionOptions": {
                "concept": "80148344-ce80-42f7-9d4a-8c1935efe76e",
                "rendering": "select",
                "calculate": {
                  "calculateExpression": "resolve(api.getLatestObs(patient.id, '164515AAAAAAAAAAAAAAAAAAAAAAAAAAAAAA')).then(obs => obs.valueCodeableConcept?.coding[0]?.code)"
                },
                "answers": [
                  {
                    "value": "dce145c0-30ab-102d-86b0-7a5022ba4115",
                    "label": "First Line ARV Regimen"
                  },
                  {
                    "value": "dd277db4-30ab-102d-86b0-7a5022ba4115",
                    "label": "Second Line ARV Regimen"
                  },
                  {
                    "value": "c2742c79-8c24-4fd6-9750-ecfdc7501080",
                    "label": "Third Line ARV Regimen"
                  }
                ]
              }
            },
            {
              "label": "Current Regimen",
              "type": "obs",
              "required": "true",
              "id": "currentRegimen",
              "readonly": "false",
              "questionOptions": {
                "rendering": "select",
                "concept": "dd2b0b4d-30ab-102d-86b0-7a5022ba4115",
                "calculate": {
                  "calculateExpression": "resolve(api.getLatestObs(patient.id, 'dd2b0b4d-30ab-102d-86b0-7a5022ba4115')).then(obs => obs.valueCodeableConcept?.coding[0]?.code)"
                },
                "conceptMappings": [],
                "answers": [
                  {
                    "concept": "25186d70-ed8f-486c-83e5-fc31cbe95630",
                    "label": "ABC-3TC-ATV/r"
                  },
                  {
                    "concept": "583a954b-0cd5-4b69-aef6-87c281e03a55",
                    "label": "ABC-3TC-EFV"
                  },
                  {
                    "concept": "14c56659-3d4e-4b88-b3ff-e2d43dbfb865",
                    "label": "ABC-3TC-LPV/r"
                  },
                  {
                    "concept": "6cdbfee8-87bf-406c-8dc3-3a22d95e952c",
                    "label": "ABC-3TC-NVP"
                  },
                  {
                    "concept": "faf13d3c-7ca8-4995-ab29-749f3960b83d",
                    "label": "ABC-DDI-ATV/r"
                  },
                  {
                    "concept": "dd2b9181-30ab-102d-86b0-7a5022ba4115",
                    "label": "ABC-DDI-LPV/R"
                  },
                  {
                    "concept": "dd2b97d3-30ab-102d-86b0-7a5022ba4115",
                    "label": "ABC-DDI-NFV"
                  },
                  {
                    "concept": "dd2b9e11-30ab-102d-86b0-7a5022ba4115",
                    "label": "ABC-DDI-SQV/R"
                  },
                  {
                    "concept": "dd2b452c-30ab-102d-86b0-7a5022ba4115",
                    "label": "ABC-DDI(250)-LPV/R"
                  },
                  {
                    "concept": "dd2b53d6-30ab-102d-86b0-7a5022ba4115",
                    "label": "ABC-DDI(250)-SQV/R"
                  },
                  {
                    "concept": "dd2b4d82-30ab-102d-86b0-7a5022ba4115",
                    "label": "ABC-DDI(400)-LPV/R"
                  },
                  {
                    "concept": "dd2b5a01-30ab-102d-86b0-7a5022ba4115",
                    "label": "ABC-DDI(400)-SQV/R"
                  },
                  {
                    "concept": "6cc36637-596a-4426-92cf-170f76ea437d",
                    "label": "ABC/3TC/DTG"
                  },
                  {
                    "concept": "d4393bd0-3a9e-4716-8968-1057c58c32bc",
                    "label": "AZT-3TC-ATV/r"
                  },
                  {
                    "concept": "dd2b3eee-30ab-102d-86b0-7a5022ba4115",
                    "label": "AZT-3TC-EFV"
                  },
                  {
                    "concept": "f30e9dae-cc6a-4669-98d5-ad25b8a3ce9c",
                    "label": "AZT-3TC-LPV/r"
                  },
                  {
                    "concept": "dd2b361c-30ab-102d-86b0-7a5022ba4115",
                    "label": "AZT-3TC-NVP"
                  },
                  {
                    "concept": "f00e5ff7-73bb-4385-8ee1-ea7aa772ec3e",
                    "label": "AZT-ABC-LPV/r"
                  },
                  {
                    "concept": "4a608d68-516f-44d2-9e0b-1783dc0d870e",
                    "label": "AZT-DDI-LPV/r"
                  },
                  {
                    "concept": "942e427c-7a3b-49b6-97f3-5cdbfeb8d0e3",
                    "label": "AZT-DDI(250)-LPV/r"
                  },
                  {
                    "concept": "29439504-5f5d-49ac-b8e4-258adc08c67a",
                    "label": "AZT-DDI(400)-LPV/r"
                  },
                  {
                    "concept": "a779d984-9ccf-4424-a750-47506bf8212b",
                    "label": "AZT/3TC/DTG"
                  },
                  {
                    "concept": "dd2b8b27-30ab-102d-86b0-7a5022ba4115",
                    "label": "D4T-3TC-EFV"
                  },
                  {
                    "concept": "dd2b84c5-30ab-102d-86b0-7a5022ba4115",
                    "label": "D4T-3TC-NVP"
                  },
                  {
                    "concept": "dd2b29b1-30ab-102d-86b0-7a5022ba4115",
                    "label": "D4T(30)-3TC-EFV"
                  },
                  {
                    "concept": "dd2b1d43-30ab-102d-86b0-7a5022ba4115",
                    "label": "D4T(30)-3TC-NVP"
                  },
                  {
                    "concept": "dd2b2fec-30ab-102d-86b0-7a5022ba4115",
                    "label": "D4T(40)-3TC-EFV"
                  },
                  {
                    "concept": "dd2b2384-30ab-102d-86b0-7a5022ba4115",
                    "label": "D4T(40)-3TC-NVP"
                  },
                  {
                    "concept": "dcd68a88-30ab-102d-86b0-7a5022ba4115",
                    "label": "OTHER SPECIFY"
                  },
                  {
                    "concept": "fe78521e-eb7a-440f-912d-0eb9bf2d4b2c",
                    "label": "TDF-3TC-ATV/r"
                  },
                  {
                    "concept": "25b0b83c-a7b8-4663-b727-0c03c982bab2",
                    "label": "TDF-3TC-EFV"
                  },
                  {
                    "concept": "4b9c639e-3d06-4f2a-9c34-dd07e44f4fa6",
                    "label": "TDF-3TC-LPV/r"
                  },
                  {
                    "concept": "012a1378-b005-4793-8ea0-d01fceea769d",
                    "label": "TDF-3TC-NVP"
                  },
                  {
                    "concept": "d239c3d5-d296-4458-b49d-8501258886e5",
                    "label": "TDF-DDI-LPV/R"
                  },
                  {
                    "concept": "e391909f-6682-4132-a08e-c481127cdeda",
                    "label": "TDF-DDI-SQV/R"
                  },
                  {
                    "concept": "dd2b603c-30ab-102d-86b0-7a5022ba4115",
                    "label": "TDF-DDI(250)-LPV/R"
                  },
                  {
                    "concept": "dd2b7604-30ab-102d-86b0-7a5022ba4115",
                    "label": "TDF-DDI(250)-SQV/R"
                  },
                  {
                    "concept": "dd2b6f61-30ab-102d-86b0-7a5022ba4115",
                    "label": "TDF-DDI(400)-LPV/R"
                  },
                  {
                    "concept": "dd2b7c12-30ab-102d-86b0-7a5022ba4115",
                    "label": "TDF-DDI(400)-SQV/R"
                  },
                  {
                    "concept": "20bcbf56-2784-4bf0-a6b4-23ba43764163",
                    "label": "TDF-FTC-EFV"
                  },
                  {
                    "concept": "b06bdb63-dd08-4b80-af5a-d17f6b3062a5",
                    "label": "TDF-FTC-LPV/r"
                  },
                  {
                    "concept": "f99ef0fa-b299-4573-ae31-f4d09b1b69d5",
                    "label": "TDF-FTC-NVP"
                  },
                  {
                    "concept": "a58d12c5-abc2-4575-8fdb-f30960f348fc",
                    "label": "TDF/3TC/DTG"
                  }
                ]
              },
              "validators": []
            },
            {
              "label": "Other Current Regimen",
              "type": "obs",
              "required": "true",
              "id": "otherCurrentRegimen",
              "questionOptions": {
                "rendering": "text",
                "concept": "97c48198-3cf7-4892-a3e6-d61fb1125882",
                "calculate": {
                  "calculateExpression": "resolve(api.getLatestObs(patient.id, '97c48198-3cf7-4892-a3e6-d61fb1125882')).then(obs => obs.valueCodeableConcept?.coding[0]?.code)"
                }
              },
              "validators": [],
              "hide": {
                "hideWhenExpression": "isEmpty(currentRegimen) || currentRegimen !== 'dcd68a88-30ab-102d-86b0-7a5022ba4115'"
              }
            },
            {
              "label": "Mother Pregnant",
              "type": "obs",
              "required": "true",
              "id": "pregnantMother",
              "questionOptions": {
                "rendering": "radio",
                "concept": "dcda5179-30ab-102d-86b0-7a5022ba4115",
                "calculate": {
                  "calculateExpression": "resolve(api.getLatestObs(patient.id, 'dcda5179-30ab-102d-86b0-7a5022ba4115')).then(obs => obs.valueCodeableConcept?.coding[0]?.code)"
                },
                "conceptMappings": [],
                "answers": [
                  {
                    "concept": "1065AAAAAAAAAAAAAAAAAAAAAAAAAAAAAAAA",
                    "label": "Yes"
                  },
                  {
                    "concept": "1066AAAAAAAAAAAAAAAAAAAAAAAAAAAAAAAA",
                    "label": "No"
                  }
                ]
              },
              "validators": [],
              "hide": {
                "hideWhenExpression": "sex !== 'F'"
              }
            },
            {
              "label": "ANC NO.",
              "id": "ancNumber",
              "type": "obs",
              "questionOptions": {
                "rendering": "number",
                "step": 1,
                "concept": "c7231d96-34d8-4bf7-a509-c810f75e3329",
                "calculate": {
                  "calculateExpression": "resolve(api.getLatestObs(patient.id, 'c7231d96-34d8-4bf7-a509-c810f75e3329')).then(obs => obs.valueQuantity?.value)"
                }
              },
              "hide": {
                "hideWhenExpression": "isEmpty(pregnantMother) || pregnantMother != '1065AAAAAAAAAAAAAAAAAAAAAAAAAAAAAAAA'"
              }
            },
            {
              "label": "PNC No.",
              "type": "obs",
              "id": "pncNumber",
              "questionOptions": {
                "rendering": "text",
                "step": 1,
                "concept": "ef1f4c7a-2b90-4412-83bb-87ae8094ce4c",
                "calculate": {
                  "calculateExpression": "resolve(api.getLatestObs(patient.id, 'ef1f4c7a-2b90-4412-83bb-87ae8094ce4c')).then(obs => obs.valueString)"
                }
              },
              "validators": [],
              "hide": {
                "hideWhenExpression": "isEmpty(pregnantMother) || pregnantMother != '1065AAAAAAAAAAAAAAAAAAAAAAAAAAAAAAAA'"
              }
            },
            {
              "label": "Mother Breastfeeding",
              "type": "obs",
              "required": "true",
              "id": "breastfeedingMother",
              "questionOptions": {
                "rendering": "radio",
                "concept": "9e5ac0a8-6041-4feb-8c07-fe522ef5f9ab",
                "calculate": {
                  "calculateExpression": "resolve(api.getLatestObs(patient.id, '9e5ac0a8-6041-4feb-8c07-fe522ef5f9ab')).then(obs => obs.valueCodeableConcept?.coding[0]?.code)"
                },
                "conceptMappings": [],
                "answers": [
                  {
                    "concept": "1065AAAAAAAAAAAAAAAAAAAAAAAAAAAAAAAA",
                    "label": "Yes"
                  },
                  {
                    "concept": "1066AAAAAAAAAAAAAAAAAAAAAAAAAAAAAAAA",
                    "label": "No"
                  }
                ]
              },
              "validators": [],
              "hide": {
                "hideWhenExpression": "sex !== 'F'"
              }
            },
            {
              "label": "Active TB",
              "type": "obs",
              "required": "true",
              "id": "hasActiveTb",
              "questionOptions": {
                "rendering": "radio",
                "concept": "8c54d11f-e3f7-4146-b1e2-1667034c61b4",
                "calculate": {
                  "calculateExpression": "resolve(api.getLatestObs(patient.id, '8c54d11f-e3f7-4146-b1e2-1667034c61b4')).then(obs => obs.valueCodeableConcept?.coding[0]?.code)"
                },
                "conceptMappings": [],
                "answers": [
                  {
                    "concept": "1065AAAAAAAAAAAAAAAAAAAAAAAAAAAAAAAA",
                    "label": "Yes"
                  },
                  {
                    "concept": "1066AAAAAAAAAAAAAAAAAAAAAAAAAAAAAAAA",
                    "label": "No"
                  }
                ]
              },
              "validators": []
            },
            {
              "label": "TB Treatment Phase",
              "type": "obs",
              "required": "false",
              "id": "tbTreatmentPhase",
              "questionOptions": {
                "rendering": "radio",
                "concept": "159792AAAAAAAAAAAAAAAAAAAAAAAAAAAAAA",
                "calculate": {
                  "calculateExpression": "resolve(api.getLatestObs(patient.id, '159792AAAAAAAAAAAAAAAAAAAAAAAAAAAAAA')).then(obs => obs.valueCodeableConcept?.coding[0]?.code)"
                },
                "conceptMappings": [],
                "answers": [
                  {
                    "concept": "159795AAAAAAAAAAAAAAAAAAAAAAAAAAAAAA",
                    "label": "Initiation Phase"
                  },
                  {
                    "concept": "159794AAAAAAAAAAAAAAAAAAAAAAAAAAAAAA",
                    "label": "Continuation phase"
                  }
                ]
              },
              "validators": [],
              "hide": {
                "hideWhenExpression": "activeTb !== '1065AAAAAAAAAAAAAAAAAAAAAAAAAAAAAAAA'"
              }
            },
            {
              "label": "ARV Adherence",
              "type": "obs",
              "id": "arvAdherence",
              "required": "true",
              "questionOptions": {
                "rendering": "select",
                "concept": "dce03b2f-30ab-102d-86b0-7a5022ba4115",
                "calculate": {
                  "calculateExpression": "resolve(api.getLatestObs(patient.id, 'dce03b2f-30ab-102d-86b0-7a5022ba4115')).then(obs => obs.valueCodeableConcept?.coding[0]?.code)"
                },
                "answers": [
                  {
                    "concept": "dcdf1708-30ab-102d-86b0-7a5022ba4115",
                    "label": "Good ≥ 95%"
                  },
                  {
                    "concept": "dcdf1b36-30ab-102d-86b0-7a5022ba4115",
                    "label": "Fair 85-94%"
                  },
                  {
                    "concept": "dcdf1f4a-30ab-102d-86b0-7a5022ba4115",
                    "label": "Poor 85-94%"
                  }
                ]
              },
              "validators": []
            },
            {
              "label": "Treatment Care Approach (DSDM)",
              "type": "obs",
              "id": "dsdmModels",
              "required": "true",
              "questionOptions": {
                "rendering": "select",
                "concept": "1e755463-df07-4f18-bc67-9e5527bc252f",
                "calculate": {
                  "calculateExpression": "resolve(api.getLatestObs(patient.id, '1e755463-df07-4f18-bc67-9e5527bc252f')).then(obs => obs.valueCodeableConcept?.coding[0]?.code)"
                },
                "conceptMappings": [],
                "answers": [
                  {
                    "concept": "c6563d48-5e16-45e5-ab6f-a64214656801",
                    "label": "GMH - Group models managed by HCW"
                  },
                  {
                    "concept": "b69dc787-8a34-443a-a054-e2a895a10a58",
                    "label": "GMC - Group models managed by client"
                  },
                  {
                    "concept": "c3c9a3cd-e277-49e8-bd31-e8898a3d14f5",
                    "label": "IMF - Individual models based at facilities"
                  },
                  {
                    "concept": "9d1a4797-766e-495f-9387-b92462926fad",
                    "label": "IMC - Individual model based in community"
                  }
                ]
              },
              "validators": []
            },
            {
              "label": "Order Test",
              "type": "testOrder",
              "id": "vlTestOrder",
              "required": "true",
              "questionOptions": {
                "rendering": "repeating",
                "orderSettingUuid": "OUTPATIENT",
                "orderType": "testorder",
                "answers": [
                  {
                    "concept": "1eb05918-f50c-4cad-a827-3c78f296a10a",
                    "label": "VL",
                    "conceptMappings": []
                  }
                ],
                "selectableOrders": [
                  {
                    "concept": "1eb05918-f50c-4cad-a827-3c78f296a10a",
                    "label": "VL"
                  },
                  {
                    "concept": "cbbc116a-a7e2-11ed-afa1-0242ac120002",
                    "label": "HIV DRUG RESITANCE"
                  }
                ]
              },
              "validators": []
            },
            {
              "label": "Indication for viral load testing",
              "type": "obs",
              "id": "indicationVlTesting",
              "required": "true",
              "questionOptions": {
                "rendering": "select",
                "concept": "59f36196-3ebe-4fea-be92-6fc9551c3a11",
                "calculate": {
                  "calculateExpression": "resolve(api.getLatestObs(patient.id, '59f36196-3ebe-4fea-be92-6fc9551c3a11')).then(obs => obs.valueCodeableConcept?.coding[0]?.code)"
                },
                "conceptMappings": [],
                "answers": [
                  {
                    "concept": "67fab588-d3b0-4aa5-a165-ebd3b00b285b",
                    "label": "12 months after ART initiation",
                    "conceptMappings": []
                  },
                  {
                    "concept": "224c94e0-2b8b-4deb-892c-04151ee0e885",
                    "label": "6 months after ART initiation",
                    "conceptMappings": []
                  },
                  {
                    "concept": "f3cdf0b6-321a-493d-a7e8-9a2b2a077f72",
                    "label": "Suspected treatment failure",
                    "conceptMappings": []
                  },
                  {
                    "concept": "bab153f4-7679-4040-9716-6879dffef905",
                    "label": "Special Considerations",
                    "conceptMappings": []
                  },
                  {
                    "concept": "20ab2ec5-5390-4461-b85f-69bf650ce992",
                    "label": "Repeat (after IAC)",
                    "conceptMappings": []
                  },
                  {
                    "concept": "68b58a80-af4e-43a5-a70d-113747a6cbb7",
                    "label": "Routine",
                    "conceptMappings": []
                  },
                  {
                    "concept": "588ac57f-a4d0-47c2-9852-92502194ec4a",
                    "label": "1st ANC visit",
                    "conceptMappings": []
                  }
                ]
              },
              "hide": {
                "hideWhenExpression": "isEmpty(vlTestOrder)"
              }
            },
            {
              "label": "Date of Sample Collection",
              "type": "obs",
              "required": "true",
              "id": "sampleCollectionDate",
              "questionOptions": {
                "rendering": "date",
                "concept": "0b434cfa-b11c-4d14-aaa2-9aed6ca2da88"
              },
              "validators": [
                {
                  "type": "date",
                  "allowFutureDates": "false"
                }
              ],
              "hide": {
                "hideWhenExpression": "isEmpty(vlTestOrder)"
              }
            }
          ]
        }
      ]
    }
  ]
}