{
  "name": "HMIS ACP 003: HIV Care ART Card - Health Education And Psychosocial support Page",
  "version": "4.1.0",
  "description": "Captures health eduction and counseling encounters",
  "encounter": "ART Card - Health Education Encounter",
  "encounterType": "6d88e370-f2ba-476b-bf1b-d8eaf3b1b67e",
  "uuid": "b8224534-7df0-4c00-ba8e-6b1f291087eb",
  "processor": "EncounterFormProcessor",
  "published": true,
  "retired": false,
  "pages": [
    {
      "label": "Visit Information Details",
      "sections": [
        {
          "label": "Assess (PSS1)",
          "isExpanded": "true",
          "questions": [
            {
              "label": "Psychological /emotional issues",
              "type": "obs",
              "id": "emotionalIssues",
              "questionOptions": {
                "rendering": "multiCheckbox",
                "concept": "1760ea50-8f05-4675-aedd-d55f99541aa8",
                "conceptMappings": [],
                "answers": [
                  {
                    "concept": "6cec43a1-1f3c-42ab-844a-c3f786ec06f2",
                    "label": "Denial/coping with result"
                  },
                  {
                    "concept": "0e36d228-8f19-407b-ad0b-b8b5bc4d3ba8",
                    "label": " Anger/Stress"
                  },
                  {
                    "concept": "dcde3d87-30ab-102d-86b0-7a5022ba4115",
                    "label": "Fear/Anxiety"
                  },
                  {
                    "concept": "1b532410-60c4-4514-be80-12ee3d8224a7",
                    "label": "Bereavement"
                  }
                ]
              },
              "validators": []
            },
            {
              "label": "Social Issues",
              "type": "obs",
              "id": "socialIssues",
              "questionOptions": {
                "rendering": "multiCheckbox",
                "concept": "1760ea50-8f05-4675-aedd-d55f99541aa8",
                "conceptMappings": [],
                "answers": [
                  {
                    "concept": "01199072-c041-4129-8a12-bd97eb0156fc",
                    "label": "Non- disclosure"
                  },
                  {
                    "concept": "dcdee9a8-30ab-102d-86b0-7a5022ba4115",
                    "label": "Stigma & discrimination"
                  },
                  {
                    "concept": "b9884d17-08a1-430b-b003-3b79d467a9f0",
                    "label": "Dysfunctional family support system"
                  },
                  {
                    "concept": "c14695ca-6f11-4f1c-9af5-8f3bd5ddb3a3",
                    "label": "Harmful habits (Alcohol & substance use)"
                  },
                  {
                    "concept": "fbc8c14f-8348-4acc-abd7-f14df60eff2d",
                    "label": "Risky sexual behaviors"
                  },
                  {
                    "concept": "0cb89eba-5abf-4cb8-bc7f-0ab299035437",
                    "label": "Lack of life survival skills"
                  },
                  {
                    "concept": "421dbf80-169b-4f02-a285-295d21ff64e9",
                    "label": "Transition Challenges"
                  },
                  {
                    "concept": "c8c6939c-a36b-4ee0-8c6e-85c6a259a0eb",
                    "label": "Economic Challenges"
                  },
                  {
                    "concept": "bf155da2-8f4e-42c9-8828-eb913a66ae7a",
                    "label": "Had 1 meal a day"
                  },
                  {
                    "concept": "8595afed-96a0-4f3e-b88d-acc4ca81d03e",
                    "label": "Malnourished"
                  }
                ]
              },
              "validators": []
            },
            {
              "label": "OVC Screening",
              "type": "obs",
              "id": "ovcScreening",
              "questionOptions": {
                "rendering": "select",
                "concept": "c2f9c9f3-3e46-456c-9f17-7bb23c473f1b",
                "conceptMappings": [],
                "answers": [
                  {
                    "concept": "6d1c2d6f-eb86-4a85-b6b4-c2ff4bb879ce",
                    "label": "No Signs"
                  },
                  {
                    "concept": "f6e863c5-1e09-445a-a714-fe4a2255ae64",
                    "label": "Had less than one meal a day"
                  },
                  {
                    "concept": "0251af24-dc19-4d68-a2bb-4b3f3867b949",
                    "label": "Not in School"
                  },
                  {
                    "concept": "8595afed-96a0-4f3e-b88d-acc4ca81d03e",
                    "label": "Malnourished"
                  },
                  {
                    "concept": "e1efe10b-50c4-43b1-b04d-01f81e19c215",
                    "label": "Care giver unemployed/causal labourer"
                  },
                  {
                    "concept": "f56e8d46-5b2f-488b-861a-94a89d16adf6",
                    "label": "Non-suppressed viral load"
                  },
                  {
                    "concept": "32e3fc5e-cfb6-49f5-949a-77e6f191b437",
                    "label": "Has signs of abuse, exploitation or neglect"
                  },
                  {
                    "concept": "9ea56d9a-818b-4700-944a-5110c7248379",
                    "label": "Missed Appointment in the last 3 months"
                  },
                  {
                    "concept": "bafa7b0a-aaa5-4a23-843f-f40ab68ecc43",
                    "label": "Not Screened"
                  }
                ]
              },
              "validators": [],
              "hide": {
                "hideWhenExpression": "age > '20'"
              }
            },
            {
              "label": "OVC Assessment",
              "type": "obs",
              "id": "ovcAssessment",
              "questionOptions": {
                "rendering": "select",
                "concept": "cb07b087-effb-4679-9e1c-5bcc506b5599",
                "conceptMappings": [],
                "answers": [
                  {
                    "concept": "160737AAAAAAAAAAAAAAAAAAAAAAAAAAAAAA",
                    "label": "Not yet Assessed",
                    "hide": {
                      "hideWhenExpression": "ovcScreening != 'bafa7b0a-aaa5-4a23-843f-f40ab68ecc43'"
                    }
                  },
                  {
                    "concept": "513d3a81-68d2-44f4-88a3-8dc74b5e1249",
                    "label": "Assessed, Eligible not yet enrolled",
                    "hide": {
                      "hideWhenExpression": "ovcScreening == 'bafa7b0a-aaa5-4a23-843f-f40ab68ecc43'"
                    }
                  },
                  {
                    "concept": "8578c43e-bb81-4adf-a4a5-389a9c716a49",
                    "label": "Assessed and Not Eligible",
                    "hide": {
                      "hideWhenExpression": "ovcScreening == 'bafa7b0a-aaa5-4a23-843f-f40ab68ecc43'"
                    }
                  },
                  {
                    "concept": "52aed7c2-ef3d-4220-8302-78b841f6ff24",
                    "label": "Enrolled",
                    "hide": {
                      "hideWhenExpression": "ovcScreening == 'bafa7b0a-aaa5-4a23-843f-f40ab68ecc43'"
                    }
                  },
                  {
                    "concept": "9669522d-d96a-411d-a534-5b13a7d65fc3",
                    "label": "Graduated",
                    "hide": {
                      "hideWhenExpression": "ovcScreening == 'bafa7b0a-aaa5-4a23-843f-f40ab68ecc43'"
                    }
                  }
                ]
              },
              "validators": [],
              "hide": {
                "hideWhenExpression": "age > '20'"
              }
            },
            {
              "label": "OVC No.",
              "type": "obs",
              "id": "ovcNo",
              "questionOptions": {
                "rendering": "text",
                "concept": "caffcc16-5a4d-4adc-a113-9a819c9b2c52",
                "conceptMappings": [],
                "answers": []
              },
              "hide": {
                "hideWhenExpression": "age > '20' || ovcAssessment !== '52aed7c2-ef3d-4220-8302-78b841f6ff24'"
              }
            },
            {
              "label": "Gender Based Violence (GBV)/Violence Against Children (VAC)",
              "type": "obs",
              "id": "gbvVac",
              "questionOptions": {
                "rendering": "multiCheckbox",
                "concept": "23a37400-f855-405b-9268-cb2d25b97f54",
                "conceptMappings": [],
                "answers": [
                  {
                    "concept": "6d1c2d6f-eb86-4a85-b6b4-c2ff4bb879ce",
                    "label": "No Signs"
                  },
                  {
                    "concept": "c5160b00-0641-4742-8672-97081379a92d",
                    "label": "Emotional or Psychological Harm",
                    "disable": {
                      "disableWhenExpression": "arrayContains(gbvVac, '6d1c2d6f-eb86-4a85-b6b4-c2ff4bb879ce')"
                    }
                  },
                  {
                    "concept": "1490AAAAAAAAAAAAAAAAAAAAAAAAAAAAAAAA",
                    "label": "Physical Harm",
                    "disable": {
                      "disableWhenExpression": "arrayContains(gbvVac, '6d1c2d6f-eb86-4a85-b6b4-c2ff4bb879ce')"
                    }
                  },
                  {
                    "concept": "e52d273e-48a8-4a20-a5a9-4679e752e841",
                    "label": "Inappropriately touched/fondled",
                    "disable": {
                      "disableWhenExpression": "arrayContains(gbvVac, '6d1c2d6f-eb86-4a85-b6b4-c2ff4bb879ce')"
                    }
                  },
                  {
                    "concept": "6686c0f0-cf27-4b9b-8495-8cf80a7357ae",
                    "label": "Forced Sexual Intercourse",
                    "disable": {
                      "disableWhenExpression": "arrayContains(gbvVac, '6d1c2d6f-eb86-4a85-b6b4-c2ff4bb879ce')"
                    }
                  }
                ]
              },
              "validators": []
            },
            {
              "label": "Disclosure",
              "type": "obsGroup",
              "id": "disclosure",
              "questionOptions": {
                "concept": "5140502a-b2c0-11ed-afa1-0242ac120002",
                "rendering": "group"
              },
              "questions": [
                {
                  "label": "Disclosed/Disclsed To",
                  "type": "obs",
                  "id": "disclosureStatus",
                  "questionOptions": {
                    "rendering": "radio",
                    "concept": "2edfe7ae-b20a-4ef0-b450-751028026c8f",
                    "conceptMappings": [],
                    "answers": [
                      {
                        "concept": "1065AAAAAAAAAAAAAAAAAAAAAAAAAAAAAAAA",
                        "label": "Yes"
                      },
                      {
                        "concept": "1066AAAAAAAAAAAAAAAAAAAAAAAAAAAAAAAA",
                        "label": "No"
                      }
                    ]
                  },
                  "validators": [],
                  "hide": {
                    "hideWhenExpression": "age < 10"
                  }
                },
                {
                  "label": "Relationship",
                  "type": "obs",
                  "id": "relationship",
                  "questionOptions": {
                    "rendering": "multiCheckbox",
                    "concept": "dce138f8-30ab-102d-86b0-7a5022ba4115",
                    "answers": [
                      {
                        "concept": "dd23c975-30ab-102d-86b0-7a5022ba4115",
                        "label": "Spouse"
                      },
                      {
                        "concept": "dce17a7d-30ab-102d-86b0-7a5022ba4115",
                        "label": "Parent"
                      },
                      {
                        "concept": "dce180a8-30ab-102d-86b0-7a5022ba4115",
                        "label": "Children"
                      },
                      {
                        "concept": "dcc374a5-30ab-102d-86b0-7a5022ba4115",
                        "label": "Friend"
                      },
                      {
                        "concept": "dcd68a88-30ab-102d-86b0-7a5022ba4115",
                        "label": "Other Specify"
                      }
                    ]
                  },
                  "validators": [],
                  "hide": {
                    "hideWhenExpression": "isEmpty(disclosureStatus) || age < 10"
                  }
                },
                {
                  "label": "Other Relative",
                  "type": "obs",
                  "id": "otherRelative",
                  "questionOptions": {
                    "rendering": "text",
                    "concept": "dcc37f5c-30ab-102d-86b0-7a5022ba4115"
                  },
                  "validators": [],
                  "hide": {
                    "hideWhenExpression": "isEmpty(relationship) || relationship !== 'dcd68a88-30ab-102d-86b0-7a5022ba4115'"
                  }
                }
              ]
            },
            {
              "label": "Patient Categorization",
              "type": "obs",
              "id": "patientCategorization",
              "questionOptions": {
                "rendering": "select",
                "concept": "cc183c11-0f94-4992-807c-84f33095ce37",
                "conceptMappings": [],
                "answers": [
                  {
                    "concept": "36e76b1a-775b-4fc9-ac45-c6ecf7ba024a",
                    "label": " PLHIV newly identified and or re-engaging in care when clinically well"
                  },
                  {
                    "concept": "bd735fd0-ad71-4bd3-b788-d87d56dba667",
                    "label": "PLHIV newly identified and or re-engaging in care with advanced HIV disease"
                  },
                  {
                    "concept": "1c237067-ba60-42ce-aaef-062d77b553e3",
                    "label": " PLHIV established on ART and or with controlled chronic illnesses / NCDs"
                  },
                  {
                    "concept": "0357be90-0327-43f6-abb3-05cc7570edaa",
                    "label": " PLHIV with uncontrolled chronic illness/NCDs,  and any Drug limiting toxicities"
                  },
                  {
                    "concept": "274feca6-2fa9-4c65-9f16-29132f7528fd",
                    "label": "PLHIV with treatment failure"
                  }
                ]
              },
              "validators": []
            }
          ]
        },
        {
          "label": "Advise (PSS2)",
          "isExpanded": "true",
          "questions": [
            {
              "label": "PHDP components/Advise",
              "type": "obs",
              "id": "phdpComponents",
              "questionOptions": {
                "rendering": "multiCheckbox",
                "concept": "d788b8df-f25d-49e7-b946-bf5fe2d9407c",
                "conceptMappings": [],
                "answers": [
                  {
                    "concept": "cc43847c-ee85-4cf7-8dd1-4a6d70f0fa0f",
                    "label": "STI screening and treatment"
                  },
                  {
                    "concept": "0815c786-5994-49e4-aa07-28b662b0e428",
                    "label": "FP counseling"
                  },
                  {
                    "concept": "dc7620b3-30ab-102d-86b0-7a5022ba4115",
                    "label": "FP method provided"
                  },
                  {
                    "concept": "7f84b071-78b0-434b-ae3d-e8fde45e8098",
                    "label": "Alcohol and Substance abuse reduction"
                  },
                  {
                    "concept": "7e8eefbe-10a1-4a93-b399-04bb3a5f8aaf",
                    "label": "Risk Reduction Counseling"
                  },
                  {
                    "concept": "dcd7e8e5-30ab-102d-86b0-7a5022ba4115",
                    "label": "PMTCT"
                  },
                  {
                    "concept": "dc9ae14d-30ab-102d-86b0-7a5022ba4115",
                    "label": "Disclosure Counseling"
                  },
                  {
                    "concept": "dc98d576-2623-4677-8a08-2061e195864f",
                    "label": "Management of Stigma & Discrimination"
                  },
                  {
                    "concept": "7cb048f9-550b-4be2-9eb9-cc8e19c87041",
                    "label": "Nutrition Counseling"
                  },
                  {
                    "concept": "7c024474-66c3-47fb-8985-1cc5595de174",
                    "label": "Basic Care package"
                  },
                  {
                    "concept": "dcd68a88-30ab-102d-86b0-7a5022ba4115",
                    "label": "Others Specify"
                  }
                ]
              },
              "validators": []
            },
            {
              "label": "Other PHDP",
              "type": "obs",
              "id": "otherPhdp",
              "questionOptions": {
                "rendering": "text",
                "concept": "ccaba007-ea6c-4dae-a3b0-07118ddf5008",
                "conceptMappings": [],
                "answers": []
              },
              "validators": [],
              "hide": {
                "hideWhenExpression": "isEmpty(phdpComponents) || phdpComponents != 'dcd68a88-30ab-102d-86b0-7a5022ba4115'"
              }
            }
          ]
        },
        {
          "label": "Agree (PSS3)",
          "isExpanded": "true",
          "questions": [
            {
              "label": "DSDM Models",
              "type": "obs",
              "id": "dsdmModels",
              "questionOptions": {
                "rendering": "select",
                "concept": "1e755463-df07-4f18-bc67-9e5527bc252f",
                "conceptMappings": [],
                "answers": [
                  {
                    "concept": "c6563d48-5e16-45e5-ab6f-a64214656801",
                    "label": "GMH - Group models managed by HCW"
                  },
                  {
                    "concept": "b69dc787-8a34-443a-a054-e2a895a10a58",
                    "label": "GMC - Group models managed by client"
                  },
                  {
                    "concept": "c3c9a3cd-e277-49e8-bd31-e8898a3d14f5",
                    "label": "IMF - Individual models based at facilities"
                  },
                  {
                    "concept": "9d1a4797-766e-495f-9387-b92462926fad",
                    "label": "IMC - Individual model based in community"
                  }
                ]
              },
              "validators": []
            },
            {
              "label": "DSDM Approach",
              "type": "obs",
              "id": "dsdmApproach",
              "questionOptions": {
                "rendering": "select",
                "concept": "73312fee-c321-11e8-a355-529269fb1459",
                "conceptMappings": [],
                "answers": [
                  {
                    "concept": "73313c96-c321-11e8-a355-529269fb1459",
                    "label": "GMH-FBG",
                    "hide": {
                      "hideWhenExpression": "dsdmModels !== 'c6563d48-5e16-45e5-ab6f-a64214656801'"
                    }
                  },
                  {
                    "concept": "73313728-c321-11e8-a355-529269fb1459",
                    "label": "GMH-CDDP",
                    "hide": {
                      "hideWhenExpression": "dsdmModels !== 'c6563d48-5e16-45e5-ab6f-a64214656801'"
                    }
                  },
                  {
                    "concept": "b613e170-08d1-4a47-8f35-3d14e0c2a217",
                    "label": "GMH-FSG",
                    "hide": {
                      "hideWhenExpression": "dsdmModels !== 'c6563d48-5e16-45e5-ab6f-a64214656801'"
                    }
                  },
                  {
                    "concept": "4c6a6a60-97f6-4699-a8e0-927af34288a4",
                    "label": "GMH-Viraemia Clinics",
                    "hide": {
                      "hideWhenExpression": "dsdmModels !== 'c6563d48-5e16-45e5-ab6f-a64214656801'"
                    }
                  },
                  {
                    "concept": "eb9cc08f-bc65-4a04-97ea-79ab4f85814a",
                    "label": "GMH-G-ANC / PNC",
                    "hide": {
                      "hideWhenExpression": "dsdmModels !== 'c6563d48-5e16-45e5-ab6f-a64214656801'"
                    }
                  },
                  {
                    "concept": "dcd68a88-30ab-102d-86b0-7a5022ba4115",
                    "label": "Other Specify"
                  },
                  {
                    "concept": "733139e4-c321-11e8-a355-529269fb1459",
                    "label": "GMC-CCLAD",
                    "hide": {
                      "hideWhenExpression": "dsdmModels !== 'b69dc787-8a34-443a-a054-e2a895a10a58'"
                    }
                  },
                  {
                    "concept": "0e8c2722-61a5-4658-ab58-4014c991f92a",
                    "label": "GMC-CLDDP",
                    "hide": {
                      "hideWhenExpression": "dsdmModels !== 'b69dc787-8a34-443a-a054-e2a895a10a58'"
                    }
                  },
                  {
                    "concept": "566e7e03-4024-4299-b12e-ecaa2820698d",
                    "label": "IMC-CRPDDP",
                    "hide": {
                      "hideWhenExpression": "dsdmModels !== '9d1a4797-766e-495f-9387-b92462926fad'"
                    }
                  },
                  {
                    "concept": "0fe88771-9ae4-4343-b808-733fc5c31298",
                    "label": "IMC-Drop in centers ",
                    "hide": {
                      "hideWhenExpression": "dsdmModels !== '9d1a4797-766e-495f-9387-b92462926fad'"
                    }
                  },
                  {
                    "concept": "dd13f121-fc4c-46c5-b483-b4ef7f154be9",
                    "label": "IMC-Home ART delivery",
                    "hide": {
                      "hideWhenExpression": "dsdmModels !== '9d1a4797-766e-495f-9387-b92462926fad'"
                    }
                  },
                  {
                    "concept": "73313f20-c321-11e8-a355-529269fb1459",
                    "label": "IMF- FTDR",
                    "hide": {
                      "hideWhenExpression": "dsdmModels !== 'c3c9a3cd-e277-49e8-bd31-e8898a3d14f5'"
                    }
                  },
                  {
                    "concept": "733144c0-c321-11e8-a355-529269fb1459",
                    "label": "IMF-FBIM",
                    "hide": {
                      "hideWhenExpression": "dsdmModels !== 'c3c9a3cd-e277-49e8-bd31-e8898a3d14f5'"
                    }
                  },
                  {
                    "concept": "1a4dfef4-c35b-46e3-b598-1505f59b6e48",
                    "label": "IMF-YAPS",
                    "hide": {
                      "hideWhenExpression": "dsdmModels !== 'c3c9a3cd-e277-49e8-bd31-e8898a3d14f5'"
                    }
                  },
                  {
                    "concept": "4db8e140-f7b3-44df-8476-d3cebff42ae9",
                    "label": "IMF-Adolescent centers",
                    "hide": {
                      "hideWhenExpression": "dsdmModels !== 'c3c9a3cd-e277-49e8-bd31-e8898a3d14f5'"
                    }
                  },
                  {
                    "concept": "6fb363d0-0776-408b-af33-946b8eec40df",
                    "label": "IMF-Holiday treatment children",
                    "hide": {
                      "hideWhenExpression": "dsdmModels !== 'c3c9a3cd-e277-49e8-bd31-e8898a3d14f5'"
                    }
                  }
                ]
              },
              "validators": []
            },
            {
              "label": "Other GMH Approach",
              "type": "obs",
              "id": "otherGmhApproach",
              "questionOptions": {
                "rendering": "text",
                "concept": "d42d2bab-f8a3-4bc4-8205-093d014b4215"
              },
              "hide": {
                "hideWhenExpression": "dsdmModels !='c6563d48-5e16-45e5-ab6f-a64214656801' || dsdmApproach !== 'dcd68a88-30ab-102d-86b0-7a5022ba4115'"
              }
            },
            {
              "label": "Other IMC Approach",
              "type": "obs",
              "id": "otherImcApproach",
              "questionOptions": {
                "rendering": "text",
                "concept": "99d7cd10-13bd-4ad1-9947-db2c720ba99a"
              },
              "hide": {
                "hideWhenExpression": "dsdmModels != '9d1a4797-766e-495f-9387-b92462926fad' || dsdmApproach !== 'dcd68a88-30ab-102d-86b0-7a5022ba4115'"
              }
            },
            {
              "label": "Other GMC Approach",
              "type": "obs",
              "id": "otherGmcApproach",
              "questionOptions": {
                "rendering": "text",
                "concept": "d0c7752d-edea-42df-a556-7bf5af44ffcf"
              },
              "hide": {
                "hideWhenExpression": "dsdmModels != 'b69dc787-8a34-443a-a054-e2a895a10a58' || dsdmApproach !== 'dcd68a88-30ab-102d-86b0-7a5022ba4115'"
              }
            },
            {
              "label": "Other IMF Approach",
              "type": "obs",
              "id": "otherImfApproach",
              "questionOptions": {
                "rendering": "text",
                "concept": "503fdc10-293e-48cd-9380-408111d2dc5b"
              },
              "hide": {
                "hideWhenExpression": "dsdmModels != 'c3c9a3cd-e277-49e8-bd31-e8898a3d14f5' || dsdmApproach !== 'dcd68a88-30ab-102d-86b0-7a5022ba4115'"
              }
            },
            {
              "label": "Pharmacy",
              "type": "obs",
              "id": "crpddpDatasource",
              "questionOptions": {
                "rendering": "ui-select-extended",
                "concept": "7a22cfcb-a272-4eff-968c-5e9467125a7b",
                "datasource": {
                  "name": "dsdm_categorization_datasource",
                  "config": {
                    "cohortUuid": "e50fa0af-df36-4a26-853f-feb05244e5ca"
                  }
                }
              },
              "hide": {
                "hideWhenExpression": "dsdmModels != '9d1a4797-766e-495f-9387-b92462926fad' || dsdmApproach != '566e7e03-4024-4299-b12e-ecaa2820698d'"
              }
            },
            {
              "label": "General CDDP Group Name",
              "type": "obs",
              "id": "generalCDDPDatasource",
              "questionOptions": {
                "rendering": "ui-select-extended",
                "concept": "f9764a92-d2fa-4866-a7bf-b9a6fc98067a",
                "datasource": {
                  "name": "dsdm_categorization_datasource",
                  "config": {
                    "cohortUuid": "da964ff0-648e-440b-a219-d2aeba3670d0"
                  }
                }
              },
              "hide": {
                "hideWhenExpression": "dsdmModels != 'c6563d48-5e16-45e5-ab6f-a64214656801' || dsdmApproach != '73313728-c321-11e8-a355-529269fb1459'"
              }
            },
            {
              "label": "CLDDP Group Name",
              "type": "obs",
              "id": "clddpDatasource",
              "questionOptions": {
                "rendering": "ui-select-extended",
                "concept": "7a22cfcb-a272-4eff-968c-5e9467125a7b",
                "datasource": {
                  "name": "dsdm_categorization_datasource",
                  "config": {
                    "cohortUuid": "aa536e57-a3c3-453c-9413-cf70b5d2ad5d"
                  }
                }
              },
              "hide": {
                "hideWhenExpression": "dsdmModels != 'b69dc787-8a34-443a-a054-e2a895a10a58' || dsdmApproach != '0e8c2722-61a5-4658-ab58-4014c991f92a'"
              }
            },
            {
              "label": "CCLAD Group Name",
              "type": "obs",
              "id": "ccladDatasource",
              "questionOptions": {
                "rendering": "ui-select-extended",
                "concept": "733139e4-c321-11e8-a355-529269fb1459",
                "datasource": {
                  "name": "dsdm_categorization_datasource",
                  "config": {
                    "cohortUuid": "5b7136fa-d207-4229-94a8-da6661ae00bf"
                  }
                }
              },
              "hide": {
                "hideWhenExpression": "dsdmModels != 'b69dc787-8a34-443a-a054-e2a895a10a58' || dsdmApproach != '733139e4-c321-11e8-a355-529269fb1459'"
              }
            }
          ]
        },
        {
          "label": "Assist (PSS4)",
          "isExpanded": "true",
          "questions": [
            {
              "label": "ART Preparation, Readiness, Initiation, Adherence, Support and Monitoring",
              "type": "obs",
              "id": "preparationSupport",
              "questionOptions": {
                "rendering": "multiCheckbox",
                "concept": "47502ce3-fc55-41e6-a61c-54a4404dd0e1",
                "conceptMappings": [],
                "answers": [
                  {
                    "concept": "05956b23-cac6-443a-a866-69f53b7aecd9",
                    "label": " Pre-ART Counseling"
                  },
                  {
                    "concept": "8519d4ef-6d9a-4110-9712-3ccdab4d7a09",
                    "label": "ART Literacy"
                  },
                  {
                    "concept": "a5e7ff4b-99b9-402a-b03e-3b90679ee23a",
                    "label": "Adherence preparation and plan"
                  },
                  {
                    "concept": "b465e067-a447-44a6-afc2-b4cdfe8189bc",
                    "label": "Ready to start & initiate"
                  },
                  {
                    "concept": "14626aed-049a-48b1-afca-aedd7fd9a57f",
                    "label": "Not ready to start"
                  },
                  {
                    "concept": "bd4f0efb-8a43-4e5c-9048-eda47b675bb7",
                    "label": "Ongoing Adherence counselling and support"
                  },
                  {
                    "concept": "497bb6d8-f648-49f7-a3fa-d84708a8ce57",
                    "label": "Intensive Adherence counselling & support"
                  },
                  {
                    "concept": "e64e79d1-5d07-450b-b119-c6a933a09ea8",
                    "label": "Appointment tracking and followup of lost clients"
                  }
                ]
              },
              "validators": []
            },
            {
              "label": "Intervention Approaches",
              "type": "obs",
              "id": "interventionApproaches",
              "questionOptions": {
                "rendering": "multiCheckbox",
                "concept": "eb7c1c34-59e5-46d5-beba-626694badd54",
                "conceptMappings": [],
                "answers": [
                  {
                    "concept": "f1229461-aa7e-4a4f-a916-e1188c1ce622",
                    "label": "Individual counseling"
                  },
                  {
                    "concept": "934cd2fa-210e-430e-babf-ac846ee4a8b2",
                    "label": "Group Counseling"
                  },
                  {
                    "concept": "42c8f58f-b2f8-4911-a9d2-90da92e22128",
                    "label": "Peer counselling"
                  },
                  {
                    "concept": "e8fc9bfa-efa7-4b7f-92ba-1a7d0fc467b3",
                    "label": "Peer support group"
                  },
                  {
                    "concept": "a806304b-bef4-483f-b4d0-9514bfc80621",
                    "label": "Linkages and  Referrals"
                  },
                  {
                    "concept": "84dce349-3cbf-41d3-bc05-b7e2fd9fcc03",
                    "label": "Mobilize for Index testing"
                  },
                  {
                    "concept": "2c90ead6-9acd-4988-b145-db9ed64d1062",
                    "label": "Distribution of HIVST Kits"
                  }
                ]
              },
              "validators": []
            },
            {
              "label": "Linkages and Referrals",
              "type": "obs",
              "id": "linkagesAndReferrals",
              "questionOptions": {
                "rendering": "multiCheckbox",
                "concept": "325e4270-8b1f-447e-a591-b3daf13acea3",
                "conceptMappings": [],
                "answers": [
                  {
                    "concept": "9ff95fa9-b91a-415e-967a-0c390d337794",
                    "label": "Mental Health Care/Rehabilitation"
                  },
                  {
                    "concept": "137b7df8-4c31-45e0-ad31-40892962d1ff",
                    "label": "Livelihood Support"
                  },
                  {
                    "concept": "23a37400-f855-405b-9268-cb2d25b97f54",
                    "label": "GBV/VAC care"
                  },
                  {
                    "concept": "83e759bc-3254-40be-a65e-71e0a544a122",
                    "label": "Legal Support"
                  },
                  {
                    "concept": "35813f5b-e487-4324-b616-5c0caf47e674",
                    "label": "Educational Support"
                  },
                  {
                    "concept": "c2f9c9f3-3e46-456c-9f17-7bb23c473f1b",
                    "label": "OVC Services"
                  },
                  {
                    "concept": "1f4c3300-b44e-4f2a-99ad-de681c24edda",
                    "label": "Spiritual care"
                  },
                  {
                    "concept": "e6e1e8e2-5cd3-4e9d-ad6a-6f20af5ab426",
                    "label": "Community Support"
                  },
                  {
                    "concept": "e8fc9bfa-efa7-4b7f-92ba-1a7d0fc467b3",
                    "label": "Peer Support"
                  },
                  {
                    "concept": "f1229461-aa7e-4a4f-a916-e1188c1ce622",
                    "label": "Counseling"
                  },
                  {
                    "concept": "dcbc7b8e-30ab-102d-86b0-7a5022ba4115",
                    "label": "Nutritional Support"
                  },
                  {
                    "concept": "1885d5de-ae8e-43dc-b994-bc7932722b3d",
                    "label": " Sexual and Reproductive Health services (SRH)"
                  },
                  {
                    "concept": "dcd68a88-30ab-102d-86b0-7a5022ba4115",
                    "label": "Other Specify"
                  }
                ]
              }
            },
            {
              "label": "Other Linkages and Referrals",
              "type": "obs",
              "id": "otherLinkagesAndReferrals",
              "questionOptions": {
                "rendering": "text",
                "concept": "609193dc-ea2a-4746-9074-675661c025d0"
              },
              "hide": {
                "hideWhenExpression": "isEmpty(linkagesAndReferrals) || linkagesAndReferrals !== 'dcd68a88-30ab-102d-86b0-7a5022ba4115'"
              }
            }
          ]
        },
        {
          "label": "Arrange (PSS5)",
          "isExpanded": "true",
          "questions": [
            {
              "label": "Arrange",
              "type": "obs",
              "id": "arrange",
              "questionOptions": {
                "rendering": "select",
                "concept": "5105a11e-5300-4295-9a46-3a6832d2b3dc",
                "conceptMappings": [],
                "answers": [
                  {
                    "concept": "fd516350-3c54-4c45-a20d-4e223cea4f13",
                    "label": "Pharmacy"
                  },
                  {
                    "concept": "cea04f6d-2fae-472e-ab57-3ce0f15113b5",
                    "label": " Home visit"
                  },
                  {
                    "concept": "865811ad-796f-48c2-b575-1f530122c408",
                    "label": "Health Facility"
                  },
                  {
                    "concept": "1ca0db4a-c5c6-48ed-9e17-84905f4487eb",
                    "label": "Community"
                  },
                  {
                    "concept": "d576f506-0397-40bd-aec1-093993e34ee9",
                    "label": "School visit"
                  },
                  {
                    "concept": "eadf4f7f-3dbf-4242-9e4c-bf124f42006d",
                    "label": "Virtual Support"
                  }
                ]
              },
              "validators": []
            }
          ]
        },
        {
          "label": "PSS Notes",
          "isExpanded": "true",
          "questions": [
            {
              "label": "PSS Notes",
              "type": "obs",
              "id": "pssNotes",
              "questionOptions": {
                "rendering": "textarea",
                "concept": "159395AAAAAAAAAAAAAAAAAAAAAAAAAAAAAA",
                "conceptMappings": [],
                "answers": []
              },
              "validators": []
            }
          ]
        }
      ]
    }
  ],
  "referencedForms": []
}
