<?xml version="1.0" encoding="UTF-8"?>
<dataset>

  <appointment_speciality  speciality_id="1"  name="Doctor"  date_created="2024-03-05 02:43:09"  creator="1"  date_changed="2024-03-10 02:43:14"  uuid="6c0400f4-66b7-4731-81c7-7e9da911d279"  voided="0"/>

  <appointment_service  appointment_service_id="1"  name="Cardiology Consultation"  date_created="2024-03-05 02:37:22"  creator="1"  voided="0"  uuid="45d4fd92-ba27-4e3f-b237-79640cb25e54"  initial_appointment_status="Requested"/>
  <appointment_service  appointment_service_id="2"  name="ART Refill" start_time="09:00:00"  end_time="17:30:00"   speciality_id="1"  max_appointments_limit="30"  duration_mins="30"  color="#0000ff"  date_created="2024-03-05 02:46:31"  creator="1" voided="0"  uuid="c976c610-ac0a-4b44-ae37-e676408b410e" />
  <appointment_service  appointment_service_id="3"  name="Viral Load" start_time="09:00:00"  end_time="17:30:00"   speciality_id="1"  max_appointments_limit="30"  duration_mins="30"  color="#0000ff"  date_created="2024-03-05 02:46:51"  creator="1" voided="0"  uuid="348e1cba-ffd4-4994-be3d-cd409d190b9f" />
  <appointment_service  appointment_service_id="4"  name="ART Initiation" start_time="09:00:00"  end_time="17:30:00"   speciality_id="1"  max_appointments_limit="30"  duration_mins="30"  color="#0000ff"  date_created="2024-03-05 10:03:12"  creator="1" voided="0"  uuid="cf5bf125-c67c-4745-ab57-ae0fe4e3ec48" />
  <appointment_service  appointment_service_id="5"  name="Nutrition" start_time="09:00:00"  end_time="17:30:00"   speciality_id="1"  max_appointments_limit="30"  duration_mins="30"  color="#0000ff"  date_created="2024-03-05 10:03:28"  creator="1" voided="0"  uuid="d1a4524f-ed3d-4ecc-badf-e4dd1a608e3f" />
  <appointment_service  appointment_service_id="6"  name="ANC" start_time="09:00:00"  end_time="17:30:00"   speciality_id="1"  max_appointments_limit="30"  duration_mins="30"  color="#0000ff"  date_created="2024-03-05 10:03:40"  creator="1" voided="0"  uuid="0b376395-bf2d-4636-b6d6-aaeeb997c0e7" />
  <appointment_service  appointment_service_id="7"  name="IAC" start_time="09:00:00"  end_time="17:30:00"   speciality_id="1"  max_appointments_limit="30"  duration_mins="30"  color="#0000ff"  date_created="2024-03-05 10:03:48"  creator="1" voided="0"  uuid="c961f4da-37e9-4530-acd0-488b3cda5b19" />
  <appointment_service  appointment_service_id="8"  name="EID" start_time="09:00:00"  end_time="17:30:00"   speciality_id="1"  max_appointments_limit="30"  duration_mins="30"  color="#0000ff"  date_created="2024-03-05 10:03:55"  creator="1" voided="0"  uuid="3539da69-e14c-422e-b85c-59fc4e6219ea" />
  <appointment_service  appointment_service_id="9"  name="ART Regimen Switch/ Substitution" start_time="09:00:00"  end_time="17:30:00"   speciality_id="1"  max_appointments_limit="30"  duration_mins="30"  color="#0000ff"  date_created="2024-03-05 10:04:06"  creator="1" voided="0"  uuid="922e14ed-c821-4fd9-b670-1c029d88db74" />
  <appointment_service  appointment_service_id="10"  name="T.B Follow up" start_time="09:00:00"  end_time="17:30:00"   speciality_id="1"  max_appointments_limit="30"  duration_mins="30"  color="#0000ff"  date_created="2024-03-05 10:04:15"  creator="1" voided="0"  uuid="b81017b4-6abb-4c2e-8837-dd35dc1ef5e2" />
  <appointment_service  appointment_service_id="11"  name="T.B Drug Refill" start_time="09:00:00"  end_time="17:30:00"   speciality_id="1"  max_appointments_limit="30"  duration_mins="30"  color="#0000ff"  date_created="2024-03-05 10:04:24"  creator="1" voided="0"  uuid="cc95ad28-74e1-4583-a467-26b22e677da3" />
  <appointment_service  appointment_service_id="12"  name="PMTCT" start_time="09:00:00"  end_time="17:30:00"   speciality_id="1"  max_appointments_limit="30"  duration_mins="30"  color="#0000ff"  date_created="2024-03-05 10:04:30"  creator="1" voided="0"  uuid="6d376cbe-2d52-4d21-914d-78c56b943c65" />
  <appointment_service  appointment_service_id="13"  name="Hypertension/ Diabetes" start_time="09:00:00"  end_time="17:30:00"   speciality_id="1"  max_appointments_limit="30"  duration_mins="30"  color="#0000ff"  date_created="2024-03-05 10:04:40"  creator="1" voided="0"  uuid="90db09d5-fc5f-42f4-aa1a-40a1dd330bd8" />
</dataset>
