<htmlform formName="HMIS ACP 007 Missed Appointment Tracking Form" 
	      formDescription="Record all clients who missed their appointment" 
	      formEncounterType="791faefd-36b8-482f-ab78-20c297b03851" 
	      formUuid="59d9341a-f65e-4e86-a98b-415ea54dfa81" 
	      formVersion="4.0.0"
	      formAddMetadata="yes" 
	      formUILocation="patientDashboard.visitActions" 
	      formOrder="2" 
	      formIcon="icon-medkit" 
	      formShowIf="(visit.active || !visit.active) &amp;&amp; patient.person.dead==false &amp;&amp; (sessionLocation.uuid=='86863db4-6101-4ecf-9a86-5e716d6504e4' || sessionLocation.uuid=='7c231e1a-1db5-11ea-978f-2e728ce88125')"
	      formDisplayStyle="Standard" 
	      formLabel="Missed Appointment Tracking Form">

	<script type="text/javascript">
		if (jQuery) {
			jq(document).ready(function () {

				//Block Multiple encounter entry on same date
				blockEncounterOnSameDateEncounter(jq("#encounterDate").find("input[type=hidden]"),"block");

				//Disable missed appointdate field
                disableEncounterDate();

				<!-- Disable these fields when the form is first loaded -->
				disable_fields('165398'); //other specified service point
				disable_fields('165483'); //other medication due for refill
				disable_fields('165378'); //date returned to care
				disable_fields('99165');  //date self transferred
				disable_fields('165485'); //outcome by end of next quarter
				disable_fields('5002');   // cause of death
				disable_fields('169006');   // cause of death





				<ifMode mode="ENTER">

					<!-- Disable art clinic and art number if client is self reffered-->	
					function disableARTclinicandArtnumber () {
						var n;
						for (n = 1; n &lt;= 6; n++) {
						 	disable_fields('90211_'+n);
						 	disable_fields('99431_'+n);
						}
					}
					
					disableARTclinicandArtnumber();

				<!-- Enable/disable the text box for other service point -->
				jq('#164993').change(function () {
					if (getValue('164993.value') == 90002) {
						enable_fields('165398');
					} else {
						disable_fields('165398');
					}
				});

				<!-- Other medications due for refill -->
				jq('#5622').click(function () {
					if(jq(this).find(':checkbox').prop('checked')) {
						enable_fields('165483');
					} else {
						disable_fields('165483');
					}
				});

				<!-- Enable ART clinic and ART number if first follow up outcome is client self transferred -->
				jq('#165104_1').change(function () {

					if (jq(this).find("select").find(":selected").val() == 165335) {
					 	enable_fields('90211_1');
					 	enable_fields('99431_1');
					}
				});

				<!-- Enable ART clinic and ART number if second follow up outcome is client self transferred -->
				jq('#165104_2').change(function () {

					if (jq(this).find("select").find(":selected").val() == 165335) {
					 	enable_fields('90211_2');
					 	enable_fields('99431_2');
					}
				});

				<!-- Enable ART clinic and ART number if third follow up outcome is client self transferred -->
				jq('#165104_3').change(function () {

					if (jq(this).find("select").find(":selected").val() == 165335) {
					 	enable_fields('90211_3');
					 	enable_fields('99431_3');
					}
				});

				<!-- Enable ART clinic and ART number if fourth follow up outcome is client self transferred -->
				jq('#165104_4').change(function () {

					if (jq(this).find("select").find(":selected").val() == 165335) {
					 	enable_fields('90211_4');
					 	enable_fields('99431_4');
					}
				});

				<!-- Enable ART clinic and ART number if fifth follow up outcome is client self transferred -->
				jq('#165104_5').change(function () {

					if (jq(this).find("select").find(":selected").val() == 165335) {
					 	enable_fields('90211_5');
					 	enable_fields('99431_5');
					}
				});

				<!-- Enable ART clinic and ART number if sixth follow up outcome is client self transferred -->
				jq('#165104_6').change(function () {

					if (jq(this).find("select").find(":selected").val() == 165335) {
					 	enable_fields('90211_6');
					 	enable_fields('99431_6');
					}
				});
				
				</ifMode>

				<ifMode mode="EDIT">
					enable_fields('165398'); //other specified service point
					enable_fields('165483'); //other medication due for refill 
					enable_fields('165378'); //date returned to care
					enable_fields('165485'); //outcome by end of next quarter
					enable_fields('5002');   // cause of death
					enable_fields('169006');   // cause of death
				</ifMode>

				<!-- Enable the date of return to care if outcome by end of quarter is client returned to care --> 
				jq('#165484').change(function () {
					if (getValue('165484.value') == 165334)
						enable_fields('165378');
					else
						disable_fields('165378');
				});

				<!-- Enable the date of self transfer if outcome by end of quarter is self transferred  -->
				jq('#165484').change(function () {
					if (getValue('165484.value') == 165335)
						enable_fields('99165');
					else
						disable_fields('99165');
				});

				<!-- Enable cause of death if outcome by end of quarter is client died  -->
				jq('#165484').change(function () {
					if (getValue('165484.value') == 160034)
						enable_fields('5002');
					else
						disable_fields('5002');
				});

				<!-- Enable outcome by end of next quarter if outcome by end of quarter is 'no tracing attepmts' or 'tracing attempts initiated and incomplete'  -->
				jq('#165484').change(function () { 
					if (getValue('165484.value') == 165369 || getValue('165484.value') == 165370)
						enable_fields('165485');
					else
						disable_fields('165485');
				});

				<!-- Other reason for patient missing appointment  -->

				jq('#169005').change(function () {
					if (getValue('169005.value') == 5622)
						enable_fields('169006');
					else
						disable_fields('169006');
				});
			});
		}
	</script>
	<div>
		<div class="row">
			<div class="col-md-6">
				<h1>HMIS ACP 007:Missed Appointment Tracking Register</h1>
			</div>
			<div class="col-md-5"></div>
			<div class="col-md-1">
				<submit class="confirm" submitLabel="Save" />
			</div>
		</div>
		<div class="row">
			<div class="col-md-12">
				<div class="card">
					<div class="card-header">
						<ul class="nav nav-tabs card-header-tabs">
							<li class="nav-item">
								<a class="nav-link active" data-toggle="tab" href="#visit-details">
									Appointment Information
								</a>
							</li>
							<li class="nav-item">
								<a class="nav-link" data-toggle="tab" href="#tracking">
									Tracking Information
								</a>
							</li>
						</ul>
					</div>
					<div class="card-body">
						<div class="tab-content">
							<!-- Registration Information -->
							<div class="tab-pane active" id="visit-details">
								<section>
									<div class="card">
										<div class="card-header">
											Visit details
										</div>
										<div class="card-body">
											<div class="row">
												<div class="col-md-6">
													<div class="col-md-4 html-form-entry-disabled-field"><label>Missed Appointment Date</label>
														<obs id="166158" conceptId="166158" allowFutureDates="false" class="Vertical-layout-options">
															<i class="icon-calendar small right-addon-row position-absolute" style="right: 24%; top: 48%;"></i>
														</obs>
													</div>
												</div>
												<div class="col-md-3"><label>Service Point</label>
													<obs id="164993" conceptId="164993" answerConceptIds="165047,165048,90002" answerLabels="ART Clinic,TB Clinic,Other"/>
												</div>
												<div class="col-md-3"><label>Other Service Point</label>
													<obs id="165398" conceptId="165398"/>
												</div>
											</div>
										</div>
									</div>
									<div class="card">
										<div class="card-header">
											Medication Due for Refill
										</div>
										<div class="card-body">
											<div class="row">
												<obs conceptId="165482" answerConceptId="164972" answerLabel="ART" style="checkbox" class="col-md-1" />
												<obs conceptId="165482" answerConceptId="1159" answerLabel="TB Meds/TPT" style="checkbox" class="col-md-2" />
												<obs conceptId="165482" answerConceptId="1158" answerLabel="Infant NVP/CTX" style="checkbox" class="col-md-2" />
												<obs conceptId="165482" answerConceptId="5271" answerLabel="FP" style="checkbox" class="col-md-1" />
												<obs conceptId="165482" answerConceptId="5622" id="5622" style="checkbox" answerLabel="Other" class="col-md-1" />
												<label>Other Specify</label>
												<obs id="165483" conceptId="165483" class="col-md-2"/>
											</div>
										</div>
									</div>
									<div class="card">
										<div class="card-header">
											Mode of Care
										</div>
										<div class="card-body">
											<div class="row">
												<div class="col-md-3">
													<label>
														Mode of Care
													</label>
													<obs conceptId="165143" answerConceptIds="165138,165140,165139,165142,165141" answerLabels="1 - FBIM, 2 - FBG, 3 - FTDR, 4 - CDDP, 5 - CCLAD" />
												</div>
											</div>
										</div>
									</div>
								</section>

							</div>
							<!-- Tracking Information -->
							<div class="tab-pane" id="tracking">
								<section>
									<div class="card">
										<div class="card-header">
                                            General Follow Up
                                        </div>
                                    	<div class="card-body">
													<obsgroup groupingConceptId="165346">
														<div class="follow-up">
															<div class="row">
																<div class="col-md-3">
																	<label>Follow Up Attempt</label>
																	<obs id="166157" conceptId="166157" answerConceptIds="165338,165339,165340,165341,165342,165343" answerLabels="1 - Follow Up 1, 2 - Follow Up 2, 3 - Follow Up 3, 4 - Follow Up 4, 5 - Follow Up 5,6 - Follow Up 6" />
																</div>
																<div class="col-md-3">
																	<label>Follow Up Date</label>
																	<encounterDate default="today" disallowMultipleEncountersOnDate="block" />
																	<i class="icon-calendar small right-addon-row position-absolute" style="right: 24%; top: 48%;"></i>

																</div>
																<div class="col-md-3">
																	<label>Follow Up Person</label>
																	<encounterProviderAndRole encounterRole="240b26f9-dd88-4172-823d-4a8bfeb7841f" required="required"/>
																</div>
																<div class="col-md-3">
																	<label>Follow Up Action</label>
																	<obs id="follow-up-action" conceptId="165100" answerConceptIds="165102,165103,165336,165337,90002" answerLabels="Phone call to client/caregiver/next of Kin, Home/workplace visit by HCW, Facility to facility phone call, Facility to facility visit, Other" style="dropdown" class="long-value-select"/>
																</div>
																<div class="col-md-3">
																	<label>Other Follow up actions</label>
																	<obs id="165481" conceptId="165481" />
																</div>
																<div class="col-md-3">
																	<label>Follow Up Outcome</label>
																	<obs id="165104" conceptId="165104" answerConceptIds="165334,165335,1363,165486,160034,165368,165369,165370,165371,166437" answerLabels="1 - Returned to care, 2 - Self transferred, 3 - Stopped/Refused, 4 - Migrated/Relocated, 5 - Died, 6 - Unable to be traced, 7 - Tracing attempts initiated but incomplete, 8 - No attempt to trace, 9 - Misclassified as Missed Appointment, 10 - Promised to Return" class="long-value-select"/>
																</div>
																<div class="col-md-3">
																	<label>ART Clinic</label>
																	<obs id="90211_{n}" conceptId="90211" />
																</div>
																<div class="col-md-3">
																	<label>ART No.</label>
																	<obs id="99431" conceptId="99431" />
																</div>
															</div>
															<div class="row">
																<div class="col-md-6">
																	<label>Reason For Missing Appointment</label>
																	<obs id="169005" conceptId="169005" answerConceptIds="169001,90147,169002,169003,169004,168404,166322,5622" answerLabels="No Transport,Forgetfulness,Wrong Date given,Lost documents,Still had medication,Work related issues,Traveled,Other" />
																</div>
																<div class="col-md-6">
																	<obs id="169006" conceptId="169006" labelText="Other reason for missing appointment" />
																</div>
															</div>

														</div>
													</obsgroup>
										</div>
									</div>
									<div class="card">
										<div class="card-header">
											Outcome Information
										</div>
										<div class="card-body">
											<div class="row">
												<div class="col-md-3">
													<label>Outcome By End of Quarter</label>
													<obs id="165484" conceptId="165484" answerConceptIds="165334,165335,1363,165486,160034,165368,165369,165370,165371" answerLabels="1 - Returned to care, 2 - Self transferred, 3 - Stopped/Refused, 4 - Migrated/Relocated, 5 - Died, 6 - Unable to be traced, 7 - Tracing attempts initiated but incomplete, 8 - No attempt to trace, 9 - Misclassified as Missed Appointment" class="long-value-select"/>
												</div>
												<div class="col-md-3">
													<label>Outcome By End of Next Quarter</label>
													<obs id="165485" conceptId="165485" answerConceptIds="165334,165335,1363,165486,160034,165368,165369,165370,165371" answerLabels="1 - Returned to care, 2 - Self transferred, 3 - Stopped/Refused, 4 - Migrated/Relocated, 5 - Died, 6 - Unable to be traced, 7 - Tracing attempts initiated but incomplete, 8 - No attempt to trace, 9 - Misclassified as Missed Appointment" class="long-value-select"/>
												</div>
												<div class="col-md-3">
													<label>Date Returned to Care</label>
													<i class="icon-calendar small right-addon-row position-absolute" style="right: 23%; top: 53%;"></i>
													<obs id="165378" conceptId="165378" allowFutureDates="false"/>
												</div>
												<div class="col-md-3">
													<label>Date Self Transferred</label>
													<i class="icon-calendar small right-addon-row position-absolute" style="right: 23%; top: 53%;"></i>
													<obs id="99165" conceptId="99165" allowFutureDates="false"/>
												</div>
											</div>
											<div class="row">
												<div class="col-md-3">
													<label>Cause of Death</label>
													<obs id="5002" conceptId="5002" answerConceptIds="58,116030,165374,165375,165376,165377,90001" answerLabels="1 - TB, 2 - Cancer, 3 - Infectious disease other than TB, 4 - HIV Non-infectious disease, 5 - Natural causes, 6 - Non natural causes, 7 - Unknown" />
												</div>
												<div class="col-md-9">
													<label>Comment</label>
													<obs conceptId="159395" style="textarea" />
												</div>
											</div>
										</div>
									</div>
								</section>
							</div>
						</div>
					</div>
				</div>
			</div>
		</div>
	</div>
</htmlform>