<htmlform formName="HMIS MCH 011 NEWBORN INPATIENT REGISTER"
          formDescription=" To maintain brief record of age, sex, diagnoses, interventions and final status of each inpatient who is 0-28 days old"
          formEncounterType="121ce4fe-1279-4443-b391-0f3fd5b2168d"
          formUuid="cfd1dccf-462b-48aa-8ffa-87ab9e7e7520" formVersion="4.0.0"
          formAddMetadata="yes" formUILocation="patientDashboard.visitActions" formOrder="16"
          formIcon="icon-medkit" formShowIf="(visit.active || !visit.active) &amp;&amp; patient.person.dead==false &amp;&amp; patient.person.gender=='F'"
          formDisplayStyle="Standard" formLabel="HMIS-MCH-011-NewBorn Form">


    <script type="text/javascript">
        if (jQuery) {

        jq(document).ready(function () {

        //Block Multiple encounter entry on same date
        //blockEncounterOnSameDateEncounter(jq("#encounterDate").find("input[type=hidden]"),"block");

        // Validate MUAC
        var age  = <lookup complexExpression="$patient.age" />;
        getMUACCodeFromMUACScoreByAge(age, "muac-score", "muac-code");

        disable_fields("other-complications-of-pregnancy");
        disable_fields("other-source-of-warmth");
        disable_fields("other-ward-or-department");
        disable_fields("other-mode-of-delivery");
        disable_fields("other-place-of-birth");


        //enable/disable other source of warmth
        jq("#165446").change(function () {
        if(jq(this).find("select").find(":selected").val() == "90002") {
        enable_fields("other-source-of-warmth");
        } else {
        disable_fields("other-source-of-warmth");
        }
        });

        //enable/disable other place of birth
        jq("#1165011").change(function () {
        if(jq(this).find("select").find(":selected").val() == "1165012") {
        enable_fields("other-place-of-birth");
        } else {
        disable_fields("other-place-of-birth");
        }
        });

        //enable/disable other ward/department
        jq("#99334").change(function () {
        if(jq(this).find("select").find(":selected").val() == "165449") {
        enable_fields("other-ward-or-department");
        } else {
        disable_fields("other-ward-or-department")
        }
        });

        //enable/disable other mode of delivery
        jq("#5630").change(function () {
        if(jq(this).find("select").find(":selected").val() == "5622") {
        enable_fields("other-mode-of-delivery");
        } else {
        disable_fields("other-mode-of-delivery")
        }
        });


        });
        }
    </script>

    <div>
        <div class="row">
            <div class="col-md-8">
                <H1>HMIS MCH 011: NEWBORN INPATIENT REGISTER</H1>
            </div>
            <div class="col-md-3"></div>
            <div>
                <div class="col-md-1">
                    <submit class="confirm" submitLabel="Save" submitStyle="customSubmit" />
                </div>
            </div>
        </div>
        <div class="row">
            <div class="col-md-12">
                <div class="card">
                    <div class="card-header">
                        <ul class="nav nav-tabs card-header-tabs">
                            <li class="nav-item">
                                <a class="nav-link active" data-toggle="tab" href="#admission-information-section">Admission Information</a>
                            </li>
                            <li class="nav-item">
                                <a class="nav-link" data-toggle="tab" href="#baby-information-section">Baby's Information</a>
                            </li>
                            <li class="nav-item">
                                <a class="nav-link" data-toggle="tab" href="#discharge-information-section">Discharge Information</a>
                            </li>
                        </ul>
                    </div>
                    <div class="card-body">
                        <div class="tab-content">
                            <div class="tab-pane active" id="admission-information-section">
                                <div class="card">
                                    <div class="card-header">Admission Information</div>
                                    <div class="card-body">
                                        <div class="row">
                                            <div class="col-md-3 html-form-entry-disabled-field">
                                                <label>Date</label>
                                                <encounterDate default="today" />
                                                <span class="hidden">
                                                    <encounterLocation default="629d78e9-93e5-43b0-ad8a-48313fd99117" order="629d78e9-93e5-43b0-ad8a-48313fd99117" />
                                                </span>
                                            </div>
                                            <div class="col-md-3">
                                                <label>
                                                    <span class="required">*</span>
                                                    Child No.
                                                </label>
                                                <obs conceptId="165028"  />
                                            </div>
                                            <div class="col-md-3">
                                                <label>IPD No.</label>
                                                <patient field="identifier" identifierTypeId="a6217c17-5012-4514-b9f2-5d02d3d04c44"
                                                         required="true"/>


                                            </div>

                                        </div>
                                        <div class="row">


                                            <div class="col-md-3">
                                                <label>Brought By</label>
                                                <encounterProvider role="Provider" />

                                            </div>
                                            <div class="col-md-1"></div>
                                            <div class="col-md-3">
                                                <label>Mother's HIV Status</label>
                                                <obs id="woman-emtct-code" conceptId="99317" answerConceptIds="99313, 99734, 99314, 99315, 99735, 99736, 99737, 99738, 99739, 99741"
                                                     answerLabels="C - Counseled but declined HIV testing,
                                                                       T - Counseled and tested but didn't receive results,
                                                                       TR - Counseled tested and results given - Client tested HIV Negative,
                                                                       TRR - Counseled tested and results given - Client tested HIV Positive,
                                                                       TR&#8730; - ANC revisit clients with a known HIV Negative status,
                                                                       TRR&#8730; - ANC revisit clients with a known HIV Positive status,
                                                                       TRK; - Clients with documented HIV Negative status,
                                                                       TRRK; - Clients with documented HIV Positive status,
                                                                       TR+ - Client tested HIV Negative on a re-test,
                                                                       TRR+ - Client tested HIV Positive on a re-test"
                                                     required="true" class="long-value-select" />
                                            </div>

                                        </div>
                                        <div class="row">
                                            <div class="col-md-12">
                                                <label>Reason for Admission</label>
                                                <obs conceptId="165460" style="textarea" />
                                            </div>
                                        </div>
                                        <div class="row">
                                            <div class="md-md-3">
                                            </div>
                                        </div>

                                    </div>
                                </div>
                                <div class="card">
                                    <div class="card-header">
                                        Referral Information
                                    </div>
                                    <div class="card-body">
                                        <div class="row">
                                            <div class="col-md-6">
                                                <obs conceptId="99322" answerConceptIds="99763,99764,99765,99766" answerLabels="REFOUT - Referred Out,REF IN - Referred In,C/REF IN - Referred in from community,FSG - Referred to family support groups" style="dropdown" id="referral" labelText="Referred In/Out" />
                                            </div>
                                            <div class="col-md-3">
                                                <obs conceptId="99767" labelText="Referral Number" />
                                            </div>
                                            <div class="col-md-3">
                                                <obs conceptId="99770" labelText="Clinic Referred from" />
                                            </div>
                                        </div>
                                        <div class="row">
                                            <div class="col-md-12">
                                                <obs conceptId="120186" labelText="Complications/Risk Factors" style="textarea"/>
                                            </div>
                                        </div>
                                    </div>
                                </div>
                            </div>

                            <div class="tab-pane" id="baby-information-section">

                                <div class="card">
                                    <div class="card-header">Baby Information</div>
                                    <div class="card-body">
                                        <div class="row">
                                            <div class="col-md-3">
                                                <label>Date and Time of Delivery</label>
                                                <span class="time-box-horizontal">
                                                    <obs conceptId="99340"/>
                                                </span>
                                            </div>
                                            <div class="col-md-3">
                                                <label>Date of Admission</label>
                                                <span class="time-box-horizontal">
                                                    <obs conceptId="166571"/>
                                                </span>
                                            </div>
                                            <div class="col-md-3">
                                                <label>Time of Admission</label>
                                                <span class="time-box-horizontal">
                                                    <obs conceptId="166898"/>
                                                </span>
                                            </div>

                                        </div>
                                        <div class="row">
                                            <div class="col-md-3">
                                                <label>Age of Baby</label>
                                                <obs conceptId="164948" />
                                            </div>

                                            <div class="col-md-3">
                                                <label>How Many Babies</label>
                                                <obs conceptId="166887" answerLabels="1-Singleton,2-Twin,3-Triplet,4-Quadruplet,Other" style="dropdown" />
                                            </div>

                                            <div class="col-md-3">
                                                <label>Birth Weight(Kg)</label>
                                                <obs conceptId="164941" />
                                            </div>
                                            <div class="col-md-3">
                                                <label>Mode of Feeding</label>
                                                <obs id="mode-of-feeding" conceptId="1151" answerConceptIds="1173,1152,5254,1150,6046,5526,968,99089" answerLabels="Breast Milk,Weaned,Infant Formula,Breastfed Predominately,Mixed Feeding,Breastfed Exclusively,Cow Milk,Replacement Feeding" style="dropdown"/>
                                            </div>
                                        </div>
                                    </div>

                                    <div class="card-body">
                                        <div class="row">
                                            <div class="col-md-3">
                                                <label>Place of Birth:</label>
                                                <obs conceptId="166895" id="166895" answerConceptIds="166889,166890,166891,166892,166893,166894" answerLabels="1-Hospital,2-HC IV,3-HC III,4-HC II,5-TBA,6-Other" style="dropdown" />
                                            </div>
                                            <div class="col-md-3">
                                                <label>Other Place of Birth</label>
                                                <obs conceptId="166894" id="other-place-of-birth"/>
                                            </div>
                                            <div class="col-md-3">
                                                <label>Mode of Delivery</label>
                                                <obs conceptId="5630" answerConceptIds="1170,163005,1171,1172,5622" answerLabels="Normal Vaginal Delivery, Vaccum Extraction,
                                                        Caesarean Section, Breech, Other" id="5630"/>
                                            </div>
                                            <div class="col-md-3">
                                                <label>Other Mode of Delivery</label>
                                                <obs conceptId="165461" id="other-mode-of-delivery"/>
                                            </div>
                                        </div>


                                        <div class="row">
                                            <div class="col-md-3">
                                                <label>Term(T)/Pre-Term(P)</label>
                                                <obs conceptId="161033" answerConceptIds="1395,129218" answerLabels="T,P" style="yes_no_dropdown" />

                                            </div>
                                            <div class="col-md-3">
                                                <label>Apgar 5th Minute Score</label>
                                                <obs conceptId="164943"  />
                                            </div>
                                            <div class="col-md-3">
                                                <label>Sex</label>
                                                <obs conceptId="1587" answerConceptIds="1534,1535" answerLabels="Male,Female"
                                                     labelText="" style="radio" class="horizontal" />
                                            </div>

                                        </div>
                                        <div class="row">
                                            <div class="col-md-3">

                                                <label>Immunisation (BCG/POLIO 0)</label>
                                                <obs conceptId="984" answerConceptId="886" answerLabel="BCG" style="checkbox" class="horizontal" />
                                                <obs conceptId="984" answerConceptId="783" answerLabel="POLIO" style="checkbox" class="horizontal" />

                                            </div>


                                        </div>
                                        <div class="row">
                                            <div class="col-md-3">
                                                <label>Source of Warmth</label>
                                                <obs conceptId="165446"  answerConceptIds="165444,164173,165445,90002"
                                                     answerLabels="1-For Incubator, 2-Kangaro Mother Care, 3-Mothers warmth without special consideration,
																			 4-Others" style="dropdown" class="long-value-select" id="165446"/>
                                            </div>
                                            <div class="col-md-3">
                                                <label>Other Source of Warmth</label>
                                                <obs conceptId="165455"  id="other-source-of-warmth" />
                                            </div>
                                            <div class="col-md-3">
                                                <label>Blood Type</label>
                                                <obs id="300" conceptId="300" answerConceptIds="690,692,694,696,699,701,1230,1231" style="dropdown"/>

                                            </div>
                                            <div class="col-md-3">
                                                <obs id="166896" conceptId="166896" labelText="Units Given" />
                                            </div>
                                        </div>

                                        <div class="row">
                                            <div class="col-md-12">
                                                <obs conceptId="99692" labelText="Treatment" style="textarea"/>
                                            </div>
                                        </div>
                                        <div class="row">
                                            <div class="col-md-12">
                                                <obs conceptId="165441" labelText="Final Diagnosis" style="textarea"/>
                                            </div>
                                        </div>
                                    </div>
                                </div>
                            </div>


                            <div class="tab-pane" role="tabpanel" aria-leballebdy="nav-profile-tab" id="discharge-information-section">
                                <section>
                                    <div class="card">
                                        <div class="card-header">Discharge Information</div>
                                        <div class="card-body">
                                            <div class="row">
                                                <div class="col-md-3">
                                                    <label>Service Provider</label>
                                                    <encounterProvider role="Provider" />
                                                </div>
                                                <div class="col-md-1"></div>
                                                <div class="col-md-2">
                                                    <label>Discharge Weight</label>
                                                    <obs conceptId="5916" />
                                                </div>

                                                <div class="col-md-3">
                                                    <label>Discharge Date</label>
                                                    <obs conceptId="162958"/>
                                                </div>
                                                <div class="col-md-3">
                                                    <label>Time of Death</label>
                                                    <span class="time-box-horizontal">
                                                        <obs conceptId="90272" />
                                                    </span>
                                                </div>
                                            </div>
                                            <div class="row">
                                                <div class="col-md-3">
                                                    <label>Status at 7 Days</label>
                                                    <obs conceptId="99334"  answerConceptIds="99333,99331,99332,162953,162954,165448,165449,5622" style="dropdown"/>
                                                </div>
                                                <div class="col-md-3"></div>
                                                <div class="col-md-3">
                                                    <label>Date</label>
<!--                                                    <obs conceptId="1165094"/>-->
                                                </div>

                                            </div>
                                            <div class="row"></div>
                                            <div class="row">

                                                <div class="col-md-3">
                                                    <label>Status at 28 Days</label>
                                                    <obs conceptId="99334"  answerConceptIds="99333,99331,99332,162953,162954,165448,165449,5622" style="dropdown"/>
                                                </div>
                                                <div class="col-md-3"></div>
                                                <div class="col-md-3">
                                                    <label>Date</label>
<!--                                                    <obs conceptId="1165094"/>-->
                                                </div>
                                            </div>

                                        </div>
                                    </div>

                                </section>
                            </div>
                        </div>
                    </div>
                </div>
            </div>
        </div>
    </div>

</htmlform>