<htmlform formName="HMIS EPI 007: Child Register"
        formDescription="To register all children vaccinated at the first visit and those given routine Vitamin A supplementation and Deworming
within the health unit service area to facilitate monitoring (defaulter tracking)"
        formEncounterType="87a0d5b1-53dc-4269-bf39-ada0d5d16c0c"
        formUuid="0f0ea87a-ef9e-4603-8789-3698d90b6a65"
        formVersion="4.0.0"
        formAddMetadata="yes"
        formUILocation="patientDashboard.visitActions"
        formIcon="icon-medkit"
        formShowIf="(visit.active || !visit.active) &amp;&amp; patient.person.dead==false"
        formDisplayStyle="Standard"
        formLabel="HMIS-EPI-007-Child-Register Form">


    <script type="text/javascript">
        if (jQuery) {

        jq(document).ready(function () {

        //Block Multiple encounter entry on same date
        blockEncounterOnSameDateEncounter(jq("#encounterDate").find("input[type=hidden]"),"block");

        // Validate MUAC
        var age  = <lookup complexExpression="$patient.age" />;
        getMUACCodeFromMUACScoreByAge(age, "muac-score", "muac-code");

        disable_fields("other-complications-of-pregnancy");
        disable_fields("other-source-of-warmth");
        disable_fields("other-ward-or-department");
        disable_fields("other-mode-of-delivery");
        disable_fields("other-place-of-birth");


        //enable/disable other source of warmth
        jq("#165446").change(function () {
        if(jq(this).find("select").find(":selected").val() == "90002") {
        enable_fields("other-source-of-warmth");
        } else {
        disable_fields("other-source-of-warmth");
        }
        });

        //enable/disable other place of birth
        jq("#1165011").change(function () {
        if(jq(this).find("select").find(":selected").val() == "1165012") {
        enable_fields("other-place-of-birth");
        } else {
        disable_fields("other-place-of-birth");
        }
        });

        //enable/disable other ward/department
        jq("#99334").change(function () {
        if(jq(this).find("select").find(":selected").val() == "165449") {
        enable_fields("other-ward-or-department");
        } else {
        disable_fields("other-ward-or-department")
        }
        });

        //enable/disable other mode of delivery
        jq("#5630").change(function () {
        if(jq(this).find("select").find(":selected").val() == "5622") {
        enable_fields("other-mode-of-delivery");
        } else {
        disable_fields("other-mode-of-delivery")
        }
        });


        });
        }
    </script>

    <div>
        <div class="row">
            <div class="col-md-8">
                <H1>HMIS EPI 007: CHILD REGISTER</H1>
            </div>
            <div class="col-md-3"></div>
            <div>
                <div class="col-md-1">
                    <submit class="confirm" submitLabel="Save" submitStyle="customSubmit" />
                </div>
            </div>
        </div>
        <div class="row">
            <div class="col-md-12">
                <div class="card">
                    <div class="card-header">
                        <ul class="nav nav-tabs card-header-tabs">
                            <li class="nav-item">
                                <a class="nav-link active" data-toggle="tab" href="#admission-information-section">Admission Information</a>
                            </li>
                            <li class="nav-item">
                                <a class="nav-link" data-toggle="tab" href="#feeding-information-section">Feeding Information</a>
                            </li>
                            <li class="nav-item">
                                <a class="nav-link" data-toggle="tab" href="#immunization-information-section">Immunization Information</a>
                            </li>
                            <li class="nav-item">
                                <a class="nav-link" data-toggle="tab" href="#referral-information-section">Referral Information</a>
                            </li>
                        </ul>
                    </div>
                    <div class="card-body">
                        <div class="tab-content">
                            <div class="tab-pane active" id="admission-information-section">
                                <section>
                                    <div class="card">
                                        <div class="card-header">Child Information</div>
                                        <div class="card-body">
                                            <div class="row">
                                                <div class="col-md-3 html-form-entry-disabled-field">
                                                    <label>Date</label>
                                                    <encounterDate default="today" disallowMultipleEncountersOnDate="block" />
                                                    <span class="hidden">
                                                        <encounterLocation default="629d78e9-93e5-43b0-ad8a-48313fd99117" order="629d78e9-93e5-43b0-ad8a-48313fd99117" />
                                                    </span>
                                                </div>
                                                <div class="col-md-3">
                                                    <label>
                                                        <span class="required">*</span>
                                                        Child No.
                                                    </label>
                                                    <obs conceptId="165028"  />
                                                </div>
                                                <div class="col-md-3">
                                                    <label>
                                                        <span class="required">*</span>
                                                        Mother's Name.
                                                    </label>
                                                    <obs conceptId="1593"/>
                                                </div>
                                                <div class="col-md-3">
                                                    <label>
                                                        <span class="required">*</span>
                                                        Father Name.
                                                    </label>
                                                    <obs conceptId="165028"  />
                                                </div>
                                                <div class="col-md-3">
                                                    <label>IPD No.</label>
                                                    <obs conceptId="1646"/>
                                                </div>
                                                <div class="col-md-3">
                                                    <label>Service Provider</label>
                                                    <encounterProvider role="Provider" />
                                                </div>
                                            </div>

                                        </div>
                                    </div>
                                    <div class="card">
                                        <div class="card-header">Special Care</div>
                                        <div class="card-body">
                                            <div class="row">
                                                <div class="col-md-3">
                                                    <label>Age</label>
                                                    <obs conceptId="99270" />
                                                </div>
                                                <div class="col-md-3">
                                                    <label>Birth Weight(Kg)</label>
                                                    <obs conceptId="164941" />
                                                </div>
                                                <div class="col-md-3">
                                                    <label>Weight for Age Z Score</label>
                                                    <obs conceptId="162584" />
                                                </div>
                                                <div class="col-md-3">
                                                    <label>Height/Length for Age</label>
                                                    <obs conceptId="164088" />
                                                </div>

                                            </div>
                                            <div class="row">
                                                <div class="col-md-3">
                                                    <label>Weight For Height/Length</label>
                                                    <obs conceptId="164941" />
                                                </div>
                                                <div class="col-md-3">
                                                    <label>MUAC</label>
                                                    <obs conceptId="164941" />
                                                </div>
                                                <div class="col-md-3">
                                                    <label>INR No.</label>
                                                    <obs conceptId="164942" />
                                                </div>
                                                <div class="col-md-3">
                                                    <label>RECEIVED LLIN</label>
                                                    <obs conceptId="165026" />
                                                </div>
                                            </div>

                                        </div>
                                    </div>
                                </section>
                            </div>

                            <div class="tab-pane" id="feeding-information-section">
                                <section>
                                    <div class="card">
                                        <div class="card-header">Feeding Practices</div>
                                        <div class="card-body">
                                            <div class="row">
                                                <div class="col-md-3">
                                                    <obs conceptId="99607" labelText="0 Days" />
                                                </div>
                                                <div class="col-md-3">
                                                    <obs conceptId="99608" labelText="6 Months" />
                                                </div>
                                                <div class="col-md-3">
                                                    <obs conceptId="99608" labelText="7-24+ Months Days" />
                                                </div>
                                            </div>
                                        </div>
                                    </div>
                                    <div class="card">
                                        <div class="card-header">Vitamin A Administration</div>
                                        <div class="card-body">
                                            <div class="row">
                                                <div class="col-md-3">
                                                    <label>First Dose Administered 6 to 11 Months</label>
                                                    <obs conceptId="165032" style="checkbox" class="horizontal" />
                                                </div>
                                                <div class="col-md-3">
                                                    <label>First Dose Administered 12 to 59 Months</label>
                                                    <obs conceptId="165033" style="checkbox" class="horizontal"  />
                                                </div>
                                            </div>
                                            <div class="row">
<!--                                                <div class="col-md-3">-->
<!--                                                    <label>Second Dose Administered 12 to 59 Months</label>-->
<!--                                                    <obs conceptId="165033" />-->
<!--                                                </div>-->
                                            </div>
                                        </div>
                                    </div>

                                        <div class="card">
                                            <div class="card-header">Deworming</div>
                                            <div class="card-body">
                                                <div class="row">
                                                    <div class="col-md-3">
                                                        <label>First Dose Administered 12 to 59 Months</label>
                                                        <obs conceptId="165035" answerConceptIds="1065,1066" answerLabels="Yes,No" style="checkbox" class="horizontal" />
                                                    </div>
                                                    <div class="col-md-3">
                                                        <label>Second Dose Administered 12 to 59 Months</label>
                                                        <obs conceptId="165034" answerConceptIds="1065,1066" answerLabels="Yes,No" style="checkbox" class="horizontal" />
                                                    </div>
                                                </div>

                                            </div>
                                            <div class="card-body">
                                            </div>
                                        </div>
                                </section>
                            </div>

                            <div class="tab-pane" id="immunization-information-section">

                                <section>
                                    <div class="card">
                                        <div class="card-header">Immunization Information</div>
                                        <div class="card-body">
                                            <div class="row">
                                                <div class="col-md-3">
                                                    <label>Date BCG</label>
                                                    <obs conceptId="165012" />
                                                </div>
                                                <div class="col-md-3">
                                                    <label>Date IPV</label>
                                                    <obs conceptId="165011" />
                                                </div>
                                                <div class="col-md-3">
                                                    <label>Fully Immunized By 1 Year</label>
                                                    <obs conceptId="165031" />
                                                </div>
                                                <div class="col-md-3">
                                                    <label>Protection At Birth - PAB</label>
                                                    <obs conceptId="164826" />
                                                </div>
                                            </div>
                                            <div class="row">
                                                <div class="col-md-3">
                                                    <label>Polio 0</label>
                                                    <obs conceptId="164826"/>
                                                </div>
                                                <div class="col-md-3">
                                                    <label>Polio 1</label>
                                                    <obs conceptId="164826"/>
                                                </div>
                                                <div class="col-md-3">
                                                    <label>Polio 2</label>
                                                    <obs conceptId="164826"/>
                                                </div>
                                                <div class="col-md-3">
                                                    <label>Polio 3</label>
                                                    <obs conceptId="164826"/>
                                                </div>
                                            </div>
                                            <div class="row">
                                                <div class="col-md-3">
                                                    <label>DPT-Hep B-HIB</label>
                                                    <obs conceptId="165013" />
                                                </div>
                                                <div class="col-md-3">
                                                    <label>Infant Screened For HIV</label>
                                                    <obs conceptId="99550" answerConceptIds="1065,1066" answerLabels="Yes,No" style="checkbox" class="horizontal" />
                                                </div>
                                                <div class="col-md-3">
                                                    <label>Exposed</label>
                                                    <obs conceptId="99087" answerConceptIds="1065,1066" answerLabels="Yes,No" style="checkbox" class="horizontal" />
                                                </div>
                                                <div class="col-md-3">
                                                    <label>Tested</label>
                                                    <obs conceptId="99551" answerConceptIds="1065,1066" answerLabels="Yes,No" style="checkbox" class="horizontal" />
                                                </div>
                                            </div>
<!--                                            <div class="row">-->
<!--                                                <div class="col-md-3">-->
<!--                                                    <label>DPT-Hep B-HIB</label>-->
<!--                                                    <obs conceptId="165013" />-->
<!--                                                </div>-->
<!--                                                <div class="col-md-3">-->
<!--                                                    <label>Infant Screened For HIV</label>-->
<!--                                                    <obs conceptId="99550" answerConceptIds="1065,1066" answerLabels="Yes,No" style="checkbox" class="horizontal" />-->
<!--                                                </div>-->
<!--                                                <div class="col-md-3">-->
<!--                                                    <label>Exposed</label>-->
<!--                                                    <obs conceptId="99087" answerConceptIds="1065,1066" answerLabels="Yes,No" style="checkbox" class="horizontal" />-->
<!--                                                </div>-->
<!--                                                <div class="col-md-3">-->
<!--                                                    <label>Tested</label>-->
<!--                                                    <obs conceptId="99551" answerConceptIds="1065,1066" answerLabels="Yes,No" style="checkbox" class="horizontal" />-->
<!--                                                </div>-->
<!--                                            </div>-->
<!--                                            <div class="row">-->
<!--                                                <div class="col-md-3">-->
<!--                                                    <label>DPT-Hep B-HIB</label>-->
<!--                                                    <obs conceptId="165013" />-->
<!--                                                </div>-->
<!--                                                <div class="col-md-3">-->
<!--                                                    <label>Infant Screened For HIV</label>-->
<!--                                                    <obs conceptId="99550" answerConceptIds="1065,1066" answerLabels="Yes,No" style="checkbox" class="horizontal" />-->
<!--                                                </div>-->
<!--                                                <div class="col-md-3">-->
<!--                                                    <label>Exposed</label>-->
<!--                                                    <obs conceptId="99087" answerConceptIds="1065,1066" answerLabels="Yes,No" style="checkbox" class="horizontal" />-->
<!--                                                </div>-->
<!--                                                <div class="col-md-3">-->
<!--                                                    <label>Tested</label>-->
<!--                                                    <obs conceptId="99551" answerConceptIds="1065,1066" answerLabels="Yes,No" style="checkbox" class="horizontal" />-->
<!--                                                </div>-->
<!--                                            </div>-->
                                            <div class="row">
                                               <div class="col-md-3">
                                                    <label>PCV 1</label>
                                                   <obs conceptId="166963" />
                                               </div>
                                                <div class="col-md-3">
                                                    <label>PCV 2</label>
                                                    <obs conceptId="166964" />
                                                </div>
                                                <div class="col-md-3">
                                                    <label>PCV 3</label>
                                                    <obs conceptId="166965" />
                                                </div>

                                            </div>
                                            <div class="row">
                                                <div class="col-md-3">
                                                    <label>Rota Virus Vaccine 1</label>
                                                    <obs conceptId="165021"  />
                                                </div>
                                                <div class="col-md-3">
                                                    <label>Rota Virus Vaccine 2</label>
                                                    <obs conceptId="165021" />
                                                </div>
                                                <div class="col-md-3">
                                                    <label>Rota Virus Vaccine 3</label>
                                                    <obs conceptId="165021" />
                                                </div>
                                            </div>
                                            <div class="row">
                                                <div class="col-md-3">
                                                    <label>Measles Rubella 1 Vaccination</label>
                                                    <obs conceptId="164941" />
                                                </div>
                                                <div class="col-md-3">
                                                    <label>Measles Rubella 2 Vaccination</label>
                                                    <obs conceptId="164941" />
                                                </div>
                                            </div>

                                        </div>

                                        <div class="card">
                                            <div class="card-header">Emtct Information</div>
                                            <div class="card-body">
                                                <div class="row">
                                                    <div class="col-md-3">
                                                        <label>Maternal eMTCT Status</label>
                                                        <obs id="woman-emtct-code" conceptId="99317" answerConceptIds="99313, 99734, 99314, 99315, 99735, 99736, 99737, 99738, 99739, 99741"
                                                             answerLabels="C - Counseled but declined HIV testing,
                                                                       T - Counseled and tested but didn't receive results,
                                                                       TR - Counseled tested and results given - Client tested HIV Negative,
                                                                       TRR - Counseled tested and results given - Client tested HIV Positive,
                                                                       TR&#8730; - ANC revisit clients with a known HIV Negative status,
                                                                       TRR&#8730; - ANC revisit clients with a known HIV Positive status,
                                                                       TRK; - Clients with documented HIV Negative status,
                                                                       TRRK; - Clients with documented HIV Positive status,
                                                                       TR+ - Client tested HIV Negative on a re-test,
                                                                       TRR+ - Client tested HIV Positive on a re-test"
                                                             required="true" class="long-value-select" />
                                                    </div>
                                                    <div class="col-md-3">
                                                        <label>Disability</label>
                                                        <obs conceptId="162558" />
                                                    </div>
                                                </div>

                                            </div>

                                        </div>
                                    </div>
                                </section>
                            </div>

                            <div class="tab-pane" role="tabpanel" aria-leballebdy="nav-profile-tab" id="referral-information-section">
                                <section>
                                    <div class="card">
                                        <div class="card-header">Referral Information</div>
                                        <div class="card-body">
                                            <div class="row">
                                                <div class="col-md-3">
                                                    <label>Date Of Visit</label>
                                                    <obs conceptId="90273" />
                                                </div>
                                                <div class="col-md-3">
                                                    <label>Next Appointment</label>
                                                    <obs conceptId="165373" />
                                                </div>
                                            </div>
                                            <div class="row">
                                                <div class="col-md-6">
                                                    <label>Information</label>
                                                    <obs conceptId="164941" />
                                                </div>
                                            </div>
                                        </div>
                                    </div>

                                </section>
                            </div>
                        </div>
                    </div>
                </div>
            </div>
        </div>
    </div>
</htmlform>