<htmlform formName="HMIS ACP: Cervical Cancer Pre-Treatment Form"
          formDescription="Cervical Cancer Treatment Form"
          formEncounterType="6d647bd4-33d6-4d04-a04a-595d2159b456"
          formUuid="9bc7f745-b61f-4553-ad77-7208238a7068"
          formVersion="4.0.0"
          formAddMetadata="yes"
          formUILocation="patientDashboard.visitActions"
          formOrder="17"
          formIcon="icon-medkit"
          formShowIf="(visit.active || !visit.active) &amp;&amp; patient.person.dead==false &amp;&amp; patient.person.gender=='F' &amp;&amp; (sessionLocation.uuid=='86863db4-6101-4ecf-9a86-5e716d6504e4' || sessionLocation.uuid=='7c231e1a-1db5-11ea-978f-2e728ce88125' || sessionLocation.uuid=='e9bc61b5-69ff-414b-9cf0-0c22d6dfca2b')"
          formDisplayStyle="Standard"
          formLabel="HMIS ACP: Cervical Cancer Pre-Treatment Form">

        <script type="text/javascript">

            if (jQuery) { 

                jq(document).ready(function () {
                    
                    disable_fields("other-visit-type");        
                    disable_fields("hpv-result");        
                    disable_fields("why-no-via-done")           
                    disable_fields("via-result");         
                    disable_fields("reason-for-postponing");        
                    disable_fields("other-reason-for-postponing");        
                    disable_fields("reasons-for-referral")          
                    disable_fields("other-reasons-for-referral");        
                    disable_fields("refferal-facility")   
                    disable_fields('date-service-offered');       

                    jq('#visit-type').change(function () {
                        if (getValue('visit-type.value') == 90002) {
                            enable_fields('other-visit-type');
                        } else {
                            disable_fields('other-visit-type');
                        }
                    });

                    jq('#hpv-test').click(function () {
                        if (jq(this).find("input[type='radio']:checked").val() == "1065") {
                            enable_fields('hpv-result');
                        } else {
                            disable_fields('hpv-result');
                        }
                    });

                    jq('#via-done').click(function () {
                        if (jq(this).find("input[type='radio']:checked").val() == "1065") {
                            enable_fields('via-result');
                        } else {
                            disable_fields('via-result');
                        }
                    });

                    jq('#via-done').click(function () {
                        if (jq(this).find("input[type='radio']:checked").val() == "1066") {
                            enable_fields('why-no-via-done');
                        } else {
                            disable_fields('why-no-via-done');
                        }
                    });

                    jq('#timelines').change(function () {
                      if(getValue('timelines.value') == "168727") {
                        enable_fields('reason-for-postponing');
                    } else {
                        disable_fields('reason-for-postponing');
                    }
                    });

                    jq('#reason-for-postponing').click(function () {
                         if(getValue('reason-for-postponing.value') == "90002") {
                            enable_fields('other-reason-for-postponing');
                        } else {
                            disable_fields('other-reason-for-postponing');
                        }
                    });

                    jq('#reffered-out').click(function () {
                         if (jq(this).find("input[type='radio']:checked").val() == "1065") {
                            enable_fields('reasons-for-referral');
                            enable_fields('refferal-facility');
                        } else {
                            disable_fields('reasons-for-referral');
                            disable_fields('refferal-facility');
                        }
                    });

                    jq('#reasons-for-referral').change(function () {
                        if(getValue('reasons-for-referral.value') == "90002") {
                            enable_fields('other-reasons-for-referral');
                        } else {
                            disable_fields('other-reasons-for-referral');
                        }
                    });

                    jq('#service-offered').change(function () {
                        if(getValue('service-offered') !== "") {
                            enable_fields('date-service-offered');
                        } else {
                            disable_fields('date-service-offered');
                        }
                    });

                });
            }

        </script>
    <div>
        <div class="row">
            <div class="col-md-6">
                <h1>HMIS ACP: Cervical Cancer Pre-Treatment Register</h1>
            </div>
            <div class="col-md-5"></div>
            <div class="col-md-1">
                <submit class="confirm" submitLabel="Save" submitStyle="customSubmit"/>
            </div>
        </div>
        <div class="row">
            <div class="col-md-12">
                <div class="card">
                    <div class="card-header">
                        <ul class="nav nav-tabs nav-fill card-header-tabs">
                            <li class="nav-item">
                                <a class="nav-link active" data-toggle="tab" href="#discharge-info-section">Visit Details</a>
                            </li>
                            <li class="nav-item">
                                <a class="nav-link" data-toggle="tab" href="#complications-section">Observations and Treatment</a>
                            </li>
                            <li class="nav-item">
                                <a class="nav-link" data-toggle="tab" href="#referral-services-section">Services and Referral</a>
                            </li>
                             <li class="nav-item">
                                <a class="nav-link" data-toggle="tab" href="#comments-section">Comments</a>
                            </li>
                        </ul>
                    </div>
                    <div class="card-body">
                        <div class="tab-content">
                            <div class="tab-pane active" id="discharge-info-section" >
                                <div class="card">
                                    <div class="card-header">
                                        Visit Details
                                    </div>
                                    <div class="card-body complications">
                                    <div class="row">
                                        <div class="col-4" id="visit-date">
                                            <label>Date</label>
                                            <encounterDate default="today"
                                            disallowMultipleEncountersOnDate="block"/>
                                        </div>
                                        <div class="col-4">
                                            <label>Visit Type</label>
                                            <obs id="visit-type" conceptId="168750" answerConceptIds="168745,168746,168747,168748,168749,90002"
                                                 answerLabels="Initial Screening,Rescreening at 5years,Cancer Suspect investigation and Management,Post treatment follow up at 6 weeks,Post treatment follow up at 1 year,Other"
                                                 style="checkbox"/>
                                         </div>
                                         <div class="col-4">
                                            <label>Other Visit Type</label>
                                            <obs id="other-visit-type" conceptId="168751"/>
                                        </div>
                                    </div>
                                    <div class="row">
                                        <div class="col-4">
                                            <label>HPV Test Done</label>
                                            <obs id="hpv-test" conceptId="168703" answerConceptIds="1065,1066" 
                                                 answerLabels="Yes, No"
                                                 style="radio" class="horizontal" />
                                        </div>
                                        <div class="col-4">
                                            <label>HPV Result</label>
                                            <obs id="hpv-result" conceptId="168704" answerConceptIds="664,703,1118"
                                                 answerLabels="NEG - Negative, POS - Positive, ND - Not Done"
                                                 style="checkbox" />
                                        </div>                                      
                                        <div class="col-4">
                                            <label>VIA Done</label>
                                            <obs id="via-done" conceptId="168705" answerConceptIds="1065,1066" 
                                                 answerLabels="Yes, No"
                                                 style="radio" class="horizontal" />
                                        </div>
                                        <div class="col-4">
                                            <label>Why No VIA</label>
                                            <obs id="why-no-via-done" conceptId="168710" 
                                                 answerConceptIds="168706,168707,168708,168709,166670"
                                                 answerLabels="No SCJ,Cancer suspect,Onset of Menstrual periods,No supplies/equipment,Refused"
                                                 style="checkbox"/>
                                         </div>
                                    </div>
                                    <div class="row">
                                        <div class="col-4">
                                            <label>VIA Procedure Screening Results</label>
                                            <obs id="via-result" conceptId="168711" 
                                                 answerConceptIds="664,703,168707"
                                                 answerLabels="NEG - Negative, POS - Positive, CaCx - Cancer suspect" />
                                         </div>
                                        <div class="col-4">
                                            <label>VIA/VAT Procedure Results</label>
                                            <obs conceptId="168712" answerConceptIds="664,703"
                                                 answerLabels="NEG - Negative, POS - Positive"
                                                 style="checkbox"/>
                                        </div>
                                        <div class="col-4">
                                            <label>Colposcopy Results</label>
                                            <obs conceptId="168716" answerConceptIds="1115,168713,168714,168715"
                                                 answerLabels="N - Normal, LG - Low grade, HG - High grade, US = Unsatisfactory"
                                                 style="checkbox"/>
                                        </div>
                                    </div>
                                    <div class="row">
                                        <div class="col-4">
                                            <label>Pap Smear Results</label>
                                            <obs conceptId="885" 
                                                 answerConceptIds="168752,168753,168754,168755"
                                                 answerLabels="NILM - NEGATIVE for Intra-epithelial Lesion or Malignancy, LSIL - POSITIVE (Low grade Squamous Intra-epithelial Lesion), HSIL - POSITIVE (High grade Squamous Intra-epithelial Lesion), CaSus - Suspicious of Cancer"
                                                 style="checkbox"/>
                                         </div>
                                         <div class="col-4">
                                            <label>Histology Results</label>
                                            <obs conceptId="168680" 
                                                 answerConceptIds="168717,168718,168719,155424,165313,168720,168721"
                                                 answerLabels="CIN1 - Cervical Intra-epithelial Neoplasia 1, CIN2 - Cervical Intra-epithelial Neoplasia 2, CIN3 - Cervical Intra-epithelial Neoplasia 3, CaCx - Invasive Cancer, Normal - No Malignancy seen, ASCUS - Atypical Squamous Cells of Undermined Significancy, ASC-H - Atypical Squamous Cells of High grade"
                                                 style="checkbox"/>
                                         </div>
                                        <div class="col-4">
                                            <label>Treatment Provided</label>
                                            <obs conceptId="168759" answerConceptIds="168722,168723,168724,168725,5276"
                                                 answerLabels="1.Thermocoagulation/Thermoablation,2.Cryotherapy,3.LEEP,4.Cold knife conization,5.Hysterectomy,6.Other recommended treatment (specify)"
                                                 style="checkbox"/>
                                        </div>                                       
                                    </div>
                                    </div>
                                </div>
                            </div>

                            <div class="tab-pane" id="complications-section">
                                <div class="card">
                                    <div class="card-header">
                                        Management of Test Positive
                                    </div>
                                    <div class="card-body">
                                         <div class="row">
                                        <div class="col-4">
                                            <label>Timelines</label>
                                            <obs id="timelines" conceptId="168728" answerConceptIds="168726,168727,99763"
                                                 answerLabels="1- Same day,2- Postponed, 3- Referred"
                                                 style="checkbox"/>
                                         </div>
                                         <div class="col-4">
                                            <label>Reasons for Postponing</label>
                                            <obs id="reason-for-postponing" conceptId="168756" answerConceptIds="168709,168729,168730,90002"
                                                 answerLabels="1- Lack of supplies, 2- Health worker capacity,3- Client related,4- Others"
                                                 style="checkbox"/>
                                         </div>
                                         <div class="col-4">
                                            <label>Other Reasons for Postponing</label>
                                            <obs id="other-reason-for-postponing" conceptId="168731"/>
                                        </div>
                                    </div>
                                    </div>
                                </div>
                                    <div class="card">
                                        <div class="card-header">
                                            Observations and Complications
                                        </div>
                                        <div class="card-body">
                                             <div class="row">
                                                 <div class="col-4">
                                                    <div id="other-therapy-container" class="col-6">
                                                        <label>Other Services</label>
                                                        <obs conceptId="168744" answerConceptIds="168742,165049,5271,166897,168743"
                                                         answerLabels="1.HIV Testing Services, 2.ART services,3.Family planning,4.Breast Cancer Screening,5.NCDs (Hypertension, Diabetes, Mental Health etc)"
                                                         style="checkbox"/>
                                                    </div>
                                                </div>
                                                <div class="col-8">
                                                    <label>Other Treatment</label>
                                                    <obs conceptId="99648" class="commenttextarea" style="textarea"/>
                                                </div>
                                            </div>
                                        </div>
                                    </div>
                                
                            </div>
                            <div class="tab-pane" id="referral-services-section">
                                <div class="card">
                                    <div class="card-header">
                                        Referral
                                    </div>
                                    <div class="card-body">
                                        <div class="row">
                                        <div class="col-4">
                                            <label>Reffered Out</label>
                                            <obs id="reffered-out" conceptId="168758" answerConceptIds="1065,1066" answerLabels="Yes, No" style="radio" class="horizontal" />
                                        </div>
                                        
                                    </div>
                                    <div class="row">
                                        <div class="col-4">
                                            <label>Reasons for Referral</label>
                                              <obs id="reasons-for-referral" conceptId="168735" answerConceptIds="168724,885,168732,168733,168734,168707,90002"
                                                 answerLabels="1.LEEP, 2.AP Smear,3.Colposcopy and Biopsy,4.Cryotherapy/Thermablation,5.Uncertain VIA management,6.Cancer Suspect,7.Others specify"
                                                 style="checkbox"/>
                                        </div>
                                        <div class="col-4">
                                            <label>Other Reasons for Referral</label> 
                                            <obs id="other-reasons-for-referral" conceptId="168736"/>
                                        </div>
                                             <div class="col-4">
                                                <label>Health Facility Reffered To</label>
                                                <obs id="refferal-facility" conceptId="165428"/>
                                                
                                             </div>
                                        </div>
                                    </div></div>
                               
                                    <div class="card">
                                        <div class="card-header">
                                            Services Offered
                                        </div>
                                        <div class="card-body">
                                             <div class="row">
                                                <div class="col-6">
                                                    <div id="other-therapy-container" class="col-6">
                                                        <label>Service offered</label>
                                                        <obs id="service-offered" conceptId="168760" answerConceptIds="168737,168738,168739,168740"
                                                         answerLabels="1.Diagnosed and treated for pre-Cancer, 2.Diagnosed and linked for invasive cancer treatment,3.Diagnosed and treated for other gynecological conditions,4.Diagnosed and not linked"
                                                         style="checkbox"/>
                                                    </div>
                                                </div>
                                                <div class="col-6">
                                                    <div id="other-therapy-container" class="col-6">
                                                        <label>Date Service offered</label>
                                                        <obs id="date-service-offered" conceptId="168762" />
                                                    </div>
                                                </div>
                                            </div>
                                        </div>
                                    </div>
                            </div>
                            <div class="tab-pane" id="comments-section" >
                                    <div class="card">
                                        <div class="card-header">
                                            Comments
                                        </div>
                                        <div class="card-body">
                                        <div class="row">
                                            <div class="col-12">
                                                <obs conceptId="99256" class="commenttextarea" style="textarea"/>
                                            </div>
                                        </div>
                                        </div>
                                    </div>
                                    <div class="row">
                                        <div class="col-md-4">
                                            <label><span class="required">*</span>Provider</label>
                                            <encounterProvider role="Provider" required="true" id="provider" />
                                        </div>
                                    </div>
                                </div>
                            </div>
                        </div>
                    </div>
                </div>
            </div>
        </div>
  
</htmlform>