<htmlform formName="HMIS ACP 029: Safe Male Circumcision Client Card Follow up"
          formDescription="Captures clients undergoing safe male circumcision follow up"
          formEncounterType="d0f9e0b7-f336-43bd-bf50-0a7243857fa6"
          formUuid="a4054e91-668f-4bc5-9ba5-6d40e446e2ac"
          formVersion="4.0.0"
          formAddMetadata="yes"
          formUILocation="patientDashboard.visitActions"
          formOrder="10"
          formIcon="icon-medkit"
          formShowIf="(visit.active || !visit.active) &amp;&amp; patient.person.gender=='M' &amp;&amp; patient.person.dead==false &amp;&amp; 
          (sessionLocation.uuid=='86863db4-6101-4ecf-9a86-5e716d6504e4' || sessionLocation.uuid=='e9bc61b5-69ff-414b-9cf0-0c22d6dfca2b')"
          formDisplayStyle="Standard"
          formLabel="SMC Client Card Follow Up">

    <ifMode mode="ENTER">
        <includeIf velocityTest="$fn.allEncounters('244da86d-f80e-48fe-aba9-067f241905ee').size() == 0">
            <script>
                jq(function () {
                    alert('This Patient has no SMC Card , you will now be forwarded to the patient dashboard');
                    /*
                     * queryParameters -> handles the query string parameters
                     * queryString -> the query string without the fist '?' character
                     * re -> the regular expression
                     * m -> holds the string matching the regular expression
                     */
                    var queryParameters = {}, queryString = location.search.substring(1),
                            re = /([^&amp;=]+)=([^&amp;]*)/g, m;

                    // Creates a map with the query string parameters
                    while (m = re.exec(queryString)) {
                        queryParameters[decodeURIComponent(m[1])] = decodeURIComponent(m[2]);
                    }

                    /*
                     * Replace the query portion of the URL.
                     * jQuery.param() -> create a serialized representation of an array or
                     *     object, suitable for use in a URL query string or Ajax request.
                     */
                    location.href = window.location.protocol + "//" + window.location.host +
                            '/' + OPENMRS_CONTEXT_PATH + '/coreapps/clinicianfacing/patient.page?patientId='
                            + queryParameters['patientId']; // Causes page to reload
                });

            </script>
        </includeIf>
    </ifMode>

    <script type="text/javascript">

        if (jQuery) {
            jq(document).ready(function () {
                //Block Multiple encounter entry on same date
                blockEncounterOnSameDateEncounter(jq("#encounterDate").find("input[type=hidden]"),"block");

                disable_fields('referral-place'); 

                jq('#referred').click(function () {
                    if (getValue('referred.value') == 90003) {
                        enable_fields('referral-place');
                    } else {
                        disable_fields('referral-place');
                    }
                });

                jq('#smc_presence_of_ae').click(function () {
                    if (getValue('smc_presence_of_ae.value') == 90002) {
                        showContainer('#smc_presence_of_ae_other');

                    } else {
                        hideContainer('#smc_presence_of_ae_other');
                    }
                });

                jq('#smc_presence_of_ae').trigger('click');
            });
        }
    </script>

    <div>
        <div class="row">
            <div class="col-md-6">
                <h3>HMIS ACP 029: Safe Male Circumcision Client Card Follow up</h3>
            </div>
            <div class="col-md-5"></div>
            <span style="display: none;">
                <encounterLocation default="629d78e9-93e5-43b0-ad8a-48313fd99117"
                                   order="629d78e9-93e5-43b0-ad8a-48313fd99117"/>
            </span>
            <div class="col-md-1">
                <submit submitStyle="customSubmit" class="confirm" submitLabel="Save"/>
            </div>
        </div>

        <div class="row">
            <div class="col-md-12">
                <div class="card">
                    <div class="card-header">Follow Up Information</div>
                    <div class="card-body">
                        <div class="row">
                            <div class="col-md-4 ">
                                <label>Date</label>
                                <i class=" icon-calendar small family-date-icon position-absolute" style="right: 23%; top: 40%;" ></i>
                                <encounterDate default="today" disallowMultipleEncountersOnDate="block"/>
                            </div>
                           <div class="col-md-4">
                               <label>Site Type</label>
                                <obs conceptId="162893" answerConceptIds="162894,162895,162896"
                             answerLabels="Static/Fixed,Outreach,Camp" required="true"/>
                           </div> 
                           <div class="col-md-4">
                               <label>Serial ID</label>
                               <patient field="identifier" identifierTypeId="37601abe-2ee0-4493-8ac7-22b4972190cf"/>
                           </div> 
                        </div>
                        <div class="row">
                            <div class="col-md-4">
                                <label>Wound Status</label>
                                <obs conceptId="162912" />
                            </div>
                            <div class="col-md-4">
                                <label>Type of Visit</label>
                                <obs conceptId="99702" answerConceptIds="99703,99704,99705" answerLabels="1 - Routine, 2 - Client initiated/unscheduled,3 - Recommended by Physician"
                                     id="99702"
                                     style="dropdown" />
                            </div>
                        </div>

                        <!-- Presence of AE -->
                        <div class="row">
                            <div class="col-md-12 ">
                                <label>Presence of AE </label>
                            </div>
                            <div class="col-md-4">
                                <obs conceptId="99706" answerConceptId="99687" answerLabel="1 - Damage to penis"/>
                            </div>
                            <div class="col-md-4">
                                <obs conceptId="99706" answerConceptId="99688" answerLabel="2 - Excessive bleeding"/>
                            </div>
                            <div class="col-md-4">
                                <obs conceptId="99706" answerConceptId="99707" answerLabel="3 - Pus discharge"/>
                            </div>
                            <div class="col-md-4">
                                <obs conceptId="99706" answerConceptId="99708" answerLabel="4 - Excessive Swelling"/>
                            </div>
                            <div class="col-md-4">
                                <obs conceptId="99706" answerConceptId="99709" answerLabel="5 - Infection"/>
                            </div>
                            <div class="col-md-4">
                                <obs conceptId="99706" answerConceptId="162913" answerLabel="6 - Smell"/>
                            </div>
                            <div class="col-md-4">
                                <obs conceptId="99706" answerConceptId="162914" answerLabel="7 - Device displacement"/>
                            </div>
                            <div class="col-md-4">
                                <obs conceptId="99706" answerConceptId="162915" answerLabel="8 - Failure to pass urine"/>
                            </div>
                            <div class="col-md-4">
                                <obs conceptId="99706" answerConceptId="162914" answerLabel="9 - Early Ring Removal"/>
                            </div>
                            <div class="col-md-4">
                                <label>Other Specify</label>
                                <obs conceptId="99710" id="smc_presence_of_ae_other"/>
                            </div>
                        </div>
                        <div class="row ">
                            <div class="col-md-4">
                                <label >Severity</label>
                                <obs conceptId="99691" answerConceptIds="1498,99562,99561" answerLabels="Mild,Moderate,Severe" style="radio" class="horizontal"/>
                            </div>
                            <div class="col-md-4">
                                <label>Referred</label>
                                <obs conceptId="90306" id="referred" answerConceptIds="90003,90004" answerLabels="Yes,No" 
                                     style="radio" class="horizontal"/>
                            </div>
                            <div class="col-md-4">
                                <label>Place referred to</label>
                                <obs conceptId="90211" id="referral-place"/>
                            </div>
                            <div class="col-md-4">
                                <label>Treatment given</label>
                                <obs conceptId="99692" size="60" style="textarea" id="treatment-given"/>
                            </div>
                            <div class="col-md-4">
                                <label>Attending Health Worker</label>
                                <encounterProviderAndRole 
                                encounterRole="240b26f9-dd88-4172-823d-4a8bfeb7841f"
                                required="required"/>
                            </div>
                        </div>
                    </div>
                </div>
            </div>
        </div>
    </div>
    <!-- End of HTML Form -->
</htmlform>