<htmlform formName="ART Regimen Change"
          formDescription="ART Regimen Change"
          formUuid="53a3850c-855a-11eb-8dcd-0242ac130003"
          formEncounterType="c11774c1-3b4a-4bdb-a847-6060895e006d"
          formVersion="4.0.0"
          formAddMetadata="yes"
          formUILocation="patientDashboard.visitActions"
          formOrder="1"
          formIcon="icon-exchange"
          formShowIf="(visit.active || !visit.active) &amp;&amp; patient.person.dead==false &amp;&amp; sessionLocation.uuid=='86863db4-6101-4ecf-9a86-5e716d6504e4'"
          formDisplayStyle="Standard"
          formLabel="ART Regimen Change">


    <ifMode mode="ENTER,EDIT" include="false">
        <includeIf velocityTest="$fn.allEncounters('8d5b27bc-c2cc-11de-8d13-0010c6dffd0f').size() == 0">
            <script>
                jq(function () {
                    jq().toastmessage('showErrorToast', "This patient is missing an ART Summary page");
                    alert('This patient has no Summary page, you will now be forwarded to the patient dashboard');

                    /*
                    * queryParameters -> handles the query string parameters
                    * queryString -> the query string without the fist '?' character
                    * re -> the regular expression
                    * m -> holds the string matching the regular expression
                    */
                    var queryParameters = {}, queryString = location.search.substring(1),
                        re = /([^&amp;=]+)=([^&amp;]*)/g, m;

                    // Creates a map with the query string parameters
                    while (m = re.exec(queryString)) {
                        queryParameters[decodeURIComponent(m[1])] = decodeURIComponent(m[2]);
                    }

                    /*
                    * Replace the query portion of the URL.
                    * jQuery.param() -> create a serialized representation of an array or
                    * object, suitable for use in a URL query string or Ajax request.
                    */
                    location.href = window.location.protocol + "//" + window.location.host +
                        '/' + OPENMRS_CONTEXT_PATH + '/coreapps/clinicianfacing/patient.page?patientId='
                        + queryParameters['patientId']; // Causes page to reload
                });
            </script>
        </includeIf>
    </ifMode>

        <lookup complexExpression="#if ($encounter) #set ($encounterDate = $encounter.encounterDatetime) #else #set ($encounterDate = $visit.startDatetime) #end"/>
    <!-- Use the date a day before the encounter date as there will be an overlap if the actual encounter date is used -->
    <lookup complexExpression="#set ($previousRegimenDate = $fn.yesterday($encounterDate))"/>
    <lookup complexExpression="#set ($regimenLineId = $fn.currentProgramWorkflowStatus(3,$encounterDate).state.concept.Id)" />
    <lookup complexExpression="#set ($regimenLineName = $fn.currentProgramWorkflowStatus(3,$encounterDate).state.concept.name)" />
    <script type="text/javascript">
        jq(document).ready(function () {
            // set the value of the prior regimen
            setValue('prior-regimen.value', jq("#current-regimen-id").html());
        });
        beforeSubmit.push(function () {
            // ensure that the current regimen is not the same as the switch or substituted regimen
            var current_regimen_id = jq("#current-regimen-id").html();

            if (current_regimen_id === getValue('new-regimen.value')) {
                getField('new-regimen.error').html('The new regimen ' + jq("#current-regimen-name").html() + ' cannot be the same as the current regimen ').show();
                jq().toastmessage('showErrorToast', "The new regimen " + jq("#current-regimen-name").html() + " cannot be the same as the current regimen");
                return false;
            }
            return true;
        });
    </script>

    <div>
        <div class="row">
            <div class="col-md-11">
                <H1>ART Regimen Switch and Substitution</H1>
            </div>
            <div>
                <div class="col-md-1">
                    <submit class="confirm" submitLabel="Save" submitStyle="customSubmit"/>
                </div>
            </div>
        </div>
        <div class="row">
            <div class="col-md-7">
                <table id="art-history" class="table table-borderless">
                    <tbody>
                    <tr>
                        <td>
                            <label><b>Date</b></label>
                        </td>
                        <td>
                            <div class="right-inner-addon">
                                <i class=" icon-calendar small right-inner-addon-row"></i>
                                <encounterDate default="today"
                                               disallowMultipleEncountersOnDate="block"/>
                            </div>
                        </td>
                    </tr>
                    <tr>
                        <td>
                            <label><b>Current Regimen</b></label>
                        </td>
                        <td>
                            <lookup complexExpression="#if ($fn.latestObs(90315,$previousRegimenDate)) #set ($currentRegimen=$fn.latestObs(90315,$previousRegimenDate)) #else #set ($currentRegimen=$fn.latestObs(99064,$encounterDate)) #end"/>
                            <lookup complexExpression="#if (!$currentRegimen) #set ($currentRegimenName='No Current or Transfer-in Regimen') #else #set ($currentRegimenName=$currentRegimen.valueCoded.name) #end"/>
                            <lookup complexExpression="$currentRegimenName" />
                            <span class="hidden" id="current-regimen-id"><lookup complexExpression="$currentRegimen.valueCoded.Id"/></span>
                            <span class="hidden" id="current-regimen-name"><lookup complexExpression="$currentRegimen.valueCoded.name"/></span>
                            <span class="hidden">
                                <obs id="prior-regimen" conceptId="166039" />
                            </span>
                        </td>
                    </tr>
                    <tr>
                        <td>
                            <label><b>Current Line</b></label>
                        </td>
                        <td>
                            <lookup expression="fn.currentProgramWorkflowStatus(3,$encounterDate).state.concept.name" />
                        </td>
                    </tr>

                    <tr>
                        <td>
                            <label><b>Clinician</b></label>
                        </td>
                        <td>
                            <encounterProviderAndRole encounterRole="240b26f9-dd88-4172-823d-4a8bfeb7841f"
                                                      required="required" default="currentUser"/>
                        </td>
                    </tr>
                    <tr>
                        <td>
                            <label><b>Regimen Change Type</b></label>
                        </td>
                        <td>
                            <ifMode mode="EDIT">
                                <lookup complexExpression="$fn.latestObs(166339,$encounterDate).valueCoded.name"/>
                            </ifMode>
                            <ifMode mode="EDIT" include="false">
                                <obs id="regimen-change-actions" conceptId="166339" answerConceptIds="1371,1372">
                                    <controls>
                                        <when value="1371" thenDisplay="#regimen-switch-line,#regimen-switch-reason"/>
                                        <when value="1372" thenDisplay="#regimen-substitution-reason"/>
                                    </controls>
                                </obs>
                            </ifMode>

                        </td>
                    </tr>
                    <excludeIf velocityTest="$fn.latestObs(166339,$encounterDate).valueCoded.Id == 1371">
                    <tr>
                        <td>
                            <label><b>New Regimen</b></label>
                        </td>
                        <td>
                            <obs id="new-regimen" conceptId="90315">
                                <controls>
                                    <when value="90002" thenDisplay="#new-regimen-other"/>
                                </controls>
                            </obs>
                            <span id="new-regimen-other">
                                <obs conceptId="99126"/>
                            </span>
                        </td>
                    </tr>
                    <tr id="regimen-substitution-reason">
                        <td>
                            <label><b>Reason for regimen substitution</b></label>
                        </td>
                        <td>
                            <obs conceptId="90246" rows="5"/>
                        </td>
                    </tr>
                    </excludeIf>
                    <excludeIf velocityTest="$fn.latestObs(166339,$encounterDate).valueCoded.Id == 1372">
                    <tr id="regimen-switch-line">
                        <td>
                            <label><b>New Regimen Line for Switch</b></label>
                        </td>
                        <td>
                            <ifMode mode="EDIT">
                                <!-- in Edit mode just display the name of the regimen line - do not allow it to be changed here again -->
                                <lookup complexExpression="$regimenLineName" />
                            </ifMode>
                            <ifMode mode="EDIT" include="false">
                                <!-- Current Regimen is Second Line so only shows Third Line -->
                                <includeIf velocityTest="$regimenLineId == 90305">
                                    <workflowState workflowId="3" stateId="13" stateLabel="Third Line" />
                                </includeIf>
                                <!-- Current Regimen is First Line so only shows Second Line -->
                                <includeIf velocityTest="$regimenLineId == 90271">
                                    <workflowState workflowId="3" stateId="12" stateLabel="Second Line" />
                                </includeIf>
                            </ifMode>
                        </td>
                    </tr>
                    <tr id="regimen-switch-reason">
                        <td>
                            <label><b>Reason for regimen switch</b></label>
                        </td>
                        <td>
                            <obs conceptId="90247" rows="5"/>
                        </td>
                    </tr>
                    </excludeIf>

                    <tr>
                        <td>
                            <label><b>Clinician Notes</b></label>
                        </td>
                        <td>
                            <obs conceptId="159395" rows="5"/>
                        </td>
                    </tr>
                    </tbody>
                </table>
            </div>
        </div>
    </div>
</htmlform>