<htmlform formName="Viral Load Request Form"
          formDescription=""
          formUuid="c0ba84af-d2b3-485f-bede-9c008fbc0d03"
          formEncounterType="cbf01392-ca29-11e9-a32f-2a2ae2dbcce4"
          formVersion="4.0.0"
          formAddMetadata="yes"
          formUILocation="patientDashboard.visitActions"
          formOrder="1"
          formIcon="icon-exchange"
          formShowIf="patient.person.dead==false"
          formDisplayStyle="Standard"
          formLabel="HMIS ACP 002: LAB REQUEST FORM FOR HIV VIRAL LOAD ANALYSIS">
    <style>

        form label, .form label {
            float: left;
            padding: 0px 10px 0 0;
        }

        form input[type="checkbox"], form input[type="radio"], .form input[type="checkbox"], .form input[type="radio"] {
            margin: 10px 15px;
        }

        table td {
            background: #FFFFFF;
            color: #404040;
        }

        form select, .form select {
            min-width: 0px;
        }

        form input, form select, form textarea, form ul.select, .form input, .form select, .form textarea, .form
        ul.select {
            background-color: #FBFBFB;
            border: 1px solid #CEC9C9;
            border-radius: 5px;
            margin-bottom: 10px;
            padding: 10px;
            min-width: 20%;
        }

        .row {
            display: inline-flex;
            clear: both;
        }

        .results_style {
            font-weight: bold;
            color: #0808fd;
        }

        .row .row-col2 {
            float: left;
            width: 50%;
        }

        table th, table td {
            border: 1px solid #AFAFAF;
        }

        #br {
            white-space: pre;
        }

        input[type="checkbox"] {
            margin: 0px 2px;
        }

        .obs-field {

        }

        .div-col2 {
            display: table-cell;
            margin-right: auto;
            margin-left: auto;
            width: 20%;
        }
        span p b{
        color:red;
        }
    </style>
    <script type="text/javascript">
        if (jQuery) {
            jq(document).ready(function () {
                var patientuuid = '<lookup expression="patient.uuid"/>';
                var artInitiationDate = '<lookup expression="fn.latestObs('99161').valueDatetime"/>';
                var who_stage='<lookup expression="fn.latestObs('90203').valueCoded.name"/>';
                var treatment_line= '<lookup expression="fn.currentProgramWorkflowStatus(3).state.concept.name" />';
                var current_regimen= '<lookup expression="fn.latestObs('90315').valueCoded.name"/>';
                var pregnant = '<lookup expression="fn.latestObs('90041').valueCoded.name"/>';
                var anc = '<lookup expression="patient.getPatientIdentifier('b0cc255e-ef57-4266-839e-0df7f5099eb9')"/>';
                var pnc= '<lookup expression="patient.getPatientIdentifier('758ef6e4-9ceb-4137-bc8d-9246dc7b41fe')"/>';
                var tb_status ='<lookup expression="fn.latestObs('90216').valueCoded.name"/>';
                var tb_start_date ='<lookup expression="fn.latestObs('90217').valueDatetime"/>';
                var adherence ='<lookup expression="fn.latestObs('90221').valueCoded.name"/>';
                var dsdm = '<lookup expression="fn.latestObs('165143').valueCoded.name"/>';


                if(artInitiationDate != '') {
                    jq("#99161").find("input").attr("style", "display: none;");
                    jq("#99161").append("<span><p><b>"+artInitiationDate+"</b></p></span>");
                }

                if(who_stage != '') {

                    jq("#who-clinic-stage").find("select").attr("style", "display: none;");
                    jq("#who-clinic-stage").append("<span><p><b>"+who_stage+"</b></p></span>");
                }

                if(treatment_line != '') {
                    jq("#treatment-line").find("select").attr("style", "display: none;");
                    jq("#treatment-line").append("<span><p><b>"+treatment_line+"</b></p></span>");
                }

                if(current_regimen != '') {
                    jq("#art-regimen").find("select").attr("style", "display: none;");
                    jq("#art-regimen").append("<span><p><b>"+current_regimen+"</b></p></span>");
                }

                if(pregnant != '') {
                    jq("#pregnancy-status").find("select").attr("style", "display: none;");

                    jq("#pregnancy-status").append("<span><p><b>"+pregnant+"</b></p></span>");
                }

                if(tb_status != '') {
                    jq("#tb-status").find("select").attr("style", "display: none;");
                    jq("#tb-status").append("<span><p><b>"+tb_status+"</b></p></span>");
                }

                if(adherence != '') {
                    jq("#art-adherence").find("select").attr("style", "display: none;");
                    jq("#art-adherence").append("<span><p><b>"+adherence+"</b></p></span>");
                }

                if(dsdm != '') {
                    jq("#165143").find("select").attr("style", "display: none;");
                    jq("#165143").append("<span><p><b>"+dsdm+"</b></p></span>");
                }

                jq("#order-viral-load-test input").prop("checked", true);


                });

            beforeSubmit.push(function () {
                var submitVal = true;
                var submitValStage = [];


                return submitVal;
            });
        }
    </script>
    <div class="ai-page-frame" id="request_form">
        <div class="headers" style="text-align: center;">
            <h3>HMIS ACP 002: LAB REQUEST FORM FOR HIV VIRAL LOAD ANALYSIS</h3>
        </div>
        <section>
            <table>
                <tbody>

                    <tr>
                        <td> Date:
                            <encounterDate required="true"/>
                            <span style="display: none;">
                                <encounterLocation default="629d78e9-93e5-43b0-ad8a-48313fd99117"
                                                   order="629d78e9-93e5-43b0-ad8a-48313fd99117"/>
                            </span>

                            <obs id="99161" conceptId="99161" labelText="ART Start Date:" required="required"/>
                        </td>
                        <td>
                                <label>WHO Clinical stages</label>
                                <obs id="who-clinic-stage" class="long-value-select" conceptId="90203"
                                     answerConceptIds="90033,90034,90035,90036,90293,90294,90295,90296"
                                     answerLabels="1,2,3,4,T1,T2,T3,T4"/>
                        </td>
                        <td>
                            <div  id="treatment-line">
                                <workflowState  workflowId="3" labelText="Treatment line" stateIds="11,12,13" stateLabels="FIRST LINE ARV REGIMEN,SECOND LINE ARV REGIMEN,THIRD LINE ARV REGIMEN" style="dropdown" />
                            </div>
                        </td>
                        <td>
                             <obs id="art-regimen" conceptId="90315" labelText="Regimen:" required="required"
                                     answerConceptIds="99015,99016,99005,99006,164979,99039,99040,164977,99041,99042,99007,99008,99044,99043,99282,99283,99046,99017,99018,99019,99045,99284,99285,99286,99884,99885,164978,99888,163017,99887,90002"
                                     answerLabels="d4T-3TC-NVP,d4T-3TC-EFV,AZT-3TC-NVP,AZT-3TC-EFV,AZT-3TC-DTG,TDF-3TC-NVP,TDF-3TC-EFV,TDF-3TC-DTG,TDF-FTC-NVP,TDF-FTC-EFV,ABC-ddI(250)-LPV/r,ABC-ddI(400)-LPV/r,TDF-3TC-LPV/r,TDF-FTC-LPV/r,ZDV-ddI(250)-LPV/r,ZDV-ddI(400)-LPV/r,AZT-3TC-LPV/r,ABC-ddI-LPV/r,ABC-ddI-NFV,ABC-ddI-SQV/r,ZDV-ddI-LPV/r,AZT-ABC-LPV/r,ABC-ddI-ATV/r,AZT-3TC-ATV/r,ABC-3TC-NVP,ABC-3TC-EFV,ABC-3TC-DTG,ABC-3TC-ATV/r,ABC-3TC-LPV/r,TDF-3TC-ATV/r,Other"/>
                        </td>
                    </tr>
                </tbody>
            </table>
        </section>
            <table>
            <tbody>

                <tr>
                    <td>
                        <excludeIf velocityTest="$patient.gender =='M' || $patient.age &lt; 9">
                            <label>Pregnancy Status</label>
                            <span class="pregnancy" id="pregnancy-status">
                                    <obs conceptId="90041" answerConceptIds="1065,99601,1066,1175" required="required"
                                         answerLabels="P - Pregnant,BF - Breast Feeding,NPB - Not pregnant or not breast feeding,NA - Not Applicable"/>
                                </span>
                            </excludeIf>
                    </td>
                    <td>
                            <label>Tb Status</label><br/>
                            <obs id="tb-status" class="long-value-select" conceptId="90216" required="required"
                                 answerConceptIds="90079,90073, 165295, 165296, 165297, 165298, 165299,165300,90071,99421"
                                 answerLabels="1 - No signs,2 - Presumptive, 3C - TB Diagnosed - Clinically diagnosed,  3G - TB Diagnosed - Gene Xpert, 3L - TB Diagnosed - TB LAM,3M - TB Diagnosed -TB Microscopy, 3X - TB Diagnosed - Chest Xray, 3O - TB Diagnosed - Others, 4 - Tb Rx - Currently on TB treatment, 5 - Completed TB Treatment"/>

                    </td>
                    <td>
                        <label>Adherence</label><br/>
                                    <obs id="art-adherence" conceptId="90221" answerConceptIds="90156,90157,90158"
                                         answerLabels="Good, Fair, Poor" required="required" class="horizontal long-value-select"/>
                    </td>
                    <td>
                        <obs id="165143" conceptId="165143"
                             answerConceptIds="165138,165140,165139,165142,165141"
                             answerLabels="FBIM,FBG,FTR,CDDP,CCLAD" required="required"
                             labelText="Approach" class="horizontal long-value-select"/>
                    </td>
                </tr>
                <tr>

                    <td>
                        <obs id="order-viral-load-test" conceptId="1271" class="hidden"
                             answerConceptId="165412"
                             answerLabel="Order Viral Load Test"/>
                        <label>Date collected</label><br/>
                        <obs id="date-viral-load-taken" conceptId="163023"
                             allowFutureDates="false" required="true"/>
                    </td>
                    <td>
                        <label>Specimen ID/Accession Number</label>
                        <obs id="viral-load-accession-number"
                             conceptId="165845" required="true"/>
                    </td>
                    <td>
                        <label>Specimen Source</label>
                        <obs id="viral-load-specimen-source" conceptId="159959"
                             answerConceptSetIds="162476" required="true"/>
                    </td>
                    <td>
                        <label>Indication for viral load testing</label>
                        <obs id="indication-for-viral-load-testing" conceptId="168689" style="checkbox" required="true"/>
                    </td>
                </tr>

                <tr>

                    <td>
                        <label><span class="required">*</span>Counselor</label>
                        <encounterProviderAndRole encounterRole="240b26f9-dd88-4172-823d-4a8bfeb7841f"
                                                  required="required" id="provider"/>

                    </td>
                </tr>
            </tbody>
        </table>

    </div>
    <submit submitLabel="Save"/>


    <postSubmissionAction class="org.openmrs.module.ugandaemr.htmlformentry.ViralLoadSubmissionAction"/>
</htmlform>