<htmlform formName="HMIS ACP: Cervical Cancer Screening Form"
          formDescription="Cervical Cancer Screening Form"
          formEncounterType="91725548-2d90-4b28-be6d-0509ba37bb0f"
          formUuid="e4c98c45-f01e-4737-a62a-baf981ae7b14"
          formVersion="4.0.0"
          formAddMetadata="yes"
          formUILocation="patientDashboard.visitActions"
          formOrder="16"
          formIcon="icon-medkit"
          formShowIf="(visit.active || !visit.active) &amp;&amp; patient.person.dead==false &amp;&amp; patient.person.gender=='F' &amp;&amp; (sessionLocation.uuid=='86863db4-6101-4ecf-9a86-5e716d6504e4' || sessionLocation.uuid=='7c231e1a-1db5-11ea-978f-2e728ce88125' || sessionLocation.uuid=='e9bc61b5-69ff-414b-9cf0-0c22d6dfca2b')"
          formDisplayStyle="Standard"
          formLabel="HMIS ACP: Cervical Cancer Screening Form">

    <script type="text/javascript">
        if (jQuery) {

            jq(document).ready(function () {
                
                disable_fields("other-testing-point");  
                disable_fields("entry-point-clinic-no");             
                disable_fields("art-status")               
                disable_fields("art-number");    
                disable_fields("pregnant-now");   
                disable_fields("pregnant-last-3months");             
                disable_fields("previous-cacx-treatment")                            

                jq('#entry-point').change(function () {
                    if (getValue('entry-point.value') == 90002) {
                        enable_fields('other-testing-point');
                    } else {
                        disable_fields('other-testing-point');
                        enable_fields('entry-point-clinic-no');
                    }
                });

                jq('#hiv-status').change(function () {
                    if (getValue('hiv-status.value') == 90166) {
                        enable_fields('art-status');
                    } else {
                        disable_fields('art-status');
                        disable_fields('art-number');
                    }
                });

                jq('#art-status').change(function () {
                    if (getValue('art-status.value') == 1367) {
                        enable_fields('art-number');
                    } else {
                        disable_fields('art-number');
                    }
                });

                jq('#screened-for-cacx').click(function () {
                     if (jq(this).find("input[type='radio']:checked").val() == "1065") {
                        disable_fields("eligible-for-cacx-screening"); 
                        enable_fields('previous-cacx-treatment');
                    } else {
                        enable_fields("eligible-for-cacx-screening");  
                        disable_fields('previous-cacx-treatment');
                    }
                });

                jq('#menstruating').click(function () {
                     if (jq(this).find("input[type='radio']:checked").val() !== "1065") {
                        enable_fields('pregnant-now');
                    } else {
                        disable_fields('pregnant-now');
                    }
                });

            });
        }

    </script>


    <div>
        <div class="row">
            <div class="col-md-6">
                <h1>HMIS ACP: Cervical Cancer Screening Form</h1>
            </div>
            <div class="col-md-5"></div>
            <div class="col-md-1">
                <submit class="confirm" submitLabel="Save" submitStyle="customSubmit"/>
            </div>
        </div>

        <div class="row">
            <div class="col-md-12">
                <div class="card">
                    <div class="card-header">
                        Client Information
                    </div>
                    <div id="enrollment" class="card-body">
                        <div class="row">
                            <div class="col-4" id="visit-date">
                                <label>Date</label>
                                <encounterDate default="today"
                                               disallowMultipleEncountersOnDate="block"/>
                            </div>
                            <div class="col-4">
                                <label>Serial Number</label>
                                <obs conceptId="1646" id="1646"/>
                            </div>
                            <div class="col-4">
                                <label>Reg. No.</label>
                                <obs id="168696" conceptId="168696"/>
                            </div>
                            
                        </div>
                        <div class="row">
                            <div class="col-4">
                                <label>Referred In</label>
                                <obs id="168757" conceptId="168757" answerConceptIds="1065,1066" answerLabels="Yes, No" style="radio" class="horizontal"/>
                            </div>
                            <div class="col-4">
                                <label>Entry Point</label>
                                <obs id="entry-point" conceptId="164993"
                                     answerConceptIds="160542,165047,165048,165046,165348,164984,90015,168695,  90018,99456,90002" 
                                     answerLabels="OPD, ART Clinic, TB Clinic,Postnatal Clinic, Mother Baby Care Point, Family Planning Clinic,STI Clinic, Cancer Unit, In patient ward, Community/Outreach, Other Specify"
                                     />
                            </div>
                            <div class="col-2">
                                <label>Other Testing Point</label>
                                <obs id="other-testing-point" conceptId="165398"/>
                            </div>
                            <div class="col-2">
                                <label>Entry Point Clinic No.</label> 
                                <obs id="entry-point-clinic-no" conceptId="168761"/>
                            </div>
                        </div>
                        <div class="row">
                            <div class="col-4">
                                <label>HIV Status</label>
                                <obs id="hiv-status" conceptId="90253"
                                     answerConceptIds="90167,90166,90001"
                                     answerLabels="NEG- HIV-, POS- HIV+, UK- Unknown"/>
                            </div>
                            <div class="col-4">
                                <label>ART Status</label>
                                <obs id="art-status" conceptId="1358"
                                     answerConceptIds="1367, 165904, 1175"
                                     answerLabels="On ART, Not On ART, Not Applicable"/>
                            </div>
                            <div class="col-md-4">
                                <label>ART Number</label>
                                <obs id="art-number" conceptId="99431"/>
                            </div>
                        </div>

                    </div>
                </div>
                <div id="exit" class="card">
                    <div class="card-header">
                        Eligibility Criteria
                    </div>
                    <div class="card-body">
                        <div class="row">
                            <div class="col-md-4">
                                <label>Ever been screened for cervical cancer</label>
                                <obs id="screened-for-cacx" conceptId="166905" answerConceptIds="1065,1066,1175" answerLabels="Yes,No,NA" style="radio" class="horizontal"/>
                            </div>
                            <div class="col-md-4">
                                 <label>Given Pre-Test counselling</label>
                                <obs id="pre-test-counselling-done" conceptId="162891" answerConceptIds="1065,1066,1175" answerLabels="Yes,No,NA" style="radio" class="horizontal"/>
                            </div>
                            <div class="col-md-4">
                                <label>Are you menstruating now</label>
                                <obs id="menstruating" conceptId="168697" answerConceptIds="1065,1066,1175" answerLabels="Yes,No,NA" style="radio" class="horizontal"/>
                            </div>
                        </div>
                        <div class="row">
                            <div class="col-md-4">
                                <label>Are you pregnant</label>
                                <obs id="pregnant-now" conceptId="90041" answerConceptIds="1065,1066,1175" answerLabels="Yes,No,NA" style="radio" class="horizontal"/>
                            </div>
                            <div class="col-md-4">
                                <label>Have you been pregnant in the last 3 months</label>
                                <obs id="pregnant-last-3months" conceptId="168698" answerConceptIds="1065,1066,1175" answerLabels="Yes,No,NA" style="radio" class="horizontal"/>
                            </div>
                            <div class="col-md-4">
                                <label>Have you had a total hysterectomy</label>
                                <obs id="had-hysterectomy" conceptId="168699" answerConceptIds="1065,1066,1175" answerLabels="Yes,No,NA" style="radio" class="horizontal"/>
                            </div>
                        </div>
                        <div class="row">
                            <div class="col-md-4">
                                <label>Have you previously been on cervical cancer treatment</label>
                                <obs id="previous-cacx-treatment" conceptId="168700" answerConceptIds="1065,1066,1175" answerLabels="Yes,No,NA" style="radio" class="horizontal"/>
                            </div>
                            <div class="col-md-4">
                                <label>Eligible for cervical cancer screening</label>
                                <obs id="eligible-for-cacx-screening" conceptId="168701" answerConceptIds="1065,1066,1175" answerLabels="Yes,No,NA" style="radio" class="horizontal"/>
                            </div>
                            <div class="col-md-4">
                                <label>Ready to receive service</label>
                                <obs id="ready-to-receive-service" conceptId="168702" answerConceptIds="1065,1066,1175" answerLabels="Yes,No,NA" style="radio" class="horizontal"/>
                            </div>
                        </div>
                        <div class="row">
                            <div class="col-md-4">
                                <label><span class="required">*</span>Provider</label>
                                <encounterProvider role="Provider" required="true" id="provider" />
                            </div>
                        </div>
                    </div>
                </div>
            </div>
        </div>
    </div>
</htmlform>