<htmlform formName="HMIS IPD 003 - Inpatient Register" formDescription="Inpatient Register"
          formEncounterType="5ef205bc-136a-469b-b074-5f39488db91a"
          formUuid="5ef205bc-136a-469b-b074-5f39488db91a" formVersion="4.0.0"
          formAddMetadata="yes" formUILocation="patientDashboard.visitActions"
          formIcon="icon-medkit" formShowIf="(visit.active || !visit.active) &amp;&amp; patient.person.dead==false"
          formDisplayStyle="Standard" formLabel="Inpatient(IPD) Form">

    <style type="text/css">
    </style>
    <script type="text/javascript">

        //Disable encounter date field.
        /*var disableEncounterDate = function() {
        $encounterDateField = jq('span#encounterDate').find('input[type="text"]');
        $encounterDateField.addClass('disabled')
        $encounterDateField.attr('disabled', 'disabled')
        }*/

        jQuery(document).ready(function(jq) {
        //Disable Malalaria test results when the form loads
        disable_fields(164434)

        // Disable TB Test results when the form loads
        disable_fields(165291)
        disableContainer("#" + 165291)

        //Disable Unit TB Number and Lab TB results
        disable_fields(164955)


        //Disable encounter date field
        disableEncounterDate()

        //Disable linked to TB clinic option
        disableContainer("#" + 175384)

        //Disable screened for HIV option
        disableContainer("#" + 99550)

        // Disable patient sent to lab
        disableContainer("#" + 165178)

        jq("#99030").find("select").attr("style", "pointer-events: none;");


        var age      =  <lookup complexExpression="$patient.age"/>;
        getMUACCodeFromMUACScoreByAge(age)

        <ifMode mode="EDIT">

            // In edit mode, enable the malaria test results if a test was done.
            jq('#164433').find("input[type='radio']").each(function(){
            if(this.checked &amp;&amp; this.value !=='1118' ){
            enable_fields(164434)
            }
            })

            // In edit mode, enable patient sent to the lab if a new presumed case option YES was initially checked.
            // Also enable screened for  HIV
            jq('#99498').find("input[type='radio']").each(function(){
            if(this.checked &amp;&amp; this.value ==='1066' ){
            enableContainer("#" + 165178)
            enableContainer("#" + 99550)
            }
            })

            // In edit mode, enable lab TB results field if patient sent to lab option is a YES
            jq('#165178').find("input[type='radio']").each(function(){
            if(this.checked &amp;&amp; this.value ==='90004' ){
            enable_fields(165291)
            }
            })

            // In edit mode, enable linked to TB clinic and Unit TB Number if lab TB results were initially positive
            var labTBResultsValue = jq('#165291').find("select option:selected").val()
            if(labTBResultsValue === "703"){
            enableContainer("#" + 175384)
            enable_fields(164955)
            }

        </ifMode>

        // Enable Malaria test results field when a malaria test is selected.
        // Disable the malaria test results field if the selected option is Not done.

        jq('#164433').find("input[type='radio']").change(function() {
        if(this.checked &amp;&amp; this.value !=='1118' ){
        enable_fields(164434)
        }
        else{
        disable_fields(164434)
        }
        })


        //Enable patient sent to lab and screened for HIV when a new presumed TB case is Yes
        jq('#99498').find("input[type='radio']").change(function(){
        if(this.checked &amp;&amp; this.value === '1066'){
        enableContainer("#" + 165178)
        enableContainer("#" + 99550)
        }else{
        disableContainer("#" + 165178)
        disableContainer("#" + 99550)
        }
        })

        //Enable Lab TB results when patient sent to the lab is YES
        jq('#165178').find("input[type='radio']").change(function(){
        if(this.checked &amp;&amp; this.value === '90004'){
        enableContainer("#" + 165291)
        }else{
        disableContainer("#" + 165291)
        }
        })

        //Enable linked to TB clinic and unit TB Number when the TB Results are positive
        jq('#165291').find("select").change(function(){
        const selectedOption = $(this).children("option:selected").val()
        if(selectedOption === '703'){
        enableContainer("#175384")
        enableContainer("#164955")
        }else{
        disableContainer("#175384")
        disableContainer("#164955")
        }

        })

        });

    </script>
    <div class="container-fluid">
        <div class="row">
            <div class="col-md-6">
                <h4>HMIS 003 Inpatient (IPD) Form</h4>
            </div>
            <div class="col-md-6">
                <submit class="offset-8 confirm" submitLabel="Save"/>
            </div>
        </div>
        <div class="row">
            <div class="col-md-12">
                <nav>
                    <div class="nav nav-tabs" id="nav-tab" role="tablist">
                        <a class="nav-item nav-link active" id="nav-demographics-tab" data-toggle="tab" href="#nav-demographics" role="tab" aria-controls="nav-demographics">Admission and Follow-up Information</a>
                        <a class="nav-item nav-link" id="nav-tests-tab" data-toggle="tab" href="#nav-tests" role="tab" aria-controls="nav-tests">Investigations</a>
                        <a class="nav-item nav-link" id="nav-diagnosis-tab" data-toggle="tab" href="#nav-diagnosis" role="tab" aria-controls="nav-diagnosis">Diagnosis</a>
                        <a class="nav-item nav-link" id="nav-referalls-tab" data-toggle="tab" href="#nav-referalls" role="tab" aria-controls="nav-referalls">Referrals</a>
                        <a class="nav-item nav-link" id="nav-discharge-tab" data-toggle="tab" href="#nav-discharge" role="tab" aria-controls="nav-discharge">Discharge</a>
                    </div>
                </nav>
            </div>
        </div>
        <div class="tab-content">
            <!-- Vitals Tab -->
            <div class="tab-pane active" id="nav-demographics" role="tabpanel" aria-labelledby="nav-demographics-tab">
                <div class="card">
                    <div class="card-header">
                        Admission Details
                    </div>
                    <div class="card-body">
                        <div class="row">
                                <div class="col-md-4">
                                    <label>Encounter Date:</label>
                                    <encounterDate disallowMultipleEncountersOnDate="block" class="long-value-select"/>
                                    <encounterLocation default="629d78e9-93e5-43b0-ad8a-48313fd99117" order="629d78e9-93e5-43b0-ad8a-48313fd99117" />
                                </div>

                        </div>
                        <div class="row">

                            <div class="col-md-3">
                                <label><span class="required">*</span>IPD No.</label>
                                <patient field="identifier"
                                         identifierTypeId="a6217c17-5012-4514-b9f2-5d02d3d04c44"
                                         required="true"/>

                            </div>
                            <div class="col-md-3 html-form-entry-disabled-field">
                                <label>Date In</label>
                                <encounterDate disallowMultipleEncountersOnDate="block" />

                                <label>Date Out</label>
                                <obs conceptId="162958" default="today" disallowMultipleEncountersOnDate="block" />

                            </div>

                            <div class="col-md-3">
                                <label>No. of Days of Stay</label>
                                <obs conceptId="159368"  />
                            </div>

                        </div>

                        <div class="row">
                            <div class="col-md-7">
                                <label>Reason for Admission</label>
                                <obs conceptId="165460"  />
                            </div>
                        </div>
                    </div>
                </div>

                <div class="card">
                    <div class="card-header">
                        Next of Kin Information
                    </div>
                    <div class="card-body">
                        <div class="row">
                            <div class="col-md-12">
                                <div class="row">
                                    <div class="col-md-4">
                                        <obs conceptId="162729" labelText="Name:"/>
                                    </div>
                                    <div class="col-md-4">
                                        <obs conceptId="159635" labelText="Contact:"/>
                                    </div>
                                    <div class="col-md-4">
                                        <obs conceptId="90269" labelText="Relationship:"/>
                                    </div>
                                </div>
                            </div>
                        </div>
                    </div>
                </div>

                <div class="card">
                    <div class="card-header">
                        Referral Information
                    </div>
                    <div class="card-body">
                        <div class="row">
                            <div class="col-md-6">
                                <obs conceptId="99322" answerConceptIds="99763,99764,99765,99766" answerLabels="REFOUT - Referred Out,REF IN - Referred In,C/REF IN - Referred in from community,FSG - Referred to family support groups" style="dropdown" id="referral" labelText="Referred In/Out"/>
                            </div>
                            <div class="col-md-3">
                                <obs conceptId="99770" labelText="Clinic Referred from"/>
                            </div>
                        </div>
                    </div>
                </div>



                <div class="card">
                    <div class="card-header">
                        Social History and Follow-up Information
                    </div>
                    <div class="card-body">
                        <div class="row">
                            <div class="col-md-12">
                                <table class="table table-borderless">
                                    <tr>
                                        <td>Tobacco Use:</td>
                                    </tr>
                                    <tr>
                                        <td>
                                            <obs conceptId="163731" answerConceptId="1455" answerLabel="Smoking" style="checkbox" class="horizontal-layout-options"/>
                                        </td>
                                        <td>
                                            <obs conceptId="165359" answerConceptId="165355" answerLabel="Sniffing" style="checkbox" class="horizontal-layout-options"/>
                                        </td>
                                        <td>
                                            <obs conceptId="165359" answerConceptId="165356" answerLabel="Chewing" style="checkbox" class="horizontal-layout-options"/>
                                        </td>
                                        <td>
                                            <obs conceptId="165359" answerConceptId="165357" answerLabel="Shisha" style="checkbox" class="horizontal-layout-options"/>
                                        </td>
                                        <td>
                                            <obs conceptId="165359" answerConceptId="159380" answerLabel="Smoking Pipe" style="checkbox" class="horizontal-layout-options"/>
                                        </td>
                                        <td>
                                            <obs conceptId="165359" answerConceptId="165358" answerLabel="Not Exposed" style="checkbox" class="horizontal-layout-options"/>
                                        </td>
                                    </tr>
                                    <tr>
                                        <td>Tobacco Exposure:</td>
                                    </tr>
                                    <tr>
                                        <td>
                                            <obs conceptId="163731" answerConceptId="1455" answerLabel="Smoking" style="checkbox" class="horizontal-layout-options"/>
                                        </td>
                                        <td>
                                            <obs conceptId="165359" answerConceptId="165355" answerLabel="Sniffing" style="checkbox" class="horizontal-layout-options"/>
                                        </td>
                                        <td>
                                            <obs conceptId="165359" answerConceptId="165356" answerLabel="Chewing" style="checkbox" class="horizontal-layout-options"/>
                                        </td>
                                        <td>
                                            <obs conceptId="165359" answerConceptId="165357" answerLabel="Shisha" style="checkbox" class="horizontal-layout-options"/>
                                        </td>
                                        <td>
                                            <obs conceptId="165359" answerConceptId="159380" answerLabel="Smoking Pipe" style="checkbox" class="horizontal-layout-options"/>
                                        </td>
                                        <td>
                                            <obs conceptId="165359" answerConceptId="165358" answerLabel="Not Exposed" style="checkbox" class="horizontal-layout-options"/>
                                        </td>
                                    </tr>
                                    <tr>
                                        <td>Alcohol Use:</td>
                                    </tr>
                                    <tr>
                                        <td>
                                            <obs conceptId="159449" answerConceptId="159450" answerLabel="Currently" style="checkbox" class="horizontal-layout-options"/>
                                        </td>
                                        <td>
                                            <obs conceptId="159449" answerConceptId="159452" answerLabel="In the Past" style="checkbox" class="horizontal-layout-options"/>
                                        </td>
                                        <td>
                                            <obs conceptId="159449" answerConceptId="1090" answerLabel="Never" style="checkbox" class="horizontal-layout-options"/>
                                        </td>

                                    </tr>
                                    <tr>
                                        <td>Need for Palliative Care?</td>
                                    </tr>
                                    <tr>
                                        <td>
                                            <obs conceptId="70d0c3e5-20c6-48f7-ab82-4ecdd86874d4" answerConceptIds="1065,1066" answerLabels="Yes,No" style="radio" class="horizontal"/>
                                        </td>

                                    </tr>
                                </table>
                            </div>
                        </div>

                    </div>
                </div>
            </div>
            <!-- Invstigations Tab -->
            <div class="tab-pane fade" id="nav-tests" role="tabpanel" aria-labelledby="nav-tests-tab">

                <div class="card">
                    <div class="card-header">
                        TB Test
                    </div>
                    <div class="card-body">
                        <div class="row">
                            <div class="col-md-12">
                                <table class="table table-borderless">
                                    <tr>
                                        <td>
                                            <label>New presumed TB case?</label>
                                            <obs conceptId="99498" id="99498" style="radio" class="horizontal" answerLabels="Yes,No, T.B Follow-up" />
                                        </td>
                                        <td>
                                            <label>Patient sent to lab?</label>
                                            <obs conceptId="165178" id="165178" style="radio" class="horizontal" answerLabels="Yes,No" />
                                        </td>
                                        <td>
                                            <label >Lab TB Results:</label>
                                            <obs conceptId="165291" id="165291" class="horizontal"/>
                                        </td>
                                        <tr>
                                            <td>
                                                <label>Screened for HIV?</label>
                                                <obs conceptId="99550" id="99550" style="radio" class="horizontal" answerLabels="Yes,No"/>
                                            </td>
                                            <td>
                                                <label>Linked to TB Clinic?</label>
                                                <obs conceptId="162982" id="162982" style="radio" class="horizontal" answerLabels="Yes,No" />
                                            </td>
                                            <td>
                                                <obs conceptId="164955" id="164955" labelText="Unit TB Number:" />
                                            </td>
                                        </tr>
                                    </tr>
                                </table>
                            </div>
                        </div>
                    </div>
                </div>
            </div>
            <!-- Diagnosis Tab -->
            <div class="tab-pane fade" id="nav-diagnosis" role="tabpanel" aria-labelledby="nav-diagnosis-tab">
                <div class="card">
                    <div class="card-header">
                        Diagnosis
                    </div>
                    <div class="card-body">
                        <div class="row">
                            <div class="col-md-12">
                                <table class="table table-borderless">
                                    <tr>
                                        <td>
                                            <encounterDiagnoses/>
                                        </td>
                                    </tr>
                                    <tr>
                                        <td>
                                            <obs conceptId="162169" labelText="Comments"/>
                                        </td>
                                        <td></td>
                                    </tr>
                                </table>
                            </div>
                        </div>
                    </div>
                </div>
            </div>

            <!-- Referalls -->
            <div class="tab-pane fade" id="nav-referalls" role="tabpanel" aria-labelledby="nav-referalls-tab">
                <div class="card">
                    <div class="card-header">
                        Referrals
                    </div>
                    <div class="card-body">
                        <div class="row">
                            <div class="col-md-6">
                                <obs conceptId="164436" labelText="Referral In Number:" />
                            </div>
                            <div class="col-md-6">
                                <obs conceptId="99767" labelText="Referral Out Number:" />
                            </div>
                        </div>
                    </div>
                </div>

            </div>

            <!-- Discharges -->
            <div class="tab-pane fade" id="nav-discharge" role="tabpanel" aria-labelledby="nav-discharge-tab">
                <div class="card">
                    <div class="card-header">
                        Inpatient Discharges
                    </div>
                    <div class="card-body">
                        <div class="row">
                            <div class="col-md-12">
                                <table class="table table-borderless">
                                    <tr>
                                        <td>Blood Type:</td>
                                    </tr>
                                    <tr>
                                        <td>
                                            <obs conceptId="300" answerConceptId="690" answerLabel="A+" style="checkbox" class="horizontal-layout-options"/>
                                        </td>
                                        <td>
                                            <obs conceptId="300" answerConceptId="692" answerLabel="A-" style="checkbox" class="horizontal-layout-options"/>
                                        </td>
                                        <td>
                                            <obs conceptId="300" answerConceptId="694" answerLabel="B+" style="checkbox" class="horizontal-layout-options"/>
                                        </td>
                                        <td>
                                            <obs conceptId="300" answerConceptId="696" answerLabel="B-" style="checkbox" class="horizontal-layout-options"/>
                                        </td>
                                        <td>
                                            <obs conceptId="300" answerConceptId="699" answerLabel="O+" style="checkbox" class="horizontal-layout-options"/>
                                        </td>
                                        <td>
                                            <obs conceptId="300" answerConceptId="701" answerLabel="O-" style="checkbox" class="horizontal-layout-options"/>
                                        </td>
                                    </tr>
                                    <tr>
                                        <td>
                                            <obs conceptId="300" answerConceptId="1230" answerLabel="AB+" style="checkbox" class="horizontal-layout-options"/>
                                        </td>
                                        <td>
                                            <obs conceptId="300" answerConceptId="1231" answerLabel="AB-" style="checkbox" class="horizontal-layout-options"/>
                                        </td>
                                    </tr>
                                    <tr>
                                        <td>Status on discharge:</td>
                                    </tr>
                                    <tr>
                                        <td>
                                            <obs conceptId="99317" answerConceptId="99313" answerLabel="D" style="checkbox" class="horizontal-layout-options"/>
                                        </td>
                                        <td>
                                            <obs conceptId="99317" answerConceptId="99734" answerLabel="DD" style="checkbox" class="horizontal-layout-options"/>
                                        </td>
                                        <td>
                                            <obs conceptId="99317" answerConceptId="99314" answerLabel="T" style="checkbox" class="horizontal-layout-options"/>
                                        </td>
                                        <td>
                                            <obs conceptId="99317" answerConceptId="99315" answerLabel="R" style="checkbox" class="horizontal-layout-options"/>
                                        </td>
                                        <td>
                                            <obs conceptId="99317" answerConceptId="99735" answerLabel="S" style="checkbox" class="horizontal-layout-options"/>
                                        </td>
                                        <td>
                                            <obs conceptId="99317" answerConceptId="99736" answerLabel="RAB" style="checkbox" class="horizontal-layout-options"/>
                                        </td>
                                    </tr>
                                    <tr>
                                        <td>Discharging Officer:</td>
                                    </tr>
                                    <tr>
                                        <td>
                                            <encounterProvider labelText="Discharging Officer:"/>
                                        </td>
                                    </tr>
                                    <tr>
                                        <td>Recommendation/Comments</td>
                                    </tr>
                                    <tr>
                                        <td>
                                            <obs conceptId="164436" style="textarea"/>
                                        </td>
                                    </tr>
                                </table>
                            </div>
                        </div>
                    </div>
                </div>
            </div>


        </div>

    </div>
</htmlform>