<htmlform
        formName="HMIS EPI 003: Child Health Card"
        formDescription="Immunization record and education document for mothers"
        formEncounterType="87a0d5b1-53dc-4269-bf39-ada0d5d16c0c"
        formUuid="0c18dfe5-4ac2-4755-8b09-462de8ebafba"
        formVersion="4.0.0"
        formAddMetadata="yes"
        formUILocation="patientDashboard.visitActions"
        formIcon="icon-medkit"
        formShowIf="(visit.active || !visit.active) &amp;&amp; patient.person.dead==false &amp;&amp;sessionLocation.uuid=='e9bc61b5-69ff-414b-9cf0-0c22d6dfca2b'"
        formDisplayStyle="Standard"
        formLabel="HMIS-EPI-003-Child-Health-Card Form">

    <div class="row">
        <div class="col-md-8">
            <H1>HMIS EPI 003: CHILD HEALTH CARD</H1>
        </div>
        <div class="col-md-3"></div>
        <div>
            <div class="col-md-1">
                <submit class="confirm" submitLabel="Save" submitStyle="customSubmit" />
            </div>
        </div>
    </div>

    <div class="row">
        <div class="col-md-12">
            <div class="card">
                <div class="card-header">
                    <ul class="nav nav-tabs card-header-tabs">
                    <li class="nav-item">
                        <a class="nav-link active" data-toggle="tab" href="#admission-information-section">Admission Information</a>
                    </li>
                    <li class="nav-item">
                        <a class="nav-link" data-toggle="tab" href="#immunization-information-section">Immunization Information</a>
                    </li>
                    <li class="nav-item">
                        <a class="nav-link" data-toggle="tab" href="#Infant-feeding">Infant And Young Child feeding</a>
                    </li>
                </ul>
                </div>
            </div>
    <div class="card-body">
        <div class="tab-content">
            <div class="tab-pane active" id="admission-information-section">
                <section>
                    <div class="card">
                        <div class="card-header">Child Information</div>
                        <div class="card-body">
                            <div class="row">
                                <div class="col-md-3">
                                    <label>
                                      Encounter Date:
                                    </label>
                                    <encounterDate default="today" disallowMultipleEncountersOnDate="block"/><span class="hidden"/>
                                </div>
                                <div class="col-md-3">
                                    <label>
                                        Child No.
                                    </label>
                                    <patient field="identifier" identifierTypeId="2da812db-02fa-451b-88b2-816829d1ab86"
                                             required="true"/>
                                </div>
                                <div class="col-md-3">
                                    <label>
                                        Gender
                                    </label>
                                    <lookup class="value" expression="patient.gender"/>

                                </div>
                                <div class="col-md-3">
                                    <label>
                                        Date of Birth
                                    </label>
                                    <obs conceptId ="90261"/>
                                </div>
                            </div>
                            <div class="row">
                              <div class="col-md-3">
                                   <label>
                                       Mother's Name
                                   </label>

                              <lookup class="value" complexExpression="#foreach ( $relationship in $relationshipList )
                                  #if( $relationship.relationshipType.bIsToA == 'Parent' )
                                        #if( !($relationship.personB.patientId == $patient.patientId ))
                                           #if( $relationship.personB.gender == 'F' )
                                                 $relationship.personB.personName
                                           #end
                                        #end
                                  #end
                              #end "/>

                          <obs conceptId="1593"></obs>
                              </div>
                                <div class="col-md-3">
                                    <label>
                                        Birth Weight
                                    </label>
                                    <obs conceptId="164941"/>
                                </div>
                                <div class="col-md-3">
                                    <label>
                                        Father's Name
                                    </label>
                                    <obs conceptId="1594"/>
                                </div>
                                <div class="col-md-3">
                                    <label>
                                        Father's Contact
                                    </label>
                                    <obs conceptId="1594"/>
                                </div>
                            </div>
                            <div class="row">
                                <div class="col-md-3">
                                    <label>
                                        Mother's Occupation
                                    </label>
                                    <obs conceptId="165136"/>
                                </div>

                                <div class="col-md-3">
                                    <label>
                                        Father's Occupation
                                    </label>
                                    <obs conceptId="165136"/>
                                </div>

                                <div class="col-md-3">
                                    <label>
                                        Birth Order
                                    </label>
                                    <obs conceptId="163460"/>
                                </div>

                                <div class="col-md-3">
                                    <label>
                                        Place of Birth:
                                    </label>
                                    <obs conceptId="166895" id="166895" />
                                </div>
                            </div>

                        </div>
                    </div>

                <div class="card">
                    <div class="card-header">Special Care</div>
                     <div class="card-body">
                         <div class="row">
                             <div class="col-md-4">
                                     <obs conceptId="166982" answerConceptId="166971" answerLabel="Birth Weight less than 2.5 Kg" style="checkbox"/>
                                     <obs conceptId="166982" answerConceptId="166972" answerLabel="Brothers and Sisters Malnourished" style="checkbox"/>
                                     <obs conceptId="166982" answerConceptId="165402" answerLabel="Birth defect" style="checkbox"/>
                             </div>
                             <div class="col-md-4">
                                 <obs conceptId="166982" answerConceptId="166973" answerLabel="Mother dead" style="checkbox"/>
                                 <obs conceptId="166982" answerConceptId="166975" answerLabel="Father dead" style="checkbox"/>
                                 <obs conceptId="166982" answerConceptId="166976" answerLabel="Fifth child or more" style="checkbox"/>
                                 <obs conceptId="166982" answerConceptId="166981" answerLabel="Birth Asphyxia" style="checkbox"/>

                             </div>
                             <div class="col-md-4">
                                 <obs conceptId="166982" answerConceptId="166977" answerLabel="3 or more children in family dead" style="checkbox"/>
                                 <obs conceptId="166982" answerConceptId="166978" answerLabel="Birth less than 2 years after last birth" style="checkbox"/>
                                 <obs conceptId="166982" answerConceptId="166979" answerLabel="Multiple birth child" style="checkbox"/>
                                 <obs conceptId="166982" answerConceptId="166980" answerLabel="Severe Jaundice" style="checkbox"/>

                             </div>
                         </div>

                     </div>
                </div>
                    <div class="card">
                        <div class="card-header">Recieved LLN </div>
                        <div class="card-body">
                            <!--                         <obs  conceptId="162277" answerLabel="1 - Prisoners" style="checkbox"/>-->
                            <div class="row">
                                <div class="col-md-4">
                                    <label>Recieved LLN </label>
                                    <obs conceptId="165025"  answerConceptIds="1065,1066" answerLabels="Yes,No" style="radio"  class="horizontal"/>
                                </div>
                                <div class="col-md-4">
                                    <label>Date of  LLIN </label>
                                    <obs conceptId="165026" />
                                </div>
                                <div class="col-md-4">
                                    <label>Reason Why LLIN was not given</label>
                                    <obs conceptId="159395"/>
                                </div>
                            </div>

                        </div>
                    </div>
        </section>
            </div>
            <div class="tab-pane" id="immunization-information-section" >
                <div class="card">
                    <div class="card-header"> Vaccination At Birth </div>
                    <div class="card-body">
                        <div class="row">
                            <div class="col-md-4">
                            <label>BCG</label>
                            <obs conceptId="165012" /></div>
                            <div class="col-md-4">
                            <label>Polio</label>
                            <obs conceptId="165006" /></div>

                        </div>

                    </div>
                </div>
                <div class="card">
                    <div class="card-header"> Vaccination At 6 Weeks </div>
                    <div class="card-body">
                        <div class="row">
                            <div class="col-md-3">
                                <label>Polio 1</label>
                                <obsgroup groupingConceptId="165007">
                                <obs conceptId="165006" />
                                </obsgroup>
                            </div>
                            <div class="col-md-3">
                                <label>Rota 1</label>
                                <obsgroup groupingConceptId="165022">
                                <obs conceptId="165021" />
                                </obsgroup>
                            </div>
                            <div class="col-md-3">
                                <label>PVC 1</label>
                                <obsgroup groupingConceptId="165018">
                                <obs conceptId="165017" />
                                </obsgroup>
                            </div>
                            <div class="col-md-3">
                                <label>DPT -HEB HIB 1</label>
                                <obsgroup groupingConceptId="165014">
                                    <obs conceptId="165013" />
                                </obsgroup>
                            </div>
                        </div>

                    </div>
                </div>

                <div class="card">
                    <div class="card-header"> Vaccination At 10 Weeks </div>
                    <div class="card-body">
                        <div class="row">
                            <div class="col-md-3">
                                <label>Polio 2</label>
                                <obsgroup groupingConceptId="165008">
                                    <obs conceptId="165006" />
                                </obsgroup>
                            </div>
                            <div class="col-md-3">
                                <label>Rota 2</label>
                                <obsgroup groupingConceptId="165023">
                                    <obs conceptId="165021" />
                                </obsgroup>
                            </div>
                            <div class="col-md-3">
                                <label>PVC 2</label>
                                <obsgroup groupingConceptId="165019">
                                <obs conceptId="165017" />
                                </obsgroup>
                            </div>
                            <div class="col-md-3">
                                <label>DPT -HEB HIB 2</label>
                                <obsgroup groupingConceptId="165015">
                                    <obs conceptId="165013" />
                                </obsgroup>
                            </div>
                        </div>

                    </div>
                </div>

                <div class="card">
                    <div class="card-header"> Vaccination At 14 Weeks </div>
                    <div class="card-body">
                        <div class="row">
                            <div class="col-md-3">
                                <label>Polio 3</label>
                                <obsgroup groupingConceptId="165009">
                                    <obs conceptId="165006" />
                                </obsgroup>
                            </div>
                            <div class="col-md-3">
                                <label>PCV 3</label>
<!--                                <obs conceptId="165006" />-->
                            </div>
                            <div class="col-md-3">
                                <label>IPV</label>
                                <obs conceptId="165011" />
                            </div>
                            <div class="col-md-3">
                                <label>DPT -HEB HIB 2</label>
                                <obsgroup groupingConceptId="165015">
                                    <obs conceptId="165013" />
                                </obsgroup>
                            </div>
                        </div>

                    </div>
                </div>

                <div class="card">
                    <div class="card-header"> Vaccination At 9 Months </div>
                    <div class="card-body">
                        <div class="row">
                            <div class="col-md-3">
                                <label>Measles Rubella </label>
                                    <obs conceptId="165029" />
                            </div>
                        </div>

                    </div>
                </div>
            </div>
            <div class="tab-pane" id="Infant-feeding" >
                <div class="card">
                    <div class="card-header"> Vaccination At Birth </div>
                    <div class="card-body">
                        <div class="row">
                            <div class="col-md-4">
                                <label>
                                    Infant Feeding Options:
                                </label>
                                <obs conceptId="99451" id="99451" />
                        </div>
                            <div class="col-md-4">
                                <label>
                                    Mother's PMTCT Code
                                </label>
                                <obs conceptId="99317" id="99317" />
                            </div>


                        </div>
                </div>
                </div>
            </div>

        </div>
    </div>


        </div>
    </div>


</htmlform>