<htmlform formName="Death Notification and Certification"
          formDescription="Death Notification and Certification"
          formEncounterType="e75c856a-9e91-4ffb-bf43-1b0450b4ff8c"
          formUuid="bb282ac8-d8b6-4d76-88b9-86da83efec41"
          formVersion="1.2"
          formAddMetadata="yes"
          formUILocation="patientDashboard.visitActions"
          formOrder="12"
          formIcon="icon-medkit"

          formShowIf="(visit.active || !visit.active) &amp;&amp; patient.person.dead==false"
          formDisplayStyle="Standard"
          formLabel="Death Notification and Certification">
    <script type="text/javascript">
        if (jQuery) {
        jq(document).ready(function () {

        //Block Multiple encounter entry on same date
        blockEncounterOnSameDateEncounter(jq("#encounterDate").find("input[type=hidden]"),"block");

        <ifMode mode="EDIT">
        </ifMode>

    </script>

    <div id="form-id">
        <div class="row">
            <div class="col-md-6">
                <h1>HMIS FORM 100: Notification and Certification of Death </h1>
            </div>
            <div class="col-md-5"></div>
            <div class="col-md-1">
                <submit class="confirm" submitLabel="Save" submitStyle="customSubmit" />
            </div>
        </div>
        <div class="row">
            <div class="col-md-12">
                <div class="card">
                    <div class="card-body">
                        <div class="tab-content">
                            <div class="tab-pane active" id="Life_style_details">
                                <div class="col-md-12">
                                    <div class="card">
                                        <div class="card-header">Medical  Data</div>
                                        <div class="card-body">
                                            <div class="row">
                                                <div class="col-md-3 html-form-entry-disabled-field">
                                                    <label>Date of Notification</label>
                                                    <encounterDate default="today" disallowMultipleEncountersOnDate="block"/>
                                                    <span class="hidden">
                                                        <encounterLocation default="629d78e9-93e5-43b0-ad8a-48313fd99117" order="629d78e9-93e5-43b0-ad8a-48313fd99117" />
                                                    </span>
                                                </div>
                                                <div class="col-md-3">
                                                    <label>Place of Death</label>
                                                    <obs id="167798" conceptId="167798"  class="horizontal" style="autocomplete" required="true"/>
                                                </div>

                                                <div class="col-md-3">
                                                    <label>Date of Death</label>
                                                    <obs id="90272" conceptId="90272" class="horizontal" allowfutureDates="false" required="true"/>
                                                </div>
                                                <div class="col-md-3">
                                                    <label>Time of Death</label>
                                                    <span class="time-box-horizontal">
                                                        <obs conceptId="99542" id="99542" required="true"/>
                                                    </span>
                                                </div>

                                            </div>

                                        </div>
                                    </div>
                                </div>
                                <div class="col-md-12">
                                    <div class="card">
                                        <div class="card-header">Frame A: Medical data Part 1 and 2</div>
                                        <div class="card-body">
                                            <table class="table table-striped">
                                                <thead>
                                                    <tr>
                                                        <th>Disease or Condition</th>
                                                        <th></th>
                                                        <th>Cause of Death</th>
                                                        <th>Time Interval</th>
                                                        <th>Duration</th>
                                                    </tr>
                                                </thead>
                                                <tbody>
                                                    <tr>
                                                        <td>Report disease or condition directly leading to death on line a</td>
                                                        <td>a</td>
                                                        <td><obs id="175280" conceptId="175280"  answerClasses="Diagnosis" class="horizontal" style="autocomplete"/></td>
                                                        <td><obs id="175284" conceptId="175284" /></td>
                                                        <td><obs id="1732" conceptId="1732"/></td>
                                                    </tr>
                                                    <tr>
                                                        <td rowspan="2">Report chain of events ‘due to’ (b to d) in order (if applicable)</td>
                                                        <td>b</td>
                                                        <td> <obs id="175281" conceptId="175281"  answerClasses="Diagnosis" class="horizontal" style="autocomplete"/></td>
                                                        <td> <obs id="175285" conceptId="175285"  style="dropdown"/></td>
                                                        <td> <obs id="1732" conceptId="1732" style="dropdown"/></td>

                                                    </tr>
                                                    <tr>
                                                        <td>c</td>
                                                        <td><obs id="175282" conceptId="175282"  answerClasses="Diagnosis" class="horizontal" style="autocomplete"/></td>
                                                        <td> <obs id="175286" conceptId="175286" /></td>
                                                        <td><obs id="1732" conceptId="1732"/></td>
                                                    </tr>
                                                    <tr>
                                                        <td >State the underlying Cause of death</td>
                                                        <td>d</td>
                                                        <td><obs id="175287" conceptId="175287" answerClasses="Diagnosis" style="autocomplete"/></td>
                                                        <td><obs id="175286" conceptId="175286" /></td>
                                                        <td><obs id="1732" conceptId="1732"/></td>
                                                    </tr>
                                                </tbody>
                                            </table>

                                            <table class="table table-striped">
                                                <thead>
                                                    <tr>
                                                        <th>Part 2 Other Conditions</th>
                                                        <th>Cause of Death</th>
                                                        <th>Time Interval</th>
                                                        <th>Duration</th>
                                                    </tr>
                                                </thead>
                                                <tbody>
                                                    <tr>
                                                        <td>Other significant conditions contributing to death</td>
                                                        <td><obs id="166474" conceptId="166474"/></td>
                                                        <td><obs id="175286" conceptId="175286" /></td>
                                                        <td><obs id="1732" conceptId="1732"/></td>
                                                    </tr>
                                                </tbody>
                                            </table>

                                        </div>
                                    </div>
                                </div>

                                <div class="col-md-12">
                                    <div class="card">
                                        <div class="card-header">Frame B: Other Medical Data</div>
                                        <div class="col-md-12">
                                            <div class="row">
                                                <div class="col-md-4">
                                                    <label>Surgery Within 4 Weeks</label>
                                                    <obs id="175263" conceptId="175263" answerConceptIds="90003,90004,90001" answerLabels="Yes,No,Unknown" class="horizontal" style="radio"/>
                                                </div>
                                                <div class="col-md-4">
                                                    <label>Date of Surgery</label>
                                                    <obs id="175265" conceptId="175265" showTime="true" allowfutureDates="false"/>
                                                </div>
                                                <div class="col-md-4">
                                                    <label>Reason for Surgery</label>
                                                    <obs id="175264" conceptId="175264"  class="horizontal"/>
                                                </div>

                                            </div>
                                            <div class="row">
                                            </div>
                                            <div class="row">

                                                <div class="col-md-4">
                                                    <label>Autopsy Requested</label>
                                                    <obs id="175266" conceptId="175266" answerConceptIds="90003,90004,90001" answerLabels="Yes,No,Unknown" class="horizontal"/>
                                                </div>
                                                <div class="col-md-4">
                                                    <label>Results Used in Certification</label>
                                                    <obs id="175267" conceptId="175267" answerConceptIds="90003,90004,90001" answerLabels="Yes,No,Unknown" class="horizontal" />
                                                </div>
                                            </div>
                                        </div>
                                    </div>
                                    <div class="card">
                                        <div class="card-header">Frame C: Manner of Death</div>
                                        <div class="row">
                                            <div class="col-md-3">
                                                <obs conceptId="175270" answerConceptId="99288" answerLabel="Disease" style="checkbox"/>
                                            </div>
                                            <div class="col-md-3">
                                                <obs conceptId="175270" answerConceptId="175" answerLabel="Assault" style="checkbox"/>
                                            </div>
                                            <div class="col-md-3">
                                                <obs conceptId="175270" answerConceptId="90001" answerLabel="Could not be determined" style="checkbox"/>
                                            </div>
                                            <div class="col-md-3">
                                                <obs conceptId="175270" answerConceptId="99287" answerLabel="Accident" style="checkbox"/>
                                            </div>
                                        </div>
                                        <div class="row">
                                            <div class="col-md-3">
                                                <obs conceptId="175270" answerConceptId="168905" answerLabel="Legal Intervation" style="checkbox"/>
                                            </div>
                                            <div class="col-md-3">
                                                <obs conceptId="175270" answerConceptId="166846" answerLabel="Pending Inveistigation" style="checkbox"/>
                                            </div>
                                            <div class="col-md-3">
                                                <obs conceptId="175270" answerConceptId="175269" answerLabel="Intentional Self Harm" style="checkbox"/>
                                            </div>
                                            <div class="col-md-3">
                                                <obs conceptId="175270" answerConceptId="175268" answerLabel="War" style="checkbox"/>
                                            </div>

                                        </div>
                                        <div class="row">
                                            <div class="col-md-3">
                                                <obs conceptId="175270" answerConceptId="90001" answerLabel="Unknown" style="checkbox"/>
                                            </div>

                                            <div class="col-md-3">
                                                <obs conceptId="175270" answerConceptId="83" answerLabel="Poison/External Causes" style="checkbox"/>
                                            </div>
                                            <div class="col-md-3">
                                                <label>Place of Occurrance</label>
                                                <obs conceptId="175271" answerConceptIds="168610,159928,175273,175274,175275,175276,175276,175278,90001,90002"
                                                     answerLabels="At Home,School Other institution Public administrative area,Residential institution,Sports and athletics area,Street and highway,Trade and service area,Industrial and construction area,Farm,Unknown,Other Specify" style="dropdown"/>
                                            </div>
                                            <div class="col-md-3">
                                                <label>Date of Injury</label>
                                                <obs id="175272" conceptId="175272" allowfutureDates="false"/>
                                            </div>

                                            <div class="col-md-3">
                                                <label>Please describe how external cause occurred (If poisoning please specify poisoning agent)</label>
                                                <obs id="159395" conceptId="159395"/>
                                            </div>
                                        </div>

                                    </div>
                                    <includeIf velocityTest="$patient.age &lt; 1" >
                                    <div class="card">
                                        <div class="card-header">Fatal/Infant Death</div>
                                        <div class="row">
                                            <div class="col-md-3">
                                                <label>Multiple Pregnancy</label>
                                                <obs id="168059" conceptId="168059" answerConceptIds="90003,90004,90001" answerLabels="Yes,No,Unknown" class="horizontal" style="radio"/>
                                            </div>
                                            <div class="col-md-3">
                                                <label>Still Birth</label>
                                                <obs id="125872" conceptId="125872" answerConceptIds="90003,90004,90001" answerLabels="Yes,No,Unknown" class="horizontal" style="radio"/>
                                            </div>
                                            <div class="col-md-3">
                                                <label>If death within 24h specify number of hours survived</label>
                                                <obs id="159616" conceptId="159616" />
                                            </div>
                                                <div class="col-md-3">
                                                    <label>Number of completed weeks of pregnancy</label>
                                                    <obs id="1279" conceptId="1279" />
                                                </div>
                                        </div>
                                        <div class="row">
                                            <div class="col-md-3">
                                                <label>Birth Weight</label>
                                                <obs id="5916" conceptId="5916" />
                                            </div>
                                            <div class="col-md-3">
                                                <label>Age of Mother</label>
                                                <obs id="99074" conceptId="99074" />
                                            </div>
                                            <div class="col-md-3">
                                                <label>If death was perinatal, please state conditions of mother that affected the fetus and newborn</label>
                                                <obs id="165363" conceptId="165363" />
                                            </div>


                                        </div>
                                    </div>

                                    </includeIf>

                                    <includeIf velocityTest="$patient.gender == 'F'" >
                                        <excludeIf velocityTest="$patient.age &lt; 10">
                                        <div class="card">
                                            <div class="card-header">For Women</div>
                                            <div class="row">
                                                <div class="col-md-3">
                                                    <label>Was the deceased pregnant</label>
                                                    <obs id="90041" conceptId="90041" answerConceptIds="90003,90004,90001" class="horizontal"   />
                                                </div>
                                                <div class="col-md-3">
                                                    <label>Point of Death</label>
                                                    <obs id="175398" conceptId="175398" class="horizontal" />
                                                </div>
                                                <div class="col-md-3">
                                                    <label>Did the pregnancy contribute to Death</label>
                                                    <obs id="175399" conceptId="175399"  class="horizontal" />
                                                </div>
                                                <div class="col-md-3">
                                                    <label>Referred from</label>
                                                    <obs id="166791" conceptId="166791"  class="horizontal" />
                                                </div>
                                            </div>
                                            <div class="row">
                                                <div class="col-md-3">
                                                    <label>Parity</label>
                                                    <obs id="1053" conceptId="1053"  class="horizontal" />
                                                </div>
                                                <div class="col-md-3">
                                                    <label>Mode of Delivery</label>
                                                    <obs id="5630" answerConceptIds="1170,1171,163005" answerLabels="SVD,Assisted,Caesarean" conceptId="5630"  class="horizontal" />
                                                </div>
                                                <div class="col-md-3">
                                                    <label>Place of Delivery</label>
                                                    <obs id="166743" conceptId="166743"  class="horizontal" />
                                                </div>
                                                <div class="col-md-3">
                                                    <label>Delivered By Skilled Attendant</label>
                                                    <obs id="175288" conceptId="175288"  class="horizontal" />
                                                </div>
                                            </div>
                                        </div>
                                     </excludeIf>
                                    </includeIf>
                                    <div class="row">
                                        <div class="col-md-3">
                                            <label>Medical Practioner</label>
                                            <encounterProvider role="Provider" type="autocomplete" />
                                        </div>
                                    </div>
                                </div>
                            </div>
                        </div>
                    </div>
                </div>
            </div>
        </div>
    </div>
</htmlform>
