<htmlform formName="Mobility Screening form"
          formEncounterType="b57e1835-4ee2-47fa-9569-c700c39c169a"
          formDescription="Mobility Screening form"
          formUuid="67a71486-2a54-468f-ac3e-BB91a9a79545"
          formVersion="4.0.0"
          formAddMetadata="yes"
          formUILocation="patientDashboard.visitActions"
          formOrder="1"
          formIcon="icon-stethoscope"
          formShowIf="(visit.active || !visit.active) &amp;&amp; patient.person.dead==false"
          formDisplayStyle="Standard"
          formLabel="Mobility Screening form">

    <script type="text/javascript">

        var facilityName = '<lookup expression="fn.globalProperty('aijar.healthCenterName')" />';
        var facilityCode = '<lookup expression="fn.globalProperty('ugandaemr.dhis2.organizationuuid')" />';
        var crossborderSiteName = '<lookup expression="fn.globalProperty('ugandaemrcrossborder.crossborderSiteCluster')" />';

        setValue("facility-name.value", facilityName);
        setValue("facility-code.value", facilityCode);
        setValue("crossborder-site-cluster-name.value", crossborderSiteName);

        });
    </script>

    <div id="form-id">
        <div class="row">
            <div class="col-md-6">
                <h1>Mobility  Screening Form</h1>
            </div>
            <div class="col-md-5"></div>
            <div class="col-md-1">
                <submit class="confirm" submitLabel="Save" submitStyle="customSubmit" />
            </div>
        </div>
    </div>

    <div class="row">
        <div class="col-md-12">
            <div class="card">
                <div class="card-header"> Encounter Details</div>
                <div class="card-body">
                    <div class="row">
                                   <div class="row">
                        <div class="col-md-4">
                            <label>Date</label>
                            <encounterDate default="today" disallowMultipleEncountersOnDate="block"/>
                            <span style="display: none;">
                                <encounterLocation default="629d78e9-93e5-43b0-ad8a-48313fd99117"
                                                   order="629d78e9-93e5-43b0-ad8a-48313fd99117"/>
                            </span>
                        </div>
                        <div class="col-md-4">
                            <label>Nationality:</label>
                            <obs id="166280" conceptId="166280" />
                        </div>
                        <div class="col-md-4">
                            <label>Service:</label> <obs id="160288" conceptId="160288" />
                        </div>

                    </div>

                    </div>
                </div>
            </div>

            <div class="row">
                <div class="col-md-12">
                    <div class="card">
                        <div class="card-header">Personal Information</div>
                        <div class="card-body">
                            <div class="row">

                                <div class="col-md-4">
                                    <label>Travelled to another country in the last 3 months?:</label><obs id="168763" conceptId="168763" style="radio" class="horizontal"/>
                                </div>
                                <div class="col-md-4">
                                    <label>Travelled to another country in the last 6 months?:</label> <obs id="168764" conceptId="168764" style="radio" class="horizontal"/>
                                </div>
                                <div class="col-md-4">
                                    <label>Travelled to another country in the last 12 months?:</label><obs id="168765" conceptId="168765" style="radio" class="horizontal"/>
                                </div>

                            </div>
                            <div class="row">
                                <div class="col-md-4">
                                    <label>Target Population:</label> <obs id="165169" conceptId="165169" />
                                </div>
                                <div class="col-md-4">
                                    <label>Days Spent in another Country:</label><obs id="168766" conceptId="168766" />
                                </div>
                                <div class="col-md-4">
                                    <label>Frequency of Travel:</label> <obs id="168769" conceptId="168769" />
                                </div>

                            </div>
                        </div>
                    </div>
                    </div>
                </div>
            </div>
            </div>
</htmlform>
