Uuid,Void/Retire,Name,Description,Concept
de5d54ae-c304-11e8-9ad0-529269fb1459,true,FBIM,Facility Based Individual Management a DSDM model for patients that need extra management at the health centre,165138
de5d5b34-c304-11e8-9ad0-529269fb1459,true,FGB,Facility Based Groups a DSDM for stable or unstable clients who need peer support,165140
de5d5896-c304-11e8-9ad0-529269fb1459,true,FTR,Fast Track Drug Refill is a DSDM Model for patients who only pick drugs at the health centre,165139
de5d5da0-c304-11e8-9ad0-529269fb1459,true,CCLAD,Community Client Led ART Delivery is a DSDM  Model with client lead groups with rotation drug pickup by client them selves and distribution,165141
de5d6034-c304-11e8-9ad0-529269fb1459,true,CDDP,Community Drug Distribution Point DSDM Model in community where patients pick drugs from a distribution point in community set by their health centre,165142
