<?xml version="1.0" encoding="UTF-8"?>
<dataset>
    <concept  concept_id="87"  retired="1"   datatype_id="4"  class_id="3"  is_set="0"  creator="1"  date_created="2004-01-01 00:00:00"  version="40"  changed_by="1"  date_changed="2005-02-14 09:11:15"  retired_by="1"  date_retired="2024-05-05 08:00:00"  retire_reason="DUPLICATE"  uuid="dc65b33d-30ab-102d-86b0-7a5022ba4115"/>
    <concept  concept_id="88"  retired="1"   datatype_id="4"  class_id="3"  is_set="0"  creator="1"  date_created="2004-01-01 00:00:00"  version="40"  changed_by="1"  date_changed="2005-02-14 09:11:34"  retired_by="1"  date_retired="2024-05-05 08:00:00"  retire_reason="DUPLICATE"  uuid="dc65b77f-30ab-102d-86b0-7a5022ba4115"/>
    <concept  concept_id="91"  retired="1"   datatype_id="4"  class_id="3"  is_set="0"  creator="1"  date_created="2004-01-01 00:00:00"  version="40"  changed_by="1"  date_changed="2005-02-14 09:12:45"  retired_by="1"  date_retired="2024-05-05 08:00:00"  retire_reason="DUPLICATE"  uuid="dc65c3dc-30ab-102d-86b0-7a5022ba4115"/>
    <concept  concept_id="241"  retired="1"   datatype_id="4"  class_id="3"  is_set="0"  creator="1"  date_created="2004-01-01 00:00:00"  version="40"  changed_by="1"  date_changed="2005-02-16 15:07:11"  retired_by="1"  date_retired="2024-05-05 08:00:00"  retire_reason="DUPLICATE"  uuid="dc6a308e-30ab-102d-86b0-7a5022ba4115"/>
    <concept  concept_id="294"  retired="1"   datatype_id="4"  class_id="3"  is_set="0"  creator="1"  date_created="2004-01-01 00:00:00"  version="40"  changed_by="1"  date_changed="2005-02-18 01:34:38"  retired_by="1"  date_retired="2024-05-05 08:00:00"  retire_reason="DUPLICATE"  uuid="dc745f51-30ab-102d-86b0-7a5022ba4115"/>
    <concept  concept_id="342"  retired="1"   datatype_id="4"  class_id="3"  is_set="0"  creator="1"  date_created="2004-01-01 00:00:00"  version="null"  changed_by="1"  date_changed="2005-02-18 01:38:06"  retired_by="1"  date_retired="2024-05-05 08:00:00"  retire_reason="DUPLICATE"  uuid="dc7576fa-30ab-102d-86b0-7a5022ba4115"/>
    <concept  concept_id="413"  retired="1"  short_name="RABIES" datatype_id="4"  class_id="3"  is_set="0"  creator="1"  date_created="2004-01-01 00:00:00"  version="40"  changed_by="1"  date_changed="2005-02-17 00:34:27"  retired_by="1"  date_retired="2024-05-05 08:00:00"  retire_reason="DUPLICATE"  uuid="dc7856a5-30ab-102d-86b0-7a5022ba4115"/>
    <concept  concept_id="429"  retired="1"   datatype_id="4"  class_id="3"  is_set="0"  creator="1"  date_created="2004-01-01 00:00:00"  version="40"  changed_by="1"  date_changed="2005-09-08 08:54:41"  retired_by="1"  date_retired="2024-05-05 08:00:00"  retire_reason="DUPLICATE"  uuid="dc78a412-30ab-102d-86b0-7a5022ba4115"/>
    <concept  concept_id="438"  retired="1"   datatype_id="4"  class_id="3"  is_set="0"  creator="1"  date_created="2004-01-01 00:00:00"  version="40"  changed_by="1"  date_changed="2005-02-17 09:07:59"  retired_by="1"  date_retired="2024-05-05 08:00:00"  retire_reason="DUPLICATE"  uuid="dc78d014-30ab-102d-86b0-7a5022ba4115"/>
    <concept  concept_id="450"  retired="1"   datatype_id="4"  class_id="3"  is_set="0"  creator="1"  date_created="2004-01-01 00:00:00"  version="40"  changed_by="1"  date_changed="2005-02-18 00:41:51"  retired_by="1"  date_retired="2024-05-05 08:00:00"  retire_reason="DUPLICATE"  uuid="dc7912c7-30ab-102d-86b0-7a5022ba4115"/>
    <concept  concept_id="625"  retired="1"   datatype_id="4"  class_id="3"  is_set="0"  creator="1"  date_created="2004-01-01 00:00:00"  version=""  changed_by="1"  date_changed="2005-01-12 00:00:00"  retired_by="1"  date_retired="2024-05-05 08:00:00"  retire_reason="DUPLICATE"  uuid="dc7ff46a-30ab-102d-86b0-7a5022ba4115"/>
    <concept  concept_id="635"  retired="1"   datatype_id="4"  class_id="3"  is_set="0"  creator="1"  date_created="2004-01-01 00:00:00"  version=""  changed_by="1"  date_changed="2005-01-12 00:00:00"  retired_by="1"  date_retired="2024-05-05 08:00:00"  retire_reason="DUPLICATE"  uuid="dc802035-30ab-102d-86b0-7a5022ba4115"/>
    <concept  concept_id="733"  retired="1"   datatype_id="4"  class_id="3"  is_set="0"  creator="1"  date_created="2004-03-20 00:00:00"  version=""  changed_by="1"  date_changed="2005-02-18 12:21:07"  retired_by="1"  date_retired="2024-05-05 08:00:00"  retire_reason="DUPLICATE"  uuid="dc87169a-30ab-102d-86b0-7a5022ba4115"/>
    <concept  concept_id="743"  retired="1"   datatype_id="4"  class_id="3"  is_set="0"  creator="1"  date_created="2004-03-20 00:00:00"  version=""  changed_by="1"  date_changed="2005-02-18 12:24:56"  retired_by="1"  date_retired="2024-05-05 08:00:00"  retire_reason="DUPLICATE"  uuid="dc874762-30ab-102d-86b0-7a5022ba4115"/>
    <concept  concept_id="749"  retired="1"   datatype_id="4"  class_id="3"  is_set="0"  creator="1"  date_created="2004-03-20 00:00:00"  version=""  changed_by="1"  date_changed="2005-02-18 13:59:40"  retired_by="1"  date_retired="2024-05-05 08:00:00"  retire_reason="DUPLICATE"  uuid="dc876498-30ab-102d-86b0-7a5022ba4115"/>
    <concept  concept_id="759"  retired="1"   datatype_id="4"  class_id="3"  is_set="0"  creator="1"  date_created="2004-03-20 00:00:00"  version=""  changed_by="1"  date_changed="2005-02-18 12:43:59"  retired_by="1"  date_retired="2024-05-05 08:00:00"  retire_reason="DUPLICATE"  uuid="dc87b89a-30ab-102d-86b0-7a5022ba4115"/>
    <concept  concept_id="773"  retired="1"   datatype_id="4"  class_id="3"  is_set="0"  creator="1"  date_created="2004-03-28 00:00:00"  version=""  changed_by="1"  date_changed="2005-02-18 12:50:12"  retired_by="1"  date_retired="2024-05-05 08:00:00"  retire_reason="DUPLICATE"  uuid="dc880c82-30ab-102d-86b0-7a5022ba4115"/>
    <concept  concept_id="791"  retired="1"   datatype_id="4"  class_id="3"  is_set="0"  creator="1"  date_created="2004-04-08 00:00:00"  version=""  changed_by="1"  date_changed="2005-02-18 13:44:58"  retired_by="1"  date_retired="2024-05-05 08:00:00"  retire_reason="DUPLICATE"  uuid="dc885d86-30ab-102d-86b0-7a5022ba4115"/>
    <concept  concept_id="792"  retired="1"   datatype_id="4"  class_id="3"  is_set="0"  creator="1"  date_created="2004-04-08 00:00:00"  version=""  changed_by="1"  date_changed="2005-02-22 12:47:28"  retired_by="1"  date_retired="2024-05-05 08:00:00"  retire_reason="DUPLICATE"  uuid="dc886681-30ab-102d-86b0-7a5022ba4115"/>
    <concept  concept_id="796"  retired="1"   datatype_id="4"  class_id="3"  is_set="0"  creator="1"  date_created="2004-04-08 00:00:00"  version=""  changed_by="1"  date_changed="2005-02-22 12:50:02"  retired_by="1"  date_retired="2024-05-05 08:00:00"  retire_reason="DUPLICATE"  uuid="dc887787-30ab-102d-86b0-7a5022ba4115"/>
    <concept  concept_id="90184"  retired="1" datatype_id="4"  class_id="3"  is_set="0"  creator="1"  date_created="2004-03-31 12:00:00"  version=""  changed_by="1"  date_changed="2007-03-01 12:00:00"  retired_by="1"  date_retired="2024-05-05 08:00:00"  retire_reason="DUPLICATE"  uuid="dcdf9709-30ab-102d-86b0-7a5022ba4115"/>
    <concept  concept_id="90186"  retired="1" datatype_id="4"  class_id="3"  is_set="0"  creator="1"  date_created="2004-03-31 12:00:00"  version=""  changed_by="1"  date_changed="2007-03-01 12:00:00"  retired_by="1"  date_retired="2024-05-05 08:00:00"  retire_reason="DUPLICATE"  uuid="dcdf9f38-30ab-102d-86b0-7a5022ba4115"/>
    <concept  concept_id="90187"  retired="1" datatype_id="4"  class_id="3"  is_set="0"  creator="1"  date_created="2004-03-31 12:00:00"  version=""  changed_by="1"  date_changed="2007-03-01 12:00:00"  retired_by="1"  date_retired="2024-05-05 08:00:00"  retire_reason="DUPLICATE"  uuid="dcdfa331-30ab-102d-86b0-7a5022ba4115"/>
    <concept  concept_id="90188"  retired="1" datatype_id="4"  class_id="3"  is_set="0"  creator="1"  date_created="2004-03-31 12:00:00"  version=""  changed_by="1"  date_changed="2007-03-01 12:00:00"  retired_by="1"  date_retired="2024-05-05 08:00:00"  retire_reason="DUPLICATE"  uuid="dcdfa74e-30ab-102d-86b0-7a5022ba4115"/>
    <concept  concept_id="166120"  retired="1" datatype_id="4"  class_id="3"  is_set="0"  creator="1"  date_created="2020-09-22 18:20:34"  version="1.0"  changed_by="1"  date_changed="2020-09-22 18:20:34"  retired_by="1"  date_retired="2024-05-05 08:00:00"  retire_reason="DUPLICATE"  uuid="1f9143a5-94eb-4398-a3fa-740e6f00dd7b"/>
    <concept  concept_id="90173"  retired="0" datatype_id="4"  class_id="3"  is_set="0"  creator="1"  date_created="2004-03-31 12:00:00"  version="" date_changed="2007-03-01 12:00:00"  retired_by="1"  date_retired="2024-05-05 08:00:00"  retire_reason="DUPLICATE"  uuid="dcdf60ab-30ab-102d-86b0-7a5022ba4115"/>
    <concept  concept_id="90176"  retired="0"  datatype_id="4"  class_id="3"  is_set="0"  creator="1"  date_created="2004-03-31 12:00:00"  version=""  date_changed="2007-03-01 12:00:00" retired_by="1" date_retired="2024-05-05 08:00:00" retire_reason="DUPLICATE" uuid="dcdf73eb-30ab-102d-86b0-7a5022ba4115"/>
    <concept  concept_id="491"  retired="0" datatype_id="4"  class_id="3"  is_set="0"  creator="1"  date_created="2004-01-01 00:00:00"  version=""  changed_by="1"  date_changed="2005-02-17 09:57:46" retired_by="1" date_retired="2024-05-05 08:00:00" retire_reason="DUPLICATE"  uuid="dc7d13be-30ab-102d-86b0-7a5022ba4115"/>

</dataset>