<?xml version="1.0" encoding="UTF-8"?>
<dataset>
    <stockmgmt_stock_item  stock_item_id="1"  drug_id="520"  concept_id="165794"  has_expiration="true"  dispensing_unit_id="1513"  common_name="ABC/3TC 120mg/60mg" is_drug="true"  creator="1"  date_created="2024-03-08 08:08:48"  changed_by="1"  date_changed="2025-02-05 14:25:40"  voided="false" uuid="a74ea71f-bd2b-4653-a661-0b91794a6521"  category_id="167042"  expiry_notice="15"/>
    <stockmgmt_stock_item  stock_item_id="2"  drug_id="521"  concept_id="165794"  has_expiration="true"  dispensing_unit_id="1513"  common_name="ABC/3TC 600mg/300mg" is_drug="true"  creator="1"  date_created="2024-03-08 08:08:49"  changed_by="1"  date_changed="2025-02-11 16:22:55"  voided="false" uuid="4ab5e3d3-dceb-4710-bf74-57cc892ea1d1"  category_id="167042"  expiry_notice="30"/>
    <stockmgmt_stock_item  stock_item_id="3"  drug_id="10"  concept_id="165514"  has_expiration="true"  dispensing_unit_id="1513"  common_name="Acyclovir  200mg " is_drug="true"  creator="1"  date_created="2024-03-08 08:08:49"  changed_by="1"  date_changed="2025-02-11 16:23:08"  voided="false" uuid="7f1e52a9-86bf-49a5-8baf-4d0b3db0c23e"  category_id="167042"  expiry_notice="30"/>
    <stockmgmt_stock_item  stock_item_id="4"  drug_id="13"  concept_id="941"  has_expiration="true"  dispensing_unit_id="1513"  common_name="Albendazole 400mg" is_drug="true"  creator="1"  date_created="2024-03-08 08:08:49"  changed_by="1"  date_changed="2024-03-08 08:08:49"  voided="false" uuid="ca59a61b-7b93-431c-a043-94b5de02df59"  category_id="167042"  expiry_notice="30"/>
    <stockmgmt_stock_item  stock_item_id="5"  drug_id="19"  concept_id="165523"  has_expiration="true"  dispensing_unit_id="162399"  common_name="Amitriptylin 25mg tablets" is_drug="true"  creator="1"  date_created="2024-03-08 08:08:49"  changed_by="1"  date_changed="2024-11-12 13:22:12"  voided="false" uuid="8d42e0db-06c2-41a7-840e-cc8f7cc4aba4"  category_id="167042"  expiry_notice="30"/>
    <stockmgmt_stock_item  stock_item_id="6"  drug_id="20"  concept_id="165524"  has_expiration="true"  dispensing_unit_id="1513"  common_name="Amlodipine tabs 10mg " is_drug="true"  creator="1"  date_created="2024-03-08 08:08:49"  changed_by="1"  date_changed="2025-02-11 14:19:57"  voided="false" uuid="7ce942ef-9883-42a1-ac8a-b2d40f77756c"  category_id="167042"  expiry_notice="30"/>
    <stockmgmt_stock_item  stock_item_id="7"  drug_id="21"  concept_id="265"  has_expiration="true"  dispensing_unit_id="1513"  common_name="Amoxycillin 250mg Dispersible tablet" is_drug="true"  creator="1"  date_created="2024-03-08 08:08:49"  changed_by="1"  date_changed="2024-11-07 11:41:32"  voided="false" uuid="bcb19d60-b637-486c-b360-75f25909e533"  category_id="167042"  expiry_notice="30"/>
    <stockmgmt_stock_item  stock_item_id="8"  drug_id="22"  concept_id="265"  has_expiration="true"  dispensing_unit_id="162399"  common_name="Amoxycillin Caps 250mg" is_drug="true"  creator="1"  date_created="2024-03-08 08:08:49"  changed_by="1"  date_changed="2024-11-14 13:05:58"  voided="false" uuid="fa6c2e73-ccb3-418b-b38f-d9dc46cf63ca"  category_id="167042"  expiry_notice="30"/>
    <stockmgmt_stock_item  stock_item_id="9"  drug_id="25"  concept_id="165774"  has_expiration="true"  dispensing_unit_id="162399"  common_name="Amphotericin B liposomal for injection " is_drug="true"  creator="1"  date_created="2024-03-08 08:08:49"  changed_by="1"  date_changed="2025-02-11 16:23:27"  voided="false" uuid="3921958f-8ebf-4164-bb5a-6a42849eaced"  category_id="167042"  expiry_notice="30"/>
    <stockmgmt_stock_item  stock_item_id="10"  drug_id="29"  concept_id="99266"  has_expiration="true"  dispensing_unit_id="162399"  common_name="Artemether+lumefantrin 20/120mg" is_drug="true"  creator="1"  date_created="2024-03-08 08:08:49"  changed_by="1"  date_changed="2024-08-24 19:22:04"  voided="false" uuid="01ecb1ab-c240-4cac-804b-3bc3b12aa378"  category_id="167042"  expiry_notice="30"/>
    <stockmgmt_stock_item  stock_item_id="11"  drug_id="30"  concept_id="165777"  has_expiration="true"  dispensing_unit_id="162398"  common_name="Artesunate Injectable 60mg" is_drug="true"  creator="1"  date_created="2024-03-08 08:08:49"  changed_by="1"  date_changed="2025-02-11 16:22:41"  voided="false" uuid="15f001a6-d3d7-4b8b-90b1-bd78b078254e"  category_id="167042"  expiry_notice="30"/>
    <stockmgmt_stock_item  stock_item_id="12"  drug_id="35"  concept_id="165780"  has_expiration="true"  dispensing_unit_id="162399"  common_name="ATV/r 300mg/100mg  " is_drug="true"  creator="1"  date_created="2024-03-08 08:08:49"  changed_by="1"  date_changed="2025-02-11 16:23:45"  voided="false" uuid="3b2d6115-55fa-4c10-a6af-1496fcd93e40"  category_id="167042"  expiry_notice="30"/>
    <stockmgmt_stock_item  stock_item_id="13"  drug_id="38"  concept_id="165783"  has_expiration="true"  dispensing_unit_id="162399"  common_name="Inj Atropine (Ampoule)" is_drug="true"  creator="1"  date_created="2024-03-08 08:08:49"  changed_by="1"  date_changed="2024-11-14 13:05:42"  voided="false" uuid="6bbf1d66-e31b-49b5-8a71-871e5ee97e90"  category_id="167042"  expiry_notice="30"/>
    <stockmgmt_stock_item  stock_item_id="14"  drug_id="42"  concept_id="735"  has_expiration="true"  dispensing_unit_id="162399"  common_name="Azithromycin Tabs 250mg" is_drug="true"  creator="1"  date_created="2024-03-08 08:08:50"  changed_by="1"  date_changed="2025-02-11 14:21:41"  voided="false" uuid="1965d838-7ad1-46c1-9aa7-874f9ec0cfa2"  category_id="167042"  expiry_notice="30"/>
    <stockmgmt_stock_item  stock_item_id="15"  drug_id="45"  concept_id="165789"  has_expiration="true"  dispensing_unit_id="162399"  common_name="Bendrofluazide Tabs 5mg " is_drug="true"  creator="1"  date_created="2024-03-08 08:08:50"  changed_by="1"  date_changed="2024-11-14 13:59:27"  voided="false" uuid="fb8a584d-796b-478e-8883-45c9bf43f818"  category_id="167042"  expiry_notice="30"/>
    <stockmgmt_stock_item  stock_item_id="16"  drug_id="46"  concept_id="165790"  has_expiration="true"  dispensing_unit_id="162399"  common_name="Benzathine  Injectable 2.4mu " is_drug="true"  creator="1"  date_created="2024-03-08 08:08:50"  changed_by="1"  date_changed="2024-11-14 13:59:46"  voided="false" uuid="10eb53dd-d760-4331-8206-0c37aa8567a5"  category_id="167042"  expiry_notice="30"/>
    <stockmgmt_stock_item  stock_item_id="17"  drug_id="52"  concept_id="786"  has_expiration="true"  dispensing_unit_id="162399"  common_name="Betamethasone Cream 25gm" is_drug="true"  creator="1"  date_created="2024-03-08 08:08:50"  changed_by="1"  date_changed="2025-02-11 16:24:58"  voided="false" uuid="a553c6e1-092c-4cdd-b196-f8742287061b"  category_id="167042"  expiry_notice="30"/>
    <stockmgmt_stock_item  stock_item_id="18"  drug_id="67"  concept_id="165513"  has_expiration="true"  dispensing_unit_id="162399"  common_name="CALCIUM GLUCONATE IV" is_drug="true"  creator="1"  date_created="2024-03-08 08:08:50"  changed_by="1"  date_changed="2024-11-14 13:58:30"  voided="false" uuid="618ea39c-4bf4-430a-86ff-791b7cd00eb4"  category_id="167042"  expiry_notice="30"/>
    <stockmgmt_stock_item  stock_item_id="19"  drug_id="72"  concept_id="165517"  has_expiration="true"  dispensing_unit_id="1513"  common_name="Captopril tabs 25mg " is_drug="true"  creator="1"  date_created="2024-03-08 08:08:50"  changed_by="1"  date_changed="2025-02-11 16:26:24"  voided="false" uuid="c6821fe4-4c13-4d3a-8bec-b9f38c6f2e12"  category_id="167042"  expiry_notice="30"/>
    <stockmgmt_stock_item  stock_item_id="20"  drug_id="75"  concept_id="920"  has_expiration="true"  dispensing_unit_id="162399"  common_name="Carbamazepine 200mg"  acronym="CPZ "  is_drug="true"  creator="1"  date_created="2024-03-08 08:08:50"  changed_by="1"  date_changed="2025-02-11 16:25:47"  voided="false" uuid="d6235f14-65ae-4862-899b-331f48fd61f8"  category_id="167042"  expiry_notice="30"/>
    <stockmgmt_stock_item  stock_item_id="21"  drug_id="78"  concept_id="165521"  has_expiration="true"  dispensing_unit_id="162399"  common_name="Cefalexin  Caps 250mg " is_drug="true"  creator="1"  date_created="2024-03-08 08:08:50"  changed_by="1"  date_changed="2025-02-11 16:26:43"  voided="false" uuid="879a7b0a-a95b-404c-bda7-9a03f28f18f7"  category_id="167042"  expiry_notice="30"/>
    <stockmgmt_stock_item  stock_item_id="22"  drug_id="80"  concept_id="496"  has_expiration="true"  dispensing_unit_id="162399"  common_name="Ceftriaxone Injection 1gm " is_drug="true"  creator="1"  date_created="2024-03-08 08:08:50"  changed_by="1"  date_changed="2024-11-14 13:08:04"  voided="false" uuid="b075c68c-b950-4e4c-babb-c02bbde5330f"  category_id="167042"  expiry_notice="30"/>
    <stockmgmt_stock_item  stock_item_id="23"  drug_id="83"  concept_id="165523"  has_expiration="true"  dispensing_unit_id="162399"  common_name="Cefuroxime 500mgs" is_drug="true"  creator="1"  date_created="2024-03-08 08:08:50"  changed_by="1"  date_changed="2024-11-14 13:08:26"  voided="false" uuid="d499c5e7-43c5-404b-8b3b-c8f3bed705db"  category_id="167042"  expiry_notice="30"/>
    <stockmgmt_stock_item  stock_item_id="24"  drug_id="84"  concept_id="779"  has_expiration="true"  dispensing_unit_id="162399"  common_name="Cetirizine Tabs 10mg " is_drug="true"  creator="1"  date_created="2024-03-08 08:08:50"  changed_by="1"  date_changed="2025-02-11 16:27:44"  voided="false" uuid="57adce4c-1934-43f5-899e-fdf7b0eb30ba"  category_id="167042"  expiry_notice="0"/>
    <stockmgmt_stock_item  stock_item_id="25"  drug_id="91"  concept_id="162947"  has_expiration="true"  dispensing_unit_id="1513"  common_name="Chlorhexidine 5% solution (1Ltre)" is_drug="true"  creator="1"  date_created="2024-03-08 08:08:50"  changed_by="1"  date_changed="2024-03-08 08:08:50"  voided="false" uuid="47b96a18-b14a-402f-8fcd-999671f9fa6f"  category_id="167042"  expiry_notice="30"/>
    <stockmgmt_stock_item  stock_item_id="26"  drug_id="109"  concept_id="960"  has_expiration="true"  dispensing_unit_id="162399"  common_name="Clotrimazole Pessaries 100mg " is_drug="true"  creator="1"  date_created="2024-03-08 08:08:50"  changed_by="1"  date_changed="2025-02-11 16:26:10"  voided="false" uuid="4b98567f-efa2-452a-ba5f-1b2b9230796d"  category_id="167042"  expiry_notice="30"/>
    <stockmgmt_stock_item  stock_item_id="27"  drug_id="119"  concept_id="90168"  has_expiration="true"  dispensing_unit_id="162399"  common_name="Cotrimoxazole (CTX) 120mg " is_drug="true"  creator="1"  date_created="2024-03-08 08:08:50"  changed_by="1"  date_changed="2025-03-28 15:18:42"  voided="false" uuid="0d9df58d-8d93-4c4a-b5b8-31ede40fd5d7"  category_id="167042"  expiry_notice="30"/>
    <stockmgmt_stock_item  stock_item_id="28"  drug_id="121"  concept_id="90168"  has_expiration="true"  dispensing_unit_id="1513"  common_name="(CTX) 960mg" is_drug="true"  creator="1"  date_created="2024-03-08 08:08:51"  changed_by="1"  date_changed="2025-02-11 17:03:34"  voided="false" uuid="2da6dbf8-a042-4ff9-9215-7e01bcf33ffa"  category_id="167042"  expiry_notice="30"/>
    <stockmgmt_stock_item  stock_item_id="29"  drug_id="131"  concept_id="92"  has_expiration="true"  dispensing_unit_id="1513"  common_name="Dapsone 100mg" is_drug="true"  creator="1"  date_created="2024-03-08 08:08:51"  changed_by="1"  date_changed="2024-11-06 17:05:29"  voided="false" uuid="05cd0183-d1f9-41fd-92f1-74e498b44c45"  category_id="167042"  expiry_notice="30"/>
    <stockmgmt_stock_item  stock_item_id="30"  drug_id="144"  concept_id="247"  has_expiration="true"  dispensing_unit_id="162399"  common_name="Diazepam Tabs 5mg " is_drug="true"  creator="1"  date_created="2024-03-08 08:08:51"  changed_by="1"  date_changed="2025-02-11 16:29:26"  voided="false" uuid="f357c9d7-649d-4f20-8ff0-0c7d93bdae8b"  category_id="167042"  expiry_notice="30"/>
    <stockmgmt_stock_item  stock_item_id="31"  drug_id="145"  concept_id="247"  has_expiration="true"  dispensing_unit_id="162399"  common_name="Diazepam 5mg/ml for injection" is_drug="true"  creator="1"  date_created="2024-03-08 08:08:51"  changed_by="1"  date_changed="2024-11-14 13:09:43"  voided="false" uuid="84812857-59ff-41d8-9bd0-a8a65863febc"  category_id="167042"  expiry_notice="30"/>
    <stockmgmt_stock_item  stock_item_id="32"  drug_id="146"  concept_id="436"  has_expiration="true"  dispensing_unit_id="162335"  common_name="Diclofenac for injection 25mg/ml" is_drug="true"  creator="1"  date_created="2024-03-08 08:08:51"  changed_by="1"  date_changed="2024-03-08 08:08:51"  voided="false" uuid="556eb0b2-2337-4d8c-a67f-322e4759d386"  category_id="167042"  expiry_notice="30"/>
    <stockmgmt_stock_item  stock_item_id="33"  drug_id="147"  concept_id="436"  has_expiration="true"  dispensing_unit_id="162399"  common_name="Diclofenac 50mg " is_drug="true"  creator="1"  date_created="2024-03-08 08:08:51"  changed_by="1"  date_changed="2024-11-13 11:38:31"  voided="false" uuid="9c94ac6a-0442-4380-ae9b-cf9520b5f2f2"  category_id="167042"  expiry_notice="30"/>
    <stockmgmt_stock_item  stock_item_id="34"  drug_id="153"  concept_id="165566"  has_expiration="true"  dispensing_unit_id="1513"  common_name="Dihydroartemisinin+Piperaquine 40/320mg " is_drug="true"  creator="1"  date_created="2024-03-08 08:08:51"  changed_by="1"  date_changed="2025-02-11 16:27:08"  voided="false" uuid="795430c7-b0c3-4218-a062-fd63a9f7e184"  category_id="167042"  expiry_notice="30"/>
    <stockmgmt_stock_item  stock_item_id="35"  drug_id="157"  concept_id="164976"  has_expiration="true"  dispensing_unit_id="162399"  common_name="DTG (Dolutegravir) 50mg " is_drug="true"  creator="1"  date_created="2024-03-08 08:08:51"  changed_by="1"  date_changed="2024-11-07 11:43:59"  voided="false" uuid="01054d58-87e9-471f-8066-1ac6bac73c3b"  category_id="167042"  expiry_notice="30"/>
    <stockmgmt_stock_item  stock_item_id="36"  drug_id="162"  concept_id="95"  has_expiration="true"  dispensing_unit_id="162399"  common_name="Doxycline 100mg " is_drug="true"  creator="1"  date_created="2024-03-08 08:08:51"  changed_by="1"  date_changed="2025-02-11 16:27:27"  voided="false" uuid="03ed426d-b9d8-4422-abc7-d1e4f36290ef"  category_id="167042"  expiry_notice="30"/>
    <stockmgmt_stock_item  stock_item_id="37"  drug_id="164"  concept_id="633"  has_expiration="true"  dispensing_unit_id="162399"  common_name="EFV (Efavirenz)200mg " is_drug="true"  creator="1"  date_created="2024-03-08 08:08:51"  changed_by="1"  date_changed="2025-02-11 16:27:57"  voided="false" uuid="54862d1b-ae31-41dc-89df-49f65f64ed4f"  category_id="167042"  expiry_notice="30"/>
    <stockmgmt_stock_item  stock_item_id="38"  drug_id="165"  concept_id="633"  has_expiration="true"  dispensing_unit_id="1513"  common_name="EFV (Efavirenz) 600mg  " is_drug="true"  creator="1"  date_created="2024-03-08 08:08:51"  changed_by="1"  date_changed="2025-02-11 16:28:29"  voided="false" uuid="dd09fd9e-0242-42cd-aee5-75584bdf8951"  category_id="167042"  expiry_notice="30"/>
    <stockmgmt_stock_item  stock_item_id="39"  drug_id="171"  concept_id="165580"  has_expiration="true"  dispensing_unit_id="162335"  common_name="Adrenaline 1mg/ml for injection" is_drug="true"  creator="1"  date_created="2024-03-08 08:08:51"  changed_by="1"  date_changed="2024-03-08 08:08:51"  voided="false" uuid="09b6d67f-cc1f-4906-b4eb-c5d1bb66b3fa"  category_id="167042"  expiry_notice="30"/>
    <stockmgmt_stock_item  stock_item_id="40"  drug_id="173"  concept_id="272"  has_expiration="true"  dispensing_unit_id="162399"  common_name="Erythromycin Tabs 250mg " is_drug="true"  creator="1"  date_created="2024-03-08 08:08:51"  changed_by="1"  date_changed="2025-02-11 16:29:08"  voided="false" uuid="863f6ce3-a3b3-482f-8456-fe094c1895ea"  category_id="167042"  expiry_notice="30"/>
    <stockmgmt_stock_item  stock_item_id="41"  drug_id="174"  concept_id="745"  has_expiration="true"  dispensing_unit_id="162399" is_drug="true"  creator="1"  date_created="2024-03-08 08:08:52"  changed_by="1"  date_changed="2025-02-12 09:39:19"  voided="false" uuid="e872d58c-cff4-4ccd-938a-532312bc66a9"  category_id="167042"  expiry_notice="30"/>
    <stockmgmt_stock_item  stock_item_id="42"  drug_id="175"  concept_id="745"  has_expiration="true"  dispensing_unit_id="1513"  common_name="Ethambutol 400mg tablets" is_drug="true"  creator="1"  date_created="2024-03-08 08:08:52"  changed_by="1"  date_changed="2025-02-11 16:32:09"  voided="false" uuid="5810f593-fd05-4d0e-9653-514100b27c92"  category_id="167042"  expiry_notice="30"/>
    <stockmgmt_stock_item  stock_item_id="43"  drug_id="185"  concept_id="165593"  has_expiration="true"  dispensing_unit_id="1513" is_drug="true"  creator="1"  date_created="2024-03-08 08:08:52"  changed_by="1"  date_changed="2025-02-11 17:15:38"  voided="false" uuid="24515cd5-1f40-4c16-b17a-909f5de1445c"  category_id="167042"  expiry_notice="30"/>
    <stockmgmt_stock_item  stock_item_id="44"  drug_id="191"  concept_id="165598"  has_expiration="true"  dispensing_unit_id="162399"  common_name="Ferouus and Folic 5/200mg " is_drug="true"  creator="1"  date_created="2024-03-08 08:08:52"  changed_by="1"  date_changed="2025-02-11 16:30:36"  voided="false" uuid="c9c12362-a30b-4b7d-a7e5-496a51a34f0d"  category_id="167042"  expiry_notice="30"/>
    <stockmgmt_stock_item  stock_item_id="45"  drug_id="194"  concept_id="747"  has_expiration="true"  dispensing_unit_id="162353"  common_name="Fluconazole suspension" is_drug="true"  creator="1"  date_created="2024-03-08 08:08:52"  changed_by="1"  date_changed="2024-11-07 11:43:08"  voided="false" uuid="08753b56-d817-469b-9148-1e2999c98801"  category_id="167042"  expiry_notice="30"/>
    <stockmgmt_stock_item  stock_item_id="46"  drug_id="195"  concept_id="747"  has_expiration="true"  dispensing_unit_id="167040"  common_name="Fluconazole IV 2mg/ml" is_drug="true"  creator="1"  date_created="2024-03-08 08:08:52"  changed_by="1"  date_changed="2024-03-08 08:08:52"  voided="false" uuid="03a71e67-cde3-4cc2-9575-f7389914436f"  category_id="167042"  expiry_notice="30"/>
    <stockmgmt_stock_item  stock_item_id="47"  drug_id="196"  concept_id="747"  has_expiration="true"  dispensing_unit_id="162399"  common_name="Fluconazole Caps 200mg " is_drug="true"  creator="1"  date_created="2024-03-08 08:08:52"  changed_by="1"  date_changed="2024-11-12 13:10:45"  voided="false" uuid="441d5689-765c-4214-aaf2-9764a5f2ab36"  category_id="167042"  expiry_notice="30"/>
    <stockmgmt_stock_item  stock_item_id="48"  drug_id="197"  concept_id="747"  has_expiration="true"  dispensing_unit_id="162399"  common_name="Fluconazole  200mg Tabs" is_drug="true"  creator="1"  date_created="2024-03-08 08:08:52"  changed_by="1"  date_changed="2025-02-11 16:32:39"  voided="false" uuid="201e3cf7-3237-4b58-a480-5a8b7c99a378"  category_id="167042"  expiry_notice="30"/>
    <stockmgmt_stock_item  stock_item_id="49"  drug_id="202"  concept_id="257"  has_expiration="true"  dispensing_unit_id="1513"  common_name="Folic acid 5mg tabs" is_drug="true"  creator="1"  date_created="2024-03-08 08:08:52"  changed_by="1"  date_changed="2025-02-11 16:34:04"  voided="false" uuid="baf66b92-4002-41d0-b0f6-25088fba4199"  category_id="167042"  expiry_notice="30"/>
    <stockmgmt_stock_item  stock_item_id="50"  drug_id="206"  concept_id="99"  has_expiration="true"  dispensing_unit_id="1513"  common_name="Frusemide tabs 40mg  " is_drug="true"  creator="1"  date_created="2024-03-08 08:08:52"  changed_by="1"  date_changed="2025-02-11 16:30:05"  voided="false" uuid="a80380da-82ce-4460-b759-affa4a56de74"  category_id="167042"  expiry_notice="30"/>
    <stockmgmt_stock_item  stock_item_id="51"  drug_id="210"  concept_id="165610"  has_expiration="true"  dispensing_unit_id="1513"  common_name="Glibenclamide tabs 5mg tabs" is_drug="true"  creator="1"  date_created="2024-03-08 08:08:52"  changed_by="1"  date_changed="2025-02-11 16:34:52"  voided="false" uuid="85ece2a0-b717-4874-98b8-082cc29331f7"  category_id="167042"  expiry_notice="30"/>
    <stockmgmt_stock_item  stock_item_id="52"  drug_id="219"  concept_id="165618"  has_expiration="true"  dispensing_unit_id="162399"  common_name="Griseofulvin 500mg tab" is_drug="true"  creator="1"  date_created="2024-03-08 08:08:52"  changed_by="1"  date_changed="2025-02-11 16:35:10"  voided="false" uuid="8d1e7442-93dc-4849-b32b-66f9dd2f6d83"  category_id="167042"  expiry_notice="30"/>
    <stockmgmt_stock_item  stock_item_id="53"  drug_id="226"  concept_id="290"  has_expiration="true"  dispensing_unit_id="167040"  common_name="Hydrocortisone Cream 25gm for 1" is_drug="true"  creator="1"  date_created="2024-03-08 08:08:52"  changed_by="1"  date_changed="2024-03-08 08:08:52"  voided="false" uuid="9844363c-c183-4d6c-a13d-199c83ffb2d9"  category_id="167042"  expiry_notice="30"/>
    <stockmgmt_stock_item  stock_item_id="54"  drug_id="233"  concept_id="912"  has_expiration="true"  dispensing_unit_id="162399"  common_name="Ibuprofen 200mg tabs" is_drug="true"  creator="1"  date_created="2024-03-08 08:08:53"  changed_by="1"  date_changed="2025-02-11 16:35:29"  voided="false" uuid="09ffb514-0676-4eb8-ac6d-5f9cf4d635cc"  category_id="167042"  expiry_notice="30"/>
    <stockmgmt_stock_item  stock_item_id="55"  drug_id="245"  concept_id="656"  has_expiration="true"  dispensing_unit_id="1513"  common_name="Isoniazid (INH) 100mg" is_drug="true"  creator="1"  date_created="2024-03-08 08:08:53"  changed_by="1"  date_changed="2024-03-08 08:08:53"  voided="false" uuid="65bf0f43-0e07-4115-98e7-8374ddeacbe1"  category_id="167042"  expiry_notice="30"/>
    <stockmgmt_stock_item  stock_item_id="56"  drug_id="246"  concept_id="656"  has_expiration="true"  dispensing_unit_id="162399"  common_name="Isoniazid (INH) 300mg tabs" is_drug="true"  creator="1"  date_created="2024-03-08 08:08:53"  changed_by="1"  date_changed="2025-02-11 16:34:28"  voided="false" uuid="670bee2e-1257-422c-9fd3-50a5163b4262"  category_id="167042"  expiry_notice="30"/>
    <stockmgmt_stock_item  stock_item_id="57"  drug_id="274"  concept_id="794"  has_expiration="true"  dispensing_unit_id="1513"  common_name="LPV/r 40mg/10 mg pellets" is_drug="true"  creator="1"  date_created="2024-03-08 08:08:53"  changed_by="1"  date_changed="2024-03-08 08:08:53"  voided="false" uuid="8138ce0a-0acd-4553-801b-f22cca0c9aa5"  category_id="167042"  expiry_notice="30"/>
    <stockmgmt_stock_item  stock_item_id="58"  drug_id="275"  concept_id="794"  has_expiration="true"  dispensing_unit_id="162399"  common_name="LPV/r 100mg/25mg" is_drug="true"  creator="1"  date_created="2024-03-08 08:08:53"  changed_by="1"  date_changed="2024-11-14 14:06:15"  voided="false" uuid="bf0696ca-2799-45f2-a834-0108a77d5af6"  category_id="167042"  expiry_notice="30"/>
    <stockmgmt_stock_item  stock_item_id="59"  drug_id="276"  concept_id="794"  has_expiration="true"  dispensing_unit_id="162399"  common_name="LPV/r 200mg/50mg tabs" is_drug="true"  creator="1"  date_created="2024-03-08 08:08:53"  changed_by="1"  date_changed="2025-02-11 16:35:58"  voided="false" uuid="920a9b03-f6aa-4eb2-a827-95cd26f6ec31"  category_id="167042"  expiry_notice="30"/>
    <stockmgmt_stock_item  stock_item_id="60"  drug_id="278"  concept_id="165657"  has_expiration="true"  dispensing_unit_id="162399" is_drug="true"  creator="1"  date_created="2024-03-08 08:08:53"  changed_by="1"  date_changed="2025-02-12 09:39:37"  voided="false" uuid="c10f765c-80a5-463e-a12e-4c6c4f4a0ac8"  category_id="167042"  expiry_notice="30"/>
    <stockmgmt_stock_item  stock_item_id="61"  drug_id="280"  concept_id="165659"  has_expiration="true"  dispensing_unit_id="162399"  common_name="Magnesium triscillicateTablets" is_drug="true"  creator="1"  date_created="2024-03-08 08:08:53"  changed_by="1"  date_changed="2024-11-13 11:26:19"  voided="false" uuid="db5ef2bd-d9ec-4f0f-a3d6-57178c0aaee9"  category_id="167042"  expiry_notice="30"/>
    <stockmgmt_stock_item  stock_item_id="62"  drug_id="291"  concept_id="165670"  has_expiration="true"  dispensing_unit_id="162399"  common_name="Metformin tabs 500mg" is_drug="true"  creator="1"  date_created="2024-03-08 08:08:53"  changed_by="1"  date_changed="2024-11-14 13:11:54"  voided="false" uuid="e126a3ce-414c-4f72-98a2-53a748a4ceb8"  category_id="167042"  expiry_notice="30"/>
    <stockmgmt_stock_item  stock_item_id="63"  drug_id="302"  concept_id="237"  has_expiration="true"  dispensing_unit_id="162399"  common_name="Metronidazole  200mg" is_drug="true"  creator="1"  date_created="2024-03-08 08:08:53"  changed_by="1"  date_changed="2024-11-14 13:31:00"  voided="false" uuid="3eb353a8-93af-46a0-a345-00bf2814ee12"  category_id="167042"  expiry_notice="30"/>
    <stockmgmt_stock_item  stock_item_id="64"  drug_id="303"  concept_id="918"  has_expiration="true"  dispensing_unit_id="162399"  common_name="Miconazole  Cream 25gm for 1" is_drug="true"  creator="1"  date_created="2024-03-08 08:08:53"  changed_by="1"  date_changed="2024-11-14 13:13:17"  voided="false" uuid="65a224da-2433-483e-9433-aa156ef6b1aa"  category_id="167042"  expiry_notice="30"/>
    <stockmgmt_stock_item  stock_item_id="65"  drug_id="314"  concept_id="631"  has_expiration="true"  dispensing_unit_id="162399" is_drug="true"  creator="1"  date_created="2024-03-08 08:08:53"  changed_by="1"  date_changed="2025-02-11 16:59:26"  voided="false" uuid="7bfd4386-ef5d-4745-a33b-f33c2b0c4afa"  category_id="167042"  expiry_notice="30"/>
    <stockmgmt_stock_item  stock_item_id="66"  drug_id="319"  concept_id="165685"  has_expiration="true"  dispensing_unit_id="162399" is_drug="true"  creator="1"  date_created="2024-03-08 08:08:54"  changed_by="1"  date_changed="2025-02-12 09:40:06"  voided="false" uuid="bd551720-5bf0-4061-8458-dd15648577e3"  category_id="167042"  expiry_notice="30"/>
    <stockmgmt_stock_item  stock_item_id="67"  drug_id="323"  concept_id="919"  has_expiration="true"  dispensing_unit_id="167040" is_drug="true"  creator="1"  date_created="2024-03-08 08:08:54"  changed_by="1"  date_changed="2025-02-12 08:31:19"  voided="false" uuid="d3c17df5-bd71-49e0-8755-101f469db4a8"  category_id="167042"  expiry_notice="30"/>
    <stockmgmt_stock_item  stock_item_id="68"  drug_id="324"  concept_id="919"  has_expiration="true"  dispensing_unit_id="162398"  common_name="Nystatin oral suspension" is_drug="true"  creator="1"  date_created="2024-03-08 08:08:54"  changed_by="1"  date_changed="2024-11-14 13:12:28"  voided="false" uuid="9608e604-e0fd-4520-a364-dd901dde8b83"  category_id="167042"  expiry_notice="30"/>
    <stockmgmt_stock_item  stock_item_id="69"  drug_id="326"  concept_id="165689"  has_expiration="true"  dispensing_unit_id="162399"  common_name="Omeprazole  20mg  " is_drug="true"  creator="1"  date_created="2024-03-08 08:08:54"  changed_by="1"  date_changed="2025-02-13 08:45:39"  voided="false" uuid="7505d0ce-53a1-46dc-bc2d-7b71cd5e3262"  category_id="167042"  expiry_notice="30"/>
    <stockmgmt_stock_item  stock_item_id="70"  drug_id="330"  concept_id="351"  has_expiration="true"  dispensing_unit_id="162399"  common_name="ORS Powder pack of 25" is_drug="true"  creator="1"  date_created="2024-03-08 08:08:54"  changed_by="1"  date_changed="2024-03-08 10:07:47"  voided="false" uuid="fe20f548-3170-48fa-9815-88242a3f868c"  category_id="167042"  expiry_notice="30"/>
    <stockmgmt_stock_item  stock_item_id="71"  drug_id="338"  concept_id="165697"  has_expiration="true"  dispensing_unit_id="162399"  common_name="Paclitaxel solution for injection" is_drug="true"  creator="1"  date_created="2024-03-08 08:08:54"  changed_by="1"  date_changed="2024-11-14 13:27:36"  voided="false" uuid="5b755a7d-d240-4448-9aac-f46f3639306a"  category_id="167042"  expiry_notice="30"/>
    <stockmgmt_stock_item  stock_item_id="72"  drug_id="340"  concept_id="89"  has_expiration="true"  dispensing_unit_id="162399" is_drug="true"  creator="1"  date_created="2024-03-08 08:08:54"  changed_by="1"  date_changed="2025-02-13 08:36:41"  voided="false" uuid="121ce654-03c5-4632-bb2b-45fd3621f6a0"  category_id="167042"  expiry_notice="30"/>
    <stockmgmt_stock_item  stock_item_id="73"  drug_id="346"  concept_id="238"  has_expiration="true"  dispensing_unit_id="162335"  common_name="Phenobarbital  sodium 200mg/ml for Inj" is_drug="true"  creator="1"  date_created="2024-03-08 08:08:54"  changed_by="1"  date_changed="2024-03-08 08:08:54"  voided="false" uuid="349ac1f4-6896-4010-b756-cd18ad596184"  category_id="167042"  expiry_notice="30"/>
    <stockmgmt_stock_item  stock_item_id="74"  drug_id="361"  concept_id="165713"  has_expiration="true"  dispensing_unit_id="167040"  common_name="Povidone iodine  10% solution (1L)" is_drug="true"  creator="1"  date_created="2024-03-08 08:08:54"  changed_by="1"  date_changed="2024-03-08 08:08:54"  voided="false" uuid="667f3f30-7e32-441d-946d-a76c6f74dd89"  category_id="167042"  expiry_notice="30"/>
    <stockmgmt_stock_item  stock_item_id="75"  drug_id="364"  concept_id="765"  has_expiration="true"  dispensing_unit_id="162399"  common_name="Prednisone 5mg" is_drug="true"  creator="1"  date_created="2024-03-08 08:08:54"  changed_by="1"  date_changed="2024-11-14 13:41:25"  voided="false" uuid="0f3677eb-ddc0-4432-b22c-e1a0abd0427e"  category_id="167042"  expiry_notice="30"/>
    <stockmgmt_stock_item  stock_item_id="76"  drug_id="376"  concept_id="5829"  has_expiration="true"  dispensing_unit_id="1513"  common_name="Pyrazinamide 400mg" is_drug="true"  creator="1"  date_created="2024-03-08 08:08:54"  changed_by="1"  date_changed="2024-03-08 08:08:54"  voided="false" uuid="c2dd1212-53be-4eb5-8d26-c476a2d11e09"  category_id="167042"  expiry_notice="30"/>
    <stockmgmt_stock_item  stock_item_id="77"  drug_id="378"  concept_id="243"  has_expiration="true"  dispensing_unit_id="1513"  common_name="Quinine Tabs 300mg for 100" is_drug="true"  creator="1"  date_created="2024-03-08 08:08:54"  changed_by="1"  date_changed="2024-03-08 08:08:54"  voided="false" uuid="25806374-cdcf-4133-b98a-1fdf15b434e6"  category_id="167042"  expiry_notice="30"/>
    <stockmgmt_stock_item  stock_item_id="78"  drug_id="379"  concept_id="243"  has_expiration="true"  dispensing_unit_id="162335"  common_name="Quinine  Injectable 600mg for 100" is_drug="true"  creator="1"  date_created="2024-03-08 08:08:54"  changed_by="1"  date_changed="2024-03-08 08:08:54"  voided="false" uuid="6209aad6-de23-4297-92b5-bfec870f7838"  category_id="167042"  expiry_notice="30"/>
    <stockmgmt_stock_item  stock_item_id="79"  drug_id="381"  concept_id="162985"  has_expiration="true"  dispensing_unit_id="1513"  common_name="RAL  (Raltegravir) 100mg" is_drug="true"  creator="1"  date_created="2024-03-08 08:08:54"  changed_by="1"  date_changed="2024-03-08 08:08:54"  voided="false" uuid="a2aec321-1554-4a06-9893-ae65f77b3c54"  category_id="167042"  expiry_notice="30"/>
    <stockmgmt_stock_item  stock_item_id="80"  drug_id="382"  concept_id="162985"  has_expiration="true"  dispensing_unit_id="1513"  common_name="RAL (Raltegravir) 400mg pack of 60" is_drug="true"  creator="1"  date_created="2024-03-08 08:08:54"  changed_by="1"  date_changed="2024-03-08 09:20:52"  voided="false" uuid="4677fa33-1768-4897-abb6-a1697643080b"  category_id="167042"  expiry_notice="30"/>
    <stockmgmt_stock_item  stock_item_id="81"  drug_id="385"  concept_id="83352"  has_expiration="true"  dispensing_unit_id="1608"  common_name="Rifabutin 150mg  Capsule" is_drug="true"  creator="1"  date_created="2024-03-08 08:08:54"  changed_by="1"  date_changed="2024-03-08 08:08:54"  voided="false" uuid="e86b9292-51bb-49d5-b0e3-27371c1435cc"  category_id="167042"  expiry_notice="30"/>
    <stockmgmt_stock_item  stock_item_id="82"  drug_id="398"  concept_id="795"  has_expiration="true"  dispensing_unit_id="162399"  common_name="RTV (Ritonavir)  100mg" is_drug="true"  creator="1"  date_created="2024-03-08 08:08:55"  changed_by="1"  date_changed="2024-11-14 13:46:40"  voided="false" uuid="00d02b7a-c5d6-4f18-86ce-e2ba4306d7a3"  category_id="167042"  expiry_notice="30"/>
    <stockmgmt_stock_item  stock_item_id="83"  drug_id="406"  concept_id="165743"  has_expiration="true"  dispensing_unit_id="162398"  common_name="Sodium valproate 100mg Pack of 100" is_drug="true"  creator="1"  date_created="2024-03-08 08:08:55"  changed_by="1"  date_changed="2024-03-08 09:21:44"  voided="false" uuid="28c1f2c5-d93e-48e3-9948-27300c828f37"  category_id="167042"  expiry_notice="30"/>
    <stockmgmt_stock_item  stock_item_id="84"  drug_id="407"  concept_id="165743"  has_expiration="true"  dispensing_unit_id="162399" is_drug="true"  creator="1"  date_created="2024-03-08 08:08:55"  changed_by="1"  date_changed="2025-02-12 08:30:17"  voided="false" uuid="1ec24e16-ae56-4f6c-877f-63bea25afd58"  category_id="167042"  expiry_notice="30"/>
    <stockmgmt_stock_item  stock_item_id="85"  drug_id="409"  concept_id="165746"  has_expiration="true"  dispensing_unit_id="162399"  common_name="Spironolactone tabs for 28" is_drug="true"  creator="1"  date_created="2024-03-08 08:08:55"  changed_by="1"  date_changed="2024-11-14 13:33:34"  voided="false" uuid="df748b03-5b63-4924-a749-67549b963033"  category_id="167042"  expiry_notice="30"/>
    <stockmgmt_stock_item  stock_item_id="86"  drug_id="419"  concept_id="802"  has_expiration="true"  dispensing_unit_id="1513"  common_name="TDF 300mg  pack of 30" is_drug="true"  creator="1"  date_created="2024-03-08 08:08:55"  changed_by="1"  date_changed="2024-03-08 09:25:22"  voided="false" uuid="e5270528-5adc-4b26-976c-8445c25303a0"  category_id="167042"  expiry_notice="30"/>
    <stockmgmt_stock_item  stock_item_id="87"  drug_id="421"  concept_id="99275"  has_expiration="true"  dispensing_unit_id="162399"  common_name="TDF/3TC 300mg/300mg  " is_drug="true"  creator="1"  date_created="2024-03-08 08:08:55"  changed_by="1"  date_changed="2025-02-11 16:51:11"  voided="false" uuid="56bbd546-d2f8-4415-b691-9baebd0d78fc"  category_id="167042"  expiry_notice="30"/>
    <stockmgmt_stock_item  stock_item_id="88"  drug_id="428"  concept_id="235"  has_expiration="true"  dispensing_unit_id="1513"  common_name="Tinidazole 500mg pack of 100" is_drug="true"  creator="1"  date_created="2024-03-08 08:08:55"  changed_by="1"  date_changed="2024-03-08 09:27:23"  voided="false" uuid="00287919-9a51-4228-a577-6f4cc1894e5d"  category_id="167042"  expiry_notice="30"/>
    <stockmgmt_stock_item  stock_item_id="89"  drug_id="445"  concept_id="265"  has_expiration="true"  dispensing_unit_id="162399"  common_name="Amoxycillin Caps 500mg caps" is_drug="true"  creator="1"  date_created="2024-03-08 08:08:55"  changed_by="1"  date_changed="2025-02-11 14:52:08"  voided="false" uuid="d7900096-f35b-42d8-add4-cf0640046316"  category_id="167042"  expiry_notice="30"/>
    <stockmgmt_stock_item  stock_item_id="90"  drug_id="446"  concept_id="265"  has_expiration="true"  dispensing_unit_id="162399"  common_name="Amoxycillin+ Clavulanic acid T 625mg pack of 20-1" is_drug="true"  creator="1"  date_created="2024-03-08 08:08:55"  changed_by="1"  date_changed="2024-11-14 13:31:26"  voided="false" uuid="4ad2b844-3c96-432d-af97-535dda0c7c28"  category_id="167042"  expiry_notice="30"/>
    <stockmgmt_stock_item  stock_item_id="91"  drug_id="447"  concept_id="735"  has_expiration="true"  dispensing_unit_id="1513"  common_name="Azithromycin Tabs 500mg " is_drug="true"  creator="1"  date_created="2024-03-08 08:08:55"  changed_by="1"  date_changed="2025-02-11 14:21:56"  voided="false" uuid="18a5e593-1747-436c-92db-b7ab0aa9e3e9"  category_id="167042"  expiry_notice="30"/>
    <stockmgmt_stock_item  stock_item_id="92"  drug_id="448"  concept_id="73087"  has_expiration="true"  dispensing_unit_id="1513" is_drug="true"  creator="1"  date_created="2024-03-08 08:08:55"  changed_by="1"  date_changed="2024-07-11 14:20:05"  voided="false" uuid="2014db96-8bf6-4768-90fe-be66cfec81b3"  category_id="167042"  expiry_notice="30"/>
    <stockmgmt_stock_item  stock_item_id="93"  drug_id="449"  concept_id="740"  has_expiration="true"  dispensing_unit_id="162399"  common_name="Ciprofloxacin Tabs 500mg pack of 100" is_drug="true"  creator="1"  date_created="2024-03-08 08:08:55"  changed_by="1"  date_changed="2024-11-14 13:31:56"  voided="false" uuid="af61f765-1c3c-4c32-909f-a090d2c465ec"  category_id="167042"  expiry_notice="30"/>
    <stockmgmt_stock_item  stock_item_id="94"  drug_id="450"  concept_id="272"  has_expiration="true"  dispensing_unit_id="162399"  common_name="Erythromycin Suspension 125mls/5ml for 100ml" is_drug="true"  creator="1"  date_created="2024-03-08 08:08:55"  changed_by="1"  date_changed="2024-11-14 13:13:51"  voided="false" uuid="9099d18c-b251-4311-b508-62f5adc5308b"  category_id="167042"  expiry_notice="30"/>
    <stockmgmt_stock_item  stock_item_id="95"  drug_id="451"  concept_id="100"  has_expiration="true"  dispensing_unit_id="162399"  common_name="Gentamycin for injection 80mg/ml  pack of 100" is_drug="true"  creator="1"  date_created="2024-03-08 08:08:55"  changed_by="1"  date_changed="2024-11-14 13:36:56"  voided="false" uuid="756a263a-c22d-494e-9229-ae522a896e0e"  category_id="167042"  expiry_notice="30"/>
    <stockmgmt_stock_item  stock_item_id="96"  drug_id="452"  concept_id="89"  has_expiration="true"  dispensing_unit_id="162399"  common_name="Paracetamol  Syrup 100ml"  acronym="PCM Syrup"  is_drug="true"  creator="1"  date_created="2024-03-08 08:08:56"  changed_by="1"  date_changed="2024-07-09 16:06:57"  voided="false" uuid="65d1d490-babb-463e-9b91-7b4f1c0039ac"  category_id="167042"  expiry_notice="30"/>
    <stockmgmt_stock_item  stock_item_id="97"  drug_id="453"  concept_id="165659"  has_expiration="true"  dispensing_unit_id="162399"  common_name="Renegel Suspension 100ml Btl" is_drug="true"  creator="1"  date_created="2024-03-08 08:08:56"  changed_by="1"  date_changed="2024-11-14 14:02:30"  voided="false" uuid="be439a26-ba45-4bf6-9285-fb0cccb29aa3"  category_id="167042"  expiry_notice="30"/>
    <stockmgmt_stock_item  stock_item_id="98"  drug_id="454"  concept_id="165776"  has_expiration="true"  dispensing_unit_id="162353"  common_name="Artemether+lumefantrin Syrup 60mls for 1" is_drug="true"  creator="1"  date_created="2024-03-08 08:08:56"  changed_by="1"  date_changed="2024-03-08 08:08:56"  voided="false" uuid="3d621d79-bb2f-4199-a005-732faae0b476"  category_id="167042"  expiry_notice="30"/>
    <stockmgmt_stock_item  stock_item_id="99"  drug_id="455"  concept_id="165777"  has_expiration="true"  dispensing_unit_id="162398"  common_name="Artesunate injectable 120mg pack of 1" is_drug="true"  creator="1"  date_created="2024-03-08 08:08:56"  changed_by="1"  date_changed="2024-03-08 08:08:56"  voided="false" uuid="3f73ccd5-f2e9-4646-b3a1-860cd28bee75"  category_id="167042"  expiry_notice="30"/>
    <stockmgmt_stock_item  stock_item_id="100"  drug_id="456"  concept_id="99040"  has_expiration="true"  dispensing_unit_id="162399"  common_name="TLE   pack of 30 " is_drug="true"  creator="1"  date_created="2024-03-08 08:08:56"  changed_by="1"  date_changed="2025-02-11 16:58:17"  voided="false" uuid="43d567ae-f904-4f1e-afc0-4fe2d431e3dd"  category_id="167042"  expiry_notice="30"/>
    <stockmgmt_stock_item  stock_item_id="101"  drug_id="484"  concept_id="89"  has_expiration="true"  dispensing_unit_id="162399"  common_name="Paracetamol Syrup 100ml" is_drug="true"  creator="1"  date_created="2024-03-08 08:08:56"  changed_by="1"  date_changed="2024-07-09 16:10:35"  voided="false" uuid="bf94d711-ac97-4c1e-a847-f31462be6f56"  category_id="167042"  expiry_notice="30"/>
    <stockmgmt_stock_item  stock_item_id="102"  drug_id="485"  concept_id="165576"  has_expiration="true"  dispensing_unit_id="167040"  common_name="Enoxaparin 80 pre-filled syringe" is_drug="true"  creator="1"  date_created="2024-03-08 08:08:56"  changed_by="1"  date_changed="2024-03-08 08:08:56"  voided="false" uuid="ff058327-b362-45b9-b267-6eb6345e7f83"  category_id="167042"  expiry_notice="30"/>
    <stockmgmt_stock_item  stock_item_id="103"  drug_id="486"  concept_id="165576"  has_expiration="true"  dispensing_unit_id="167040"  common_name="Enoxaparin 40 prefilled syringe" is_drug="true"  creator="1"  date_created="2024-03-08 08:08:56"  changed_by="1"  date_changed="2024-03-08 08:08:56"  voided="false" uuid="9187ac23-be02-43bf-8e57-b2541d760e4f"  category_id="167042"  expiry_notice="30"/>
    <stockmgmt_stock_item  stock_item_id="104"  drug_id="487"  concept_id="656"  has_expiration="true"  dispensing_unit_id="162353"  common_name="Isoniazid (INH) Syrup" is_drug="true"  creator="1"  date_created="2024-03-08 08:08:56"  changed_by="1"  date_changed="2024-03-08 08:08:56"  voided="false" uuid="e9e110ea-f9ee-43c6-98f0-b75bf668ae98"  category_id="167042"  expiry_notice="30"/>
    <stockmgmt_stock_item  stock_item_id="105"  drug_id="488"  concept_id="89"  has_expiration="true"  dispensing_unit_id="162399"  common_name="Paracetamol 120mg / 5ml for 60ml" is_drug="true"  creator="1"  date_created="2024-03-08 08:08:56"  changed_by="1"  date_changed="2024-07-09 16:08:32"  voided="false" uuid="96d8d7d9-66a1-4c22-a626-5d99b260eb33"  category_id="167042"  expiry_notice="30"/>
    <stockmgmt_stock_item  stock_item_id="106"  drug_id="489"  concept_id="165781"  has_expiration="true"  dispensing_unit_id="162399" is_drug="true"  creator="1"  date_created="2024-03-08 08:08:56"  changed_by="1"  date_changed="2025-02-12 08:30:43"  voided="false" uuid="211f507a-0a10-41cd-a5fb-d42be1d87f97"  category_id="167042"  expiry_notice="30"/>
    <stockmgmt_stock_item  stock_item_id="107"  drug_id="490"  concept_id="941"  has_expiration="true"  dispensing_unit_id="162398"  common_name="Albendazole suspension" is_drug="true"  creator="1"  date_created="2024-03-08 08:08:56"  changed_by="1"  date_changed="2024-03-08 08:08:56"  voided="false" uuid="ad26fc2a-1866-4bd3-b1a0-546ca7a75799"  category_id="167042"  expiry_notice="30"/>
    <stockmgmt_stock_item  stock_item_id="108"  drug_id="491"  concept_id="165733"  has_expiration="true"  dispensing_unit_id="162399"  common_name="RHZ 75/50/150mg blister pack of 28 tabs" is_drug="true"  creator="1"  date_created="2024-03-08 08:08:56"  changed_by="1"  date_changed="2024-11-14 13:29:11"  voided="false" uuid="148ccae1-fd17-4518-94d5-65e96f103dfd"  category_id="167042"  expiry_notice="30"/>
    <stockmgmt_stock_item  stock_item_id="109"  drug_id="493"  concept_id="963"  has_expiration="true"  dispensing_unit_id="162399"  common_name="Cefixime 200mg Tablet" is_drug="true"  creator="1"  date_created="2024-03-08 08:08:56"  changed_by="1"  date_changed="2024-11-12 13:55:47"  voided="false" uuid="f33df8e7-257e-4dd4-99bd-4dc5b4c745ce"  category_id="167042"  expiry_notice="30"/>
    <stockmgmt_stock_item  stock_item_id="110"  drug_id="494"  concept_id="436"  has_expiration="true"  dispensing_unit_id="162398"  common_name="Diclofenac Rectal, 25mg Pesseries" is_drug="true"  creator="1"  date_created="2024-03-08 08:08:57"  changed_by="1"  date_changed="2024-03-08 08:08:57"  voided="false" uuid="6f2270df-5533-4d02-ad5e-5993ad44995b"  category_id="167042"  expiry_notice="30"/>
    <stockmgmt_stock_item  stock_item_id="111"  drug_id="495"  concept_id="89"  has_expiration="true"  dispensing_unit_id="162399"  common_name="Paracetamol I.V"  acronym="PCM IV"  is_drug="true"  creator="1"  date_created="2024-03-08 08:08:57"  changed_by="1"  date_changed="2024-07-09 15:35:25"  voided="false" uuid="72e4ac53-6ed9-457a-88bd-5121d0a385c3"  category_id="167042"  expiry_notice="30"/>
    <stockmgmt_stock_item  stock_item_id="112"  drug_id="496"  concept_id="165579"  has_expiration="true"  dispensing_unit_id="162335"  common_name="Ephedrine sulfate 50mg/ml for injection" is_drug="true"  creator="1"  date_created="2024-03-08 08:08:57"  changed_by="1"  date_changed="2024-03-08 08:08:57"  voided="false" uuid="eb88d1b3-d66f-474f-a633-c5808792b113"  category_id="167042"  expiry_notice="30"/>
    <stockmgmt_stock_item  stock_item_id="113"  drug_id="497"  concept_id="164978"  has_expiration="true"  dispensing_unit_id="162399"  common_name="ABC/3TC/DTG 600/300/50mg pack of 90" is_drug="true"  creator="1"  date_created="2024-03-08 08:08:57"  changed_by="1"  date_changed="2025-03-26 16:17:13"  voided="false"  date_voided="2024-04-21 00:00:00"  voided_by="1"  void_reason="duplicate"  uuid="cd102578-51a2-480a-8382-befc0da96492"  category_id="167042"  expiry_notice="30"/>
    <stockmgmt_stock_item  stock_item_id="114"  drug_id="498"  concept_id="164976"  has_expiration="true"  dispensing_unit_id="162399"  common_name="DTG (Dolutegravir)10mg pack of 90" is_drug="true"  creator="1"  date_created="2024-03-08 08:08:57"  changed_by="1"  date_changed="2024-11-14 13:32:38"  voided="false" uuid="57e427ca-eff8-408d-b70d-270e1cd4d4ec"  category_id="167042"  expiry_notice="30"/>
    <stockmgmt_stock_item  stock_item_id="115"  drug_id="500"  concept_id="99040"  has_expiration="true"  dispensing_unit_id="1513"  common_name="TDF/3TC/EFV  pack of 90 (TLE300/300/400mg)" is_drug="true"  creator="1"  date_created="2024-03-08 08:08:57"  changed_by="1"  date_changed="2024-03-08 09:49:53"  voided="false" uuid="03ca9344-ca48-4c56-9844-97d43ab88b48"  category_id="167042"  expiry_notice="30"/>
    <stockmgmt_stock_item  stock_item_id="116"  drug_id="501"  concept_id="963"  has_expiration="true"  dispensing_unit_id="162399"  common_name="Gramocef Suspension 50mg/5ml (100ml Btl)" is_drug="true"  creator="1"  date_created="2024-03-08 08:08:57"  changed_by="1"  date_changed="2024-11-14 13:40:17"  voided="false" uuid="9316572c-dd80-414f-ad56-d03f49cb070b"  category_id="167042"  expiry_notice="30"/>
    <stockmgmt_stock_item  stock_item_id="117"  drug_id="502"  concept_id="265"  has_expiration="true"  dispensing_unit_id="162353"  common_name="Amoxycillin and Clavulanic acid Powder for Suspension" is_drug="true"  creator="1"  date_created="2024-03-08 08:08:57"  changed_by="1"  date_changed="2024-11-07 11:47:42"  voided="false" uuid="6041563c-2fc1-438f-90e6-f44a9b8bb457"  category_id="167042"  expiry_notice="30"/>
    <stockmgmt_stock_item  stock_item_id="118"  drug_id="503"  concept_id="1243"  has_expiration="true"  dispensing_unit_id="1513"  common_name="Hydrochlorothiazide 12.5mg tablets packof 100" is_drug="true"  creator="1"  date_created="2024-03-08 08:08:57"  changed_by="1"  date_changed="2024-03-08 10:18:01"  voided="false" uuid="bdae701b-872a-4fe0-a959-c59bdb4d0add"  category_id="167042"  expiry_notice="30"/>
    <stockmgmt_stock_item  stock_item_id="119"  drug_id="504"  concept_id="164978"  has_expiration="true"  dispensing_unit_id="162399" is_drug="true"  creator="1"  date_created="2024-03-08 08:08:57"  changed_by="1"  date_changed="2025-02-14 12:26:36"  voided="false" uuid="310148f4-99c3-455f-a983-46c2935db207"  category_id="167042"  expiry_notice="30"/>
    <stockmgmt_stock_item  stock_item_id="120"  drug_id="505"  concept_id="963"  has_expiration="true"  dispensing_unit_id="162399"  common_name="Cefixime 400mg" is_drug="true"  creator="1"  date_created="2024-03-08 08:08:57"  changed_by="1"  date_changed="2024-11-14 13:32:59"  voided="false" uuid="e63bdcd8-4737-485b-9b6f-93df52a465c1"  category_id="167042"  expiry_notice="30"/>
    <stockmgmt_stock_item  stock_item_id="121"  drug_id="506"  concept_id="71137"  has_expiration="true"  dispensing_unit_id="1513"  common_name="S- Amlodipine 5mg pack of 50" is_drug="true"  creator="1"  date_created="2024-03-08 08:08:57"  changed_by="1"  date_changed="2024-03-08 09:53:12"  voided="false" uuid="9a8420b2-2738-4590-829e-202977e2837e"  category_id="167042"  expiry_notice="30"/>
    <stockmgmt_stock_item  stock_item_id="122"  drug_id="507"  concept_id="71137"  has_expiration="true"  dispensing_unit_id="1513"  common_name="S- Amlodipine 2.5mg pack of 50" is_drug="true"  creator="1"  date_created="2024-03-08 08:08:57"  changed_by="1"  date_changed="2024-03-08 09:54:27"  voided="false" uuid="7ce2af92-a07d-45a4-88e8-0ba5117e7048"  category_id="167042"  expiry_notice="30"/>
    <stockmgmt_stock_item  stock_item_id="123"  drug_id="508"  concept_id="1675"  has_expiration="true"  dispensing_unit_id="162399" is_drug="true"  creator="1"  date_created="2024-03-08 08:08:58"  changed_by="1"  date_changed="2025-02-14 12:28:04"  voided="false" uuid="3428fa09-8765-4a02-bb17-112c53bb4965"  category_id="167042"  expiry_notice="30"/>
    <stockmgmt_stock_item  stock_item_id="124"  drug_id="457"  concept_id="165777"  has_expiration="true"  dispensing_unit_id="162398"  common_name="Artesunate Injectable 30mg pack of 1" is_drug="true"  creator="1"  date_created="2024-03-08 08:08:58"  changed_by="1"  date_changed="2024-11-14 13:35:06"  voided="false" uuid="137e06ac-fcef-4099-a8ce-689bec83e592"  category_id="167042"  expiry_notice="30"/>
    <stockmgmt_stock_item  stock_item_id="125"  drug_id="458"  concept_id="71137"  has_expiration="true"  dispensing_unit_id="162399"  common_name="Amlodipine 5mg tablet" is_drug="true"  creator="1"  date_created="2024-03-08 08:08:58"  changed_by="1"  date_changed="2025-02-11 14:20:46"  voided="false" uuid="19b96a63-ba9f-4cb3-b81b-95b148605218"  category_id="167042"  expiry_notice="30"/>
    <stockmgmt_stock_item  stock_item_id="126"  drug_id="459"  concept_id="957"  has_expiration="true"  dispensing_unit_id="1513"  common_name="Loratidine   10mg for 100" is_drug="true"  creator="1"  date_created="2024-03-08 08:08:58"  changed_by="1"  date_changed="2024-03-08 08:08:58"  voided="false" uuid="2d2c0ccf-cd7b-41fb-9565-a6e61c4466c4"  category_id="167042"  expiry_notice="30"/>
    <stockmgmt_stock_item  stock_item_id="127"  drug_id="460"  concept_id="73667"  has_expiration="true"  dispensing_unit_id="162399"  common_name="Cough linctus B.P pack of 200ml" is_drug="true"  creator="1"  date_created="2024-03-08 08:08:58"  changed_by="1"  date_changed="2024-11-14 13:34:34"  voided="false" uuid="9ccdd815-3c9f-49da-98ae-981061035609"  category_id="167042"  expiry_notice="30"/>
    <stockmgmt_stock_item  stock_item_id="128"  drug_id="461"  concept_id="786"  has_expiration="true"  dispensing_unit_id="167040"  common_name="Betamethasone+ Neomycin eye drops" is_drug="true"  creator="1"  date_created="2024-03-08 08:08:58"  changed_by="1"  date_changed="2024-03-08 08:08:58"  voided="false" uuid="2959d050-647e-4815-af7f-e6521aca4f01"  category_id="167042"  expiry_notice="30"/>
    <stockmgmt_stock_item  stock_item_id="129"  drug_id="462"  concept_id="165558"  has_expiration="true"  dispensing_unit_id="167040"  common_name="Dexamethasone+ Neomyin eye drops" is_drug="true"  creator="1"  date_created="2024-03-08 08:08:58"  changed_by="1"  date_changed="2024-03-08 08:08:58"  voided="false" uuid="b8cfdf67-f9d9-425a-a6d3-e32d4509ed01"  category_id="167042"  expiry_notice="30"/>
    <stockmgmt_stock_item  stock_item_id="130"  drug_id="463"  concept_id="266"  has_expiration="true"  dispensing_unit_id="167040"  common_name="Chloramphenicol eye drops" is_drug="true"  creator="1"  date_created="2024-03-08 08:08:58"  changed_by="1"  date_changed="2024-03-08 08:08:58"  voided="false" uuid="c94df40a-90ea-4cd9-9681-928e9b24226f"  category_id="167042"  expiry_notice="30"/>
    <stockmgmt_stock_item  stock_item_id="131"  drug_id="464"  concept_id="100"  has_expiration="true"  dispensing_unit_id="162399"  common_name="Gentamycin eye drops" is_drug="true"  creator="1"  date_created="2024-03-08 08:08:58"  changed_by="1"  date_changed="2024-11-14 13:39:35"  voided="false" uuid="1caf3b4e-49c1-4045-aa43-70683cac3029"  category_id="167042"  expiry_notice="30"/>
    <stockmgmt_stock_item  stock_item_id="132"  drug_id="465"  concept_id="732"  has_expiration="true"  dispensing_unit_id="167040"  common_name="Acyclovir cream Cream 25mg for 1" is_drug="true"  creator="1"  date_created="2024-03-08 08:08:58"  changed_by="1"  date_changed="2024-03-08 08:08:58"  voided="false" uuid="b07b1f6c-9d2a-4c93-82b5-49f7b8f2cbf8"  category_id="167042"  expiry_notice="30"/>
    <stockmgmt_stock_item  stock_item_id="133"  drug_id="466"  concept_id="786"  has_expiration="true"  dispensing_unit_id="167040"  common_name="Betamethasone+ Neomycin cream 25gm for 1" is_drug="true"  creator="1"  date_created="2024-03-08 08:08:58"  changed_by="1"  date_changed="2024-03-08 08:08:58"  voided="false" uuid="ffcca2cb-50e4-4bee-9054-ec0a5f18855b"  category_id="167042"  expiry_notice="30"/>
    <stockmgmt_stock_item  stock_item_id="134"  drug_id="467"  concept_id="960"  has_expiration="true"  dispensing_unit_id="167040"  common_name="Clotrimazole Cream 25gm for 1" is_drug="true"  creator="1"  date_created="2024-03-08 08:08:58"  changed_by="1"  date_changed="2024-03-08 08:08:58"  voided="false" uuid="39227b4e-c73a-4978-8ec1-b933c5f71b02"  category_id="167042"  expiry_notice="30"/>
    <stockmgmt_stock_item  stock_item_id="135"  drug_id="468"  concept_id="80804"  has_expiration="true"  dispensing_unit_id="162399"  common_name="Normal saline  for Infusion pack 500ml" is_drug="true"  creator="1"  date_created="2024-03-08 08:08:58"  changed_by="1"  date_changed="2024-11-14 13:40:52"  voided="false" uuid="a4000a94-0614-483a-93e1-48aa4fe8118c"  category_id="167042"  expiry_notice="30"/>
    <stockmgmt_stock_item  stock_item_id="136"  drug_id="469"  concept_id="290"  has_expiration="true"  dispensing_unit_id="167040" is_drug="true"  creator="1"  date_created="2024-03-08 08:08:59"  changed_by="1"  date_changed="2024-07-11 14:39:47"  voided="false" uuid="3a895662-4c04-4041-980b-e7e369f18a03"  category_id="167042"  expiry_notice="30"/>
    <stockmgmt_stock_item  stock_item_id="137"  drug_id="470"  concept_id="461"  has_expiration="true"  dispensing_unit_id="1513"  common_name="Multivitamin tablets pack of 1000" is_drug="true"  creator="1"  date_created="2024-03-08 08:08:59"  changed_by="1"  date_changed="2024-03-08 09:38:08"  voided="false" uuid="1f6017c8-8e53-4840-b24a-b4e5aeeb4d1e"  category_id="167042"  expiry_notice="30"/>
    <stockmgmt_stock_item  stock_item_id="138"  drug_id="471"  concept_id="82912"  has_expiration="true"  dispensing_unit_id="1513" is_drug="true"  creator="1"  date_created="2024-03-08 08:08:59"  changed_by="1"  date_changed="2025-02-19 12:49:42"  voided="false" uuid="769e31fa-1adc-4fbd-a9be-fca4eac15eb4"  category_id="167042"  expiry_notice="30"/>
    <stockmgmt_stock_item  stock_item_id="139"  drug_id="472"  concept_id="165781"  has_expiration="true"  dispensing_unit_id="1513"  common_name="Atenolol 100mg pack of 1000" is_drug="true"  creator="1"  date_created="2024-03-08 08:08:59"  changed_by="1"  date_changed="2024-03-08 09:39:57"  voided="false" uuid="77d284d8-f580-4b57-a1b9-c095dfcf9cb7"  category_id="167042"  expiry_notice="30"/>
    <stockmgmt_stock_item  stock_item_id="140"  drug_id="473"  concept_id="631"  has_expiration="true"  dispensing_unit_id="162399"  common_name="Nifedipine tabs 20mg for 100" is_drug="true"  creator="1"  date_created="2024-03-08 08:08:59"  changed_by="1"  date_changed="2024-11-13 13:57:19"  voided="false" uuid="2928364e-a5c6-4156-83df-7cfbedcb035e"  category_id="167042"  expiry_notice="30"/>
    <stockmgmt_stock_item  stock_item_id="141"  drug_id="474"  concept_id="99040"  has_expiration="true"  dispensing_unit_id="1513"  common_name="TDF/3TC/EFV pack of 30  (TLE 300mg/300mg/600mg)" is_drug="true"  creator="1"  date_created="2024-03-08 08:08:59"  changed_by="1"  date_changed="2024-03-08 09:40:31"  voided="false" uuid="dcacfcaf-ae56-49bc-b5dd-d2fd9faec0cc"  category_id="167042"  expiry_notice="30"/>
    <stockmgmt_stock_item  stock_item_id="142"  drug_id="475"  concept_id="99277"  has_expiration="true"  dispensing_unit_id="1513"  common_name="TDF/FTC 300mg/200mg pack of 30" is_drug="true"  creator="1"  date_created="2024-03-08 08:08:59"  changed_by="1"  date_changed="2024-03-08 09:41:09"  voided="false" uuid="21571699-fa40-4467-8a2d-b799dce76b60"  category_id="167042"  expiry_notice="30"/>
    <stockmgmt_stock_item  stock_item_id="143"  drug_id="476"  concept_id="630"  has_expiration="true"  dispensing_unit_id="162399"  common_name="AZT/3TC 300mg/150mg  " is_drug="true"  creator="1"  date_created="2024-03-08 08:08:59"  changed_by="1"  date_changed="2025-02-11 16:48:22"  voided="false" uuid="9a99fd96-4a33-4f76-b057-a2e53030229a"  category_id="167042"  expiry_notice="30"/>
    <stockmgmt_stock_item  stock_item_id="144"  drug_id="477"  concept_id="630"  has_expiration="true"  dispensing_unit_id="162399"  common_name="AZT/3TC 60mg/30mg  pack of 60" is_drug="true"  creator="1"  date_created="2024-03-08 08:08:59"  changed_by="1"  date_changed="2024-11-14 13:48:10"  voided="false" uuid="8397772c-8a30-409a-8ab7-82535e58d663"  category_id="167042"  expiry_notice="30"/>
    <stockmgmt_stock_item  stock_item_id="145"  drug_id="478"  concept_id="164977"  has_expiration="true"  dispensing_unit_id="1513"  common_name="TLD Pack 30" is_drug="true"  creator="1"  date_created="2024-03-08 08:08:59"  changed_by="1"  date_changed="2025-02-11 16:52:50"  voided="false"  date_voided="2024-06-07 12:38:35" uuid="f5f43a62-9b7f-414e-8ccc-834c67aa00cb"  category_id="167042"  expiry_notice="30"/>
    <stockmgmt_stock_item  stock_item_id="146"  drug_id="479"  concept_id="165552"  has_expiration="true"  dispensing_unit_id="162399" is_drug="true"  creator="1"  date_created="2024-03-08 08:08:59"  changed_by="1"  date_changed="2025-02-11 17:12:35"  voided="false" uuid="d63e469c-7a74-4aed-a2b1-5c08e4680bc8"  category_id="167042"  expiry_notice="30"/>
    <stockmgmt_stock_item  stock_item_id="147"  drug_id="480"  concept_id="165523"  has_expiration="true"  dispensing_unit_id="167040"  common_name="Cefuroxime  suspension 60 mls" is_drug="true"  creator="1"  date_created="2024-03-08 08:08:59"  changed_by="1"  date_changed="2024-03-08 08:08:59"  voided="false" uuid="aa07b5c1-b33f-450d-bbe7-dd0883efff04"  category_id="167042"  expiry_notice="30"/>
    <stockmgmt_stock_item  stock_item_id="148"  drug_id="481"  concept_id="164977"  has_expiration="true"  dispensing_unit_id="162399"  common_name="TLD" is_drug="true"  creator="1"  date_created="2024-03-08 08:08:59"  changed_by="1"  date_changed="2025-03-28 15:50:00"  voided="false" uuid="87317af2-823c-46a9-bab0-6c3a04373cab"  category_id="167042"  expiry_notice="30"/>
    <stockmgmt_stock_item  stock_item_id="149"  drug_id="482"  concept_id="961"  has_expiration="true"  dispensing_unit_id="1608"  common_name="Esomeprazole 20mg" is_drug="true"  creator="1"  date_created="2024-03-08 08:08:59"  changed_by="1"  date_changed="2024-03-08 08:08:59"  voided="false" uuid="685122fd-1128-43ed-b1f6-39f7903cbfe1"  category_id="167042"  expiry_notice="30"/>
    <stockmgmt_stock_item  stock_item_id="150"  drug_id="483"  concept_id="165552"  has_expiration="true"  dispensing_unit_id="1513" is_drug="true"  creator="1"  date_created="2024-03-08 08:09:00"  changed_by="1"  date_changed="2025-02-11 17:12:18"  voided="false" uuid="77e171cb-6bd5-4443-955e-63e7bc8777f5"  category_id="167042"  expiry_notice="30"/>
    <stockmgmt_stock_item  stock_item_id="151"  drug_id="1030"  concept_id="243"  has_expiration="true"  dispensing_unit_id="162353"  common_name="Quinine syrups 100mls for 1" is_drug="true"  creator="1"  date_created="2024-03-08 08:09:00"  changed_by="1"  date_changed="2024-03-08 08:09:00"  voided="false" uuid="43b5d6d1-090f-4433-b374-ffc8321a6cba"  category_id="167042"  expiry_notice="30"/>
    <stockmgmt_stock_item  stock_item_id="152"  drug_id="1031"  concept_id="270"  has_expiration="true"  dispensing_unit_id="162353"  common_name="Tetracycline Hydrochloride Eye Oitment 1% pack of 1" is_drug="true"  creator="1"  date_created="2024-03-08 08:09:00"  changed_by="1"  date_changed="2024-03-08 08:09:00"  voided="false" uuid="667ddf2e-ead1-4e67-ba5b-ba982e09736f"  category_id="167042"  expiry_notice="30"/>
    <stockmgmt_stock_item  stock_item_id="153"  drug_id="1032"  concept_id="329"  has_expiration="true"  dispensing_unit_id="162399"  common_name="Vitamin B complex Tablets" is_drug="true"  creator="1"  date_created="2024-03-08 08:09:00"  changed_by="1"  date_changed="2024-11-12 13:08:06"  voided="false" uuid="9e5b0e4d-d7b1-45ac-bfe8-bb1f1fe7bc51"  category_id="167042"  expiry_notice="30"/>
    <stockmgmt_stock_item  stock_item_id="154"  drug_id="1033"  concept_id="735"  has_expiration="true"  dispensing_unit_id="162398"  common_name="Azithromycin Suspension" is_drug="true"  creator="1"  date_created="2024-03-08 08:09:00"  changed_by="1"  date_changed="2024-03-08 08:09:00"  voided="false" uuid="ae08946e-3e6a-421a-80de-348a27f62e02"  category_id="167042"  expiry_notice="30"/>
    <stockmgmt_stock_item  stock_item_id="155"  drug_id="1034"  concept_id="794"  has_expiration="true"  dispensing_unit_id="162353"  common_name="LPV/r 80mg/20ml oral susp" is_drug="true"  creator="1"  date_created="2024-03-08 08:09:00"  changed_by="1"  date_changed="2024-03-08 08:09:00"  voided="false" uuid="442a7591-8968-4067-9c9f-a38e7cf7d5ba"  category_id="167042"  expiry_notice="30"/>
    <stockmgmt_stock_item  stock_item_id="156"  drug_id="1035"  concept_id="928"  has_expiration="true"  dispensing_unit_id="162335"  common_name="Aminophylinehydrate 25mg/ml for injection" is_drug="true"  creator="1"  date_created="2024-03-08 08:09:00"  changed_by="1"  date_changed="2024-03-08 08:09:00"  voided="false" uuid="4dd0eada-7b21-428d-a94c-aafe2bd00dd5"  category_id="167042"  expiry_notice="30"/>
    <stockmgmt_stock_item  stock_item_id="157"  drug_id="1036"  concept_id="82228"  has_expiration="true"  dispensing_unit_id="162398"  common_name="Podophylin solution 20%" is_drug="true"  creator="1"  date_created="2024-03-08 08:09:00"  changed_by="1"  date_changed="2024-03-08 08:09:00"  voided="false" uuid="07592afd-74b5-4bd2-8fb8-47e4be7f1d7f"  category_id="167042"  expiry_notice="30"/>
    <stockmgmt_stock_item  stock_item_id="158"  drug_id="1037"  concept_id="82912"  has_expiration="true"  dispensing_unit_id="1513"  common_name="Vitamin B6 (Pyridoxine) pack of 1000" is_drug="true"  creator="1"  date_created="2024-03-08 08:09:00"  changed_by="1"  date_changed="2024-03-08 09:56:26"  voided="false" uuid="09817f55-44d6-4af9-9c5c-cdb3f5e1d2b2"  category_id="167042"  expiry_notice="30"/>
    <stockmgmt_stock_item  stock_item_id="159"  drug_id="1038"  concept_id="90168"  has_expiration="true"  dispensing_unit_id="162353"  common_name="Cotrimoxazole suspension 240mg/5ml pack of 100mls" is_drug="true"  creator="1"  date_created="2024-03-08 08:09:00"  changed_by="1"  date_changed="2024-03-08 08:09:00"  voided="false" uuid="95c9863d-53e0-4920-8f2d-a75a388ea132"  category_id="167042"  expiry_notice="30"/>
    <stockmgmt_stock_item  stock_item_id="160"  drug_id="1039"  concept_id="165645"  has_expiration="true"  dispensing_unit_id="167040"  common_name="LIGNOCAINE, 20MG/Ml (2%)" is_drug="true"  creator="1"  date_created="2024-03-08 08:09:00"  changed_by="1"  date_changed="2024-03-08 08:09:00"  voided="false" uuid="e2c829f1-5073-44cd-b9fc-0e865a953c53"  category_id="167042"  expiry_notice="30"/>
    <stockmgmt_stock_item  stock_item_id="161"  drug_id="1040"  concept_id="165707"  has_expiration="true"  dispensing_unit_id="162382"  common_name="Piperacillin/tazobactam 4.5g Vial" is_drug="true"  creator="1"  date_created="2024-03-08 08:09:00"  changed_by="1"  date_changed="2024-03-08 08:09:00"  voided="false" uuid="cd42aede-d91f-4cb5-90ad-7097016a6a4c"  category_id="167042"  expiry_notice="30"/>
    <stockmgmt_stock_item  stock_item_id="162"  drug_id="1041"  concept_id="165743"  has_expiration="true"  dispensing_unit_id="1513"  common_name="Sodium Valproate 200mg pack of 100" is_drug="true"  creator="1"  date_created="2024-03-08 08:09:00"  changed_by="1"  date_changed="2024-03-08 09:57:16"  voided="false" uuid="3fed5b4c-3726-4b9c-b407-387f6a5e3b48"  category_id="167042"  expiry_notice="30"/>
    <stockmgmt_stock_item  stock_item_id="163"  drug_id="1042"  concept_id="175322"  has_expiration="true"  dispensing_unit_id="1513"  common_name="Panadol Extra Pack of 100" is_drug="true"  creator="1"  date_created="2024-03-08 08:09:00"  changed_by="1"  date_changed="2024-07-09 15:43:52"  voided="false" uuid="ba1e3e74-2cb2-4bf6-a884-24a26c0c99c5"  category_id="167042"  expiry_notice="30"/>
    <stockmgmt_stock_item  stock_item_id="164"  drug_id="1043"  concept_id="962"  has_expiration="true"  dispensing_unit_id="1608"  common_name="Itraconazole 100mg" is_drug="true"  creator="1"  date_created="2024-03-08 08:09:00"  changed_by="1"  date_changed="2024-03-08 08:09:00"  voided="false" uuid="f4bcbca0-c00e-4a17-b3a5-ba5988341942"  category_id="167042"  expiry_notice="30"/>
    <stockmgmt_stock_item  stock_item_id="165"  drug_id="1044"  concept_id="175323"  has_expiration="true"  dispensing_unit_id="167040"  common_name="Intamine cream 25mg for 1" is_drug="true"  creator="1"  date_created="2024-03-08 08:09:00"  changed_by="1"  date_changed="2024-03-08 08:09:00"  voided="false" uuid="adb36f00-b5f5-4f04-8aa1-6458dbb046f3"  category_id="167042"  expiry_notice="30"/>
    <stockmgmt_stock_item  stock_item_id="166"  drug_id="1045"  concept_id="74675"  has_expiration="true"  dispensing_unit_id="167040"  common_name="Dextrose  50% for infusion pack of 100ml" is_drug="true"  creator="1"  date_created="2024-03-08 08:09:00"  changed_by="1"  date_changed="2024-03-08 08:09:00"  voided="false" uuid="04f58a88-81cb-4483-91ed-95fe018e7ca3"  category_id="167042"  expiry_notice="30"/>
    <stockmgmt_stock_item  stock_item_id="167"  drug_id="1046"  concept_id="74675"  has_expiration="true"  dispensing_unit_id="162399"  common_name="Dextrose 5% for infusion pack of 500ml" is_drug="true"  creator="1"  date_created="2024-03-08 08:09:00"  changed_by="1"  date_changed="2024-11-14 13:14:52"  voided="false" uuid="58a1e447-f916-4073-8452-c50518b9f64a"  category_id="167042"  expiry_notice="30"/>
    <stockmgmt_stock_item  stock_item_id="168"  drug_id="1047"  concept_id="78617"  has_expiration="true"  dispensing_unit_id="167040"  common_name="Ringers Lactate for infusion pack 500ml" is_drug="true"  creator="1"  date_created="2024-03-08 08:09:00"  changed_by="1"  date_changed="2024-03-08 08:09:00"  voided="false" uuid="32f3b0a2-4904-47f2-b2b7-ea3b7fb67329"  category_id="167042"  expiry_notice="30"/>
    <stockmgmt_stock_item  stock_item_id="169"  drug_id="1048"  concept_id="168101"  has_expiration="true"  dispensing_unit_id="1291"  common_name="TAF/FTC 25/200mg" is_drug="true"  creator="1"  date_created="2024-03-08 08:09:00"  changed_by="1"  date_changed="2024-08-08 17:15:19"  voided="false" uuid="d57be0b6-3b88-4a7f-b2fa-018b0e39163f"  category_id="167042"  expiry_notice="30"/>
    <stockmgmt_stock_item  stock_item_id="170"  drug_id="1049"  concept_id="175325"  has_expiration="true"  dispensing_unit_id="1513"  common_name="TAF/3TC 25/300mg" is_drug="true"  creator="1"  date_created="2024-03-08 08:09:00"  changed_by="1"  date_changed="2024-03-08 08:09:00"  voided="false" uuid="df71641e-ca53-476f-b715-2d8f8b199b70"  category_id="167042"  expiry_notice="30"/>
    <stockmgmt_stock_item  stock_item_id="171"  drug_id="1050"  concept_id="74557"  has_expiration="true"  dispensing_unit_id="162398"  common_name="Desloratidine  5mg" is_drug="true"  creator="1"  date_created="2024-03-08 08:09:00"  changed_by="1"  date_changed="2024-03-08 08:09:00"  voided="false" uuid="081d468f-0399-47ed-9eae-665bf73c9c0e"  category_id="167042"  expiry_notice="30"/>
    <stockmgmt_stock_item  stock_item_id="172"  drug_id="1051"  concept_id="80194"  has_expiration="true"  dispensing_unit_id="167040"  common_name="Mupirocin cream" is_drug="true"  creator="1"  date_created="2024-03-08 08:09:01"  changed_by="1"  date_changed="2024-03-08 08:09:01"  voided="false" uuid="1eca56b7-4d38-46dc-8889-2ec5deeb6d77"  category_id="167042"  expiry_notice="30"/>
    <stockmgmt_stock_item  stock_item_id="173"  drug_id="1052"  concept_id="72848"  has_expiration="true"  dispensing_unit_id="162398"  common_name="Carbimazole 2.5mg/100" is_drug="true"  creator="1"  date_created="2024-03-08 08:09:01"  changed_by="1"  date_changed="2024-03-08 08:09:01"  voided="false" uuid="5d7d1ebc-c796-43fa-a128-be6f0cf4404b"  category_id="167042"  expiry_notice="30"/>
    <stockmgmt_stock_item  stock_item_id="174"  drug_id="1053"  concept_id="76164"  has_expiration="true"  dispensing_unit_id="1608"  common_name="Replenish Plus  pack of 90 Caps" is_drug="true"  creator="1"  date_created="2024-03-08 08:09:01"  changed_by="1"  date_changed="2024-03-08 10:19:38"  voided="false" uuid="20e40893-facc-4691-aff4-9124209efe8a"  category_id="167042"  expiry_notice="30"/>
    <stockmgmt_stock_item  stock_item_id="175"  drug_id="1054"  concept_id="175326"  has_expiration="true"  dispensing_unit_id="167040"  common_name="Chlorine powder in 1000Grams" is_drug="true"  creator="1"  date_created="2024-03-08 08:09:01"  changed_by="1"  date_changed="2024-03-08 08:09:01"  voided="false" uuid="f236946c-d540-4a75-bd77-eb35be4cb786"  category_id="167042"  expiry_notice="30"/>
    <stockmgmt_stock_item  stock_item_id="176"  drug_id="1055"  concept_id="265"  has_expiration="true"  dispensing_unit_id="162353"  common_name="Amoxycillin 125mg/ml pack of 100ml" is_drug="true"  creator="1"  date_created="2024-03-08 08:09:01"  changed_by="1"  date_changed="2024-03-08 08:09:01"  voided="false" uuid="65313090-8515-4596-924c-532f27fbb1c7"  category_id="167042"  expiry_notice="30"/>
    <stockmgmt_stock_item  stock_item_id="177"  drug_id="1056"  concept_id="175327"  has_expiration="true"  dispensing_unit_id="1513"  common_name="QTIB 300/25/800/160mg" is_drug="true"  creator="1"  date_created="2024-03-08 08:09:01"  changed_by="1"  date_changed="2024-03-08 08:09:01"  voided="false" uuid="033b4995-dc61-4aba-bcc3-834187f6d60a"  category_id="167042"  expiry_notice="30"/>
    <stockmgmt_stock_item  stock_item_id="178"  drug_id="1057"  concept_id="78849"  has_expiration="true"  dispensing_unit_id="162398"  common_name="Lidocaine for injection" is_drug="true"  creator="1"  date_created="2024-03-08 08:09:01"  changed_by="1"  date_changed="2024-03-08 08:09:01"  voided="false" uuid="782c4ad3-46fb-45e8-ab9c-e158a0130af8"  category_id="167042"  expiry_notice="30"/>
    <stockmgmt_stock_item  stock_item_id="179"  drug_id="1058"  concept_id="269"  has_expiration="true"  dispensing_unit_id="1608"  common_name="Ampicilin 250mg pack of 100" is_drug="true"  creator="1"  date_created="2024-03-08 08:09:01"  changed_by="1"  date_changed="2024-03-08 09:57:50"  voided="false" uuid="40376879-33ad-40ab-a05c-7f7c88daf221"  category_id="167042"  expiry_notice="30"/>
    <stockmgmt_stock_item  stock_item_id="180"  drug_id="1059"  concept_id="163394"  has_expiration="true"  dispensing_unit_id="162396"  common_name="RUTAFA /Plumpy nut" is_drug="true"  creator="1"  date_created="2024-03-08 08:09:01"  changed_by="1"  date_changed="2024-03-08 08:09:01"  voided="false" uuid="a2039241-6e96-46c1-b79d-84e2ffc8cd98"  category_id="167042"  expiry_notice="30"/>
    <stockmgmt_stock_item  stock_item_id="181"  drug_id="1060"  concept_id="165646"  has_expiration="true"  dispensing_unit_id="162335"  common_name="Inj Andreline (1mg/ml 1 ml Ampoule)" is_drug="true"  creator="1"  date_created="2024-03-08 08:09:01"  changed_by="1"  date_changed="2024-03-08 08:09:01"  voided="false" uuid="471c9779-5d67-4218-aab4-edae88288211"  category_id="167042"  expiry_notice="30"/>
    <stockmgmt_stock_item  stock_item_id="182"  drug_id="1061"  concept_id="175328"  has_expiration="true"  dispensing_unit_id="167040"  common_name="KY Jelly" is_drug="true"  creator="1"  date_created="2024-03-08 08:09:01"  changed_by="1"  date_changed="2024-03-08 08:09:01"  voided="false" uuid="26292692-cc25-434c-9442-d3a3fa07c4e2"  category_id="167042"  expiry_notice="30"/>
    <stockmgmt_stock_item  stock_item_id="183"  drug_id="1062"  concept_id="175329"  has_expiration="true"  dispensing_unit_id="1513"  common_name="TAF/3TC/DTG 25/300/50mg" is_drug="true"  creator="1"  date_created="2024-03-08 08:09:01"  changed_by="1"  date_changed="2024-03-08 08:09:01"  voided="false" uuid="d0534c2f-5b67-417b-b492-48db29660ee7"  category_id="167042"  expiry_notice="30"/>
    <stockmgmt_stock_item  stock_item_id="184"  drug_id="1063"  concept_id="82350"  has_expiration="true"  dispensing_unit_id="162398"  common_name="Potassium chloride" is_drug="true"  creator="1"  date_created="2024-03-08 08:09:01"  changed_by="1"  date_changed="2024-03-08 08:09:01"  voided="false" uuid="82a10d1b-c783-475f-b5a8-119569d3a426"  category_id="167042"  expiry_notice="30"/>
    <stockmgmt_stock_item  stock_item_id="185"  drug_id="1064"  concept_id="779"  has_expiration="true"  dispensing_unit_id="162353"  common_name="Cetirizine suspension 60ml" is_drug="true"  creator="1"  date_created="2024-03-08 08:09:01"  changed_by="1"  date_changed="2024-03-08 08:09:01"  voided="false" uuid="9f2008ea-86cb-4285-901b-0858b769b475"  category_id="167042"  expiry_notice="30"/>
    <stockmgmt_stock_item  stock_item_id="186"  drug_id="1065"  concept_id="175330"  has_expiration="true"  dispensing_unit_id="1513"  common_name="Ibuprofen +Paracetamol pack of 10" is_drug="true"  creator="1"  date_created="2024-03-08 08:09:01"  changed_by="1"  date_changed="2024-03-08 09:58:25"  voided="false" uuid="7c93bcec-2e5a-486d-a0ed-3e1c4d4c839a"  category_id="167042"  expiry_notice="30"/>
    <stockmgmt_stock_item  stock_item_id="187"  drug_id="1066"  concept_id="77029"  has_expiration="true"  dispensing_unit_id="1513"  common_name="Gliclazide 30mg tablets pack of 30" is_drug="true"  creator="1"  date_created="2024-03-08 08:09:01"  changed_by="1"  date_changed="2024-03-08 09:59:05"  voided="false" uuid="14c31084-fb02-4333-9d0d-b452f42a8aea"  category_id="167042"  expiry_notice="30"/>
    <stockmgmt_stock_item  stock_item_id="188"  drug_id="1067"  concept_id="77029"  has_expiration="true"  dispensing_unit_id="1513"  common_name="Gliclazide 80mg tablets pack of 30" is_drug="true"  creator="1"  date_created="2024-03-08 08:09:01"  changed_by="1"  date_changed="2024-03-08 09:59:35"  voided="false" uuid="b7e783e3-b5bd-4498-a746-020ead5162f6"  category_id="167042"  expiry_notice="30"/>
    <stockmgmt_stock_item  stock_item_id="189"  drug_id="1068"  concept_id="86007"  has_expiration="true"  dispensing_unit_id="1513"  common_name="Ursodeoxcholic acid 300mg pack of 50 tabs" is_drug="true"  creator="1"  date_created="2024-03-08 08:09:01"  changed_by="1"  date_changed="2024-03-08 10:00:08"  voided="false" uuid="f4bd2c6f-2e6c-4f81-9cbf-4979a1631cc4"  category_id="167042"  expiry_notice="30"/>
    <stockmgmt_stock_item  stock_item_id="190"  drug_id="1069"  concept_id="279"  has_expiration="true"  dispensing_unit_id="162382"  common_name="Insulin Mixtard 30/70 100 IU/ml" is_drug="true"  creator="1"  date_created="2024-03-08 08:09:01"  changed_by="1"  date_changed="2024-03-08 08:09:01"  voided="false" uuid="e553a9b1-f104-4755-b362-5a3261f6d5d5"  category_id="167042"  expiry_notice="30"/>
    <stockmgmt_stock_item  stock_item_id="191"  drug_id="1070"  concept_id="175331"  has_expiration="true"  dispensing_unit_id="1513"  common_name="Rilpivirine 25mg" is_drug="true"  creator="1"  date_created="2024-03-08 08:09:02"  changed_by="1"  date_changed="2024-03-08 08:09:02"  voided="false" uuid="c50b0437-0099-4a19-8fb7-e2d52009487c"  category_id="167042"  expiry_notice="30"/>
    <stockmgmt_stock_item  stock_item_id="192"  drug_id="391"  concept_id="165730"  has_expiration="true"  dispensing_unit_id="162399"  acronym="RH 150/75"  is_drug="true"  creator="1"  date_created="2024-04-04 15:57:13"  changed_by="1"  date_changed="2024-11-14 13:29:28"  voided="false" uuid="d31e0adc-bea8-470e-b323-3a4515cde1c5"  category_id="167042"  expiry_notice="30"/>
    <stockmgmt_stock_item  stock_item_id="193"  drug_id="193"  concept_id="747"  has_expiration="true"  dispensing_unit_id="162399"  common_name="Fluconazole Suspension 10mg/ml Btl" is_drug="true"  creator="1"  date_created="2024-04-04 16:20:08"  changed_by="1"  date_changed="2024-07-11 14:01:37"  voided="false" uuid="1b6f8332-4b37-4f8d-a052-285c0ad557cf"  category_id="167042"  expiry_notice="30"/>
    <stockmgmt_stock_item  stock_item_id="194"  drug_id="107"  concept_id="165537"  has_expiration="true"  dispensing_unit_id="162399" is_drug="true"  creator="1"  date_created="2024-04-06 17:11:48"  changed_by="1"  date_changed="2024-08-14 15:13:22"  voided="false" uuid="b3f537c1-3f44-4942-82d9-8a336b84f2ce"  category_id="167042"  expiry_notice="30"/>
    <stockmgmt_stock_item  stock_item_id="195"  drug_id="3"  concept_id="814"  has_expiration="true"  dispensing_unit_id="162399"  acronym="ABC 300 mg"  is_drug="true"  creator="1"  date_created="2024-04-06 19:08:26"  changed_by="1"  date_changed="2024-05-08 08:46:35"  voided="false" uuid="b7f5b0b8-897d-4ed4-9e9a-3d7ddca52742"  category_id="167042"  expiry_notice="30"/>
    <stockmgmt_stock_item  stock_item_id="196"  drug_id="227"  concept_id="165621"  has_expiration="true"  dispensing_unit_id="162399"  common_name="Hydrocortisone 100mg Injection" is_drug="true"  creator="1"  date_created="2024-04-06 19:21:30"  changed_by="1"  date_changed="2024-07-11 14:41:05"  voided="false" uuid="d53ba190-fdd3-46d3-83ef-eef430734cad"  category_id="167042"  expiry_notice="30"/>
    <stockmgmt_stock_item  stock_item_id="197"  drug_id="524"  concept_id="166907"  has_expiration="true"  dispensing_unit_id="162399"  acronym="3HP"  is_drug="true"  creator="1"  date_created="2024-04-09 14:30:50"  changed_by="1"  date_changed="2024-08-24 19:22:35"  voided="false" uuid="7dbc9790-b0b4-4abd-bb7b-cec782fe4d50"  category_id="167042"  expiry_notice="30"/>
    <stockmgmt_stock_item  stock_item_id="198"  drug_id="527"  concept_id="737"  has_expiration="true"  dispensing_unit_id="162399" is_drug="true"  creator="1"  date_created="2024-04-09 14:36:05" voided="false" uuid="6e35d711-fa85-45c1-a3c7-10b4883398f2"  category_id="167042"  expiry_notice="30"/>
    <stockmgmt_stock_item  stock_item_id="199"  drug_id="526"  concept_id="237"  has_expiration="true"  dispensing_unit_id="162399"  common_name="Metronidazole Suspension 200mg/5ml (100ml Btl)" is_drug="true"  creator="1"  date_created="2024-04-09 14:37:46"  changed_by="1"  date_changed="2024-07-11 14:32:44"  voided="false" uuid="5302c97b-1416-4b69-8dd7-0cd0f99df515"  category_id="167042"  expiry_notice="30"/>
    <stockmgmt_stock_item  stock_item_id="200"  drug_id="531"  concept_id="163287"  has_expiration="true"  dispensing_unit_id="162399" is_drug="true"  creator="1"  date_created="2024-04-09 14:39:37"  changed_by="1"  date_changed="2024-04-17 16:13:06"  voided="false" uuid="7adb6784-183e-4f38-939c-e2be575e5424"  category_id="167042"  expiry_notice="30"/>
    <stockmgmt_stock_item  stock_item_id="201"  drug_id="529"  concept_id="175383"  has_expiration="true"  dispensing_unit_id="162399" is_drug="true"  creator="1"  date_created="2024-04-09 14:41:29" voided="false" uuid="bf1bb663-4377-4e05-984a-7d7df9b39a54"  category_id="167042" />
    <stockmgmt_stock_item  stock_item_id="202"  drug_id="530"  concept_id="84764"  has_expiration="true"  dispensing_unit_id="162399" is_drug="true"  creator="1"  date_created="2024-04-09 14:42:44"  changed_by="1"  date_changed="2024-08-14 15:01:45"  voided="false" uuid="18e5c19e-74eb-42c7-a139-a9ab22c03fb2"  category_id="167042"  expiry_notice="30"/>
    <stockmgmt_stock_item  stock_item_id="203"  drug_id="528"  concept_id="165746"  has_expiration="true"  dispensing_unit_id="162399" is_drug="true"  creator="1"  date_created="2024-04-09 14:44:12"  changed_by="1"  date_changed="2024-04-17 14:24:33"  voided="false" uuid="934e314b-1c64-46bb-996e-65d9853cdaa4"  category_id="167042"  expiry_notice="30"/>
    <stockmgmt_stock_item  stock_item_id="204"  drug_id="525"  concept_id="165730"  has_expiration="true"  dispensing_unit_id="162399"  acronym="RH 75/50"  is_drug="true"  creator="1"  date_created="2024-04-09 15:03:49"  changed_by="1"  date_changed="2024-08-24 19:11:04"  voided="false" uuid="df50eb1e-c4de-49b0-a9de-4d4ba64cd6ba"  category_id="167042" />
    <stockmgmt_stock_item  stock_item_id="205"  drug_id="167"  concept_id="1242"  has_expiration="true"  dispensing_unit_id="162399"  common_name="Enalapril Tablet 5mg"  acronym="Ena-5"  is_drug="true"  creator="1"  date_created="2024-07-09 15:26:45"  changed_by="1"  date_changed="2024-11-07 10:26:04"  voided="false" uuid="0726976e-fcfd-46ae-a852-2f501dbafd83"  category_id="167042"  expiry_notice="30"/>
    <stockmgmt_stock_item  stock_item_id="206"  drug_id="543"  concept_id="84764"  has_expiration="true"  dispensing_unit_id="162399"  common_name="Telmisartan 80mg" is_drug="true"  creator="1"  date_created="2024-08-24 19:01:29"  changed_by="1"  date_changed="2024-08-24 19:04:25"  voided="false" uuid="c9a7bc23-78c7-4e9a-a579-7dea94fab4e5"  category_id="167042"  expiry_notice="30"/>
    <stockmgmt_stock_item  stock_item_id="207"  drug_id="538"  concept_id="86056"  has_expiration="true"  dispensing_unit_id="162399"  common_name="Valsartn" is_drug="true"  creator="1"  date_created="2025-03-28 13:02:20"  changed_by="1"  date_changed="2025-03-28 13:04:01"  voided="false" uuid="2b738c98-a5f3-4783-9472-930b375ebd58"  category_id="167042"  expiry_notice="60"/>
    <stockmgmt_stock_item  stock_item_id="208"  drug_id="535"  concept_id="1243"  has_expiration="true"  dispensing_unit_id="162399"  common_name="Hydrochlorothiazide 25mg" is_drug="true"  creator="1"  date_created="2025-03-28 13:08:13"  changed_by="1"  date_changed="2025-03-28 13:09:11"  voided="false" uuid="efef8441-3580-49e6-bcad-52ba7679982f"  category_id="167042"  expiry_notice="60"/>
    <stockmgmt_stock_item  stock_item_id="209"  drug_id="282"  concept_id="244"  has_expiration="true"  dispensing_unit_id="162399" is_drug="true"  creator="1"  date_created="2025-03-28 13:35:45"  changed_by="1"  date_changed="2025-03-28 13:37:05"  voided="false" uuid="b4364abc-9a5a-4d9c-96c2-3da67ac3dffd"  category_id="167042"  expiry_notice="60"/>
    <stockmgmt_stock_item  stock_item_id="210"  drug_id="251"  concept_id="926"  has_expiration="true"  dispensing_unit_id="162399"  common_name="Ketoconazole Tablet 200 mg" is_drug="true"  creator="1"  date_created="2025-03-28 13:37:55"  changed_by="1"  date_changed="2025-03-28 13:38:35"  voided="false" uuid="67eb182b-fc5b-4da2-b96a-bc2d9e16fed9"  category_id="167042"  expiry_notice="60"/>
    <stockmgmt_stock_item  stock_item_id="211"  drug_id="56"  concept_id="165504"  has_expiration="true"  dispensing_unit_id="162399"  common_name="Bisacodyl Tablet 5 mg" is_drug="true"  creator="1"  date_created="2025-03-28 13:39:29" voided="false" uuid="897a8730-bf86-4139-a918-a7b8798d47d4"  category_id="167042"  expiry_notice="50"/>
    <stockmgmt_stock_item  stock_item_id="212"  drug_id="96"  concept_id="165532"  has_expiration="true"  dispensing_unit_id="162399"  common_name="Piriton" is_drug="true"  creator="1"  date_created="2025-03-28 13:40:35" voided="false" uuid="80f29aeb-4d39-4308-bd56-1e6d80533ad2"  category_id="167042"  expiry_notice="60"/>
    <stockmgmt_stock_item  stock_item_id="213"  drug_id="220"  concept_id="165619"  has_expiration="true"  dispensing_unit_id="162399"  common_name="Haloperidol Tablet 5 mg" is_drug="true"  creator="1"  date_created="2025-03-28 13:47:35"  changed_by="1"  date_changed="2025-03-28 13:48:54"  voided="false" uuid="4cff4a54-23ce-415e-8daa-d5a77d6c8841"  category_id="167042"  expiry_notice="60"/>
</dataset>
